Pre-caching 2000 clips from splits=['train', 'val', 'test'] with 6 worker(s), MTCNN device=cpu
.\.venv\Scripts\python.exe : 
At line:1 char:337
+ ... -detection; .\.venv\Scripts\python.exe -u -m preprocessing.precache - ...
+                 ~~~~~~~~~~~~~~~~~~~~~~~~~~~~~~~~~~~~~~~~~~~~~~~~~~~~~~~~~
    + CategoryInfo          : NotSpecified: (:String) [], RemoteException
    + FullyQualifiedErrorId : NativeCommandError
 
precache:   0%|          | 0/2000 [00:00<?, ?it/s]
precache:   0%|          | 1/2000 [00:57<32:01:37, 57.68s/it]
precache:   0%|          | 1/2000 [00:57<32:01:37, 57.68s/it, cached=1, failed=0, skipped=0]
precache:   0%|          | 2/2000 [00:57<32:00:39, 57.68s/it, cached=2, failed=0, skipped=0]
precache:   0%|          | 3/2000 [00:57<31:59:41, 57.68s/it, cached=3, failed=0, skipped=0]
precache:   0%|          | 4/2000 [00:57<31:58:44, 57.68s/it, cached=4, failed=0, skipped=0]
precache:   0%|          | 5/2000 [00:57<31:57:46, 57.68s/it, cached=5, failed=0, skipped=0]
precache:   0%|          | 6/2000 [00:57<31:56:48, 57.68s/it, cached=6, failed=0, skipped=0]
precache:   0%|          | 7/2000 [00:59<3:31:18,  6.36s/it, cached=6, failed=0, skipped=0] 
precache:   0%|          | 7/2000 [00:59<3:31:18,  6.36s/it, cached=7, failed=0, skipped=0]
precache:   0%|          | 8/2000 [01:00<2:54:49,  5.27s/it, cached=7, failed=0, skipped=0]
precache:   0%|          | 8/2000 [01:00<2:54:49,  5.27s/it, cached=8, failed=0, skipped=0]
precache:   0%|          | 9/2000 [01:00<2:54:44,  5.27s/it, cached=9, failed=0, skipped=0]
precache:   0%|          | 10/2000 [01:00<2:54:38,  5.27s/it, cached=10, failed=0, skipped=0]
precache:   1%|          | 11/2000 [01:00<1:40:17,  3.03s/it, cached=10, failed=0, skipped=0]
precache:   1%|          | 11/2000 [01:00<1:40:17,  3.03s/it, cached=11, failed=0, skipped=0]
precache:   1%|          | 12/2000 [01:00<1:40:14,  3.03s/it, cached=12, failed=0, skipped=0]
precache:   1%|          | 13/2000 [01:01<1:19:11,  2.39s/it, cached=12, failed=0, skipped=0]
precache:   1%|          | 13/2000 [01:01<1:19:11,  2.39s/it, cached=13, failed=0, skipped=0]
precache:   1%|          | 14/2000 [01:02<1:07:23,  2.04s/it, cached=13, failed=0, skipped=0]
precache:   1%|          | 14/2000 [01:02<1:07:23,  2.04s/it, cached=14, failed=0, skipped=0]
precache:   1%|          | 15/2000 [01:02<1:07:21,  2.04s/it, cached=15, failed=0, skipped=0]
precache:   1%|          | 16/2000 [01:02<45:50,  1.39s/it, cached=15, failed=0, skipped=0]  
precache:   1%|          | 16/2000 [01:02<45:50,  1.39s/it, cached=16, failed=0, skipped=0]
precache:   1%|          | 17/2000 [01:02<45:49,  1.39s/it, cached=17, failed=0, skipped=0]
precache:   1%|          | 18/2000 [01:02<45:47,  1.39s/it, cached=18, failed=0, skipped=0]
precache:   1%|          | 19/2000 [01:04<35:23,  1.07s/it, cached=18, failed=0, skipped=0]
precache:   1%|          | 19/2000 [01:04<35:23,  1.07s/it, cached=19, failed=0, skipped=0]
precache:   1%|          | 20/2000 [01:04<35:22,  1.07s/it, cached=20, failed=0, skipped=0]
precache:   1%|          | 21/2000 [01:04<26:42,  1.23it/s, cached=20, failed=0, skipped=0]
precache:   1%|          | 21/2000 [01:04<26:42,  1.23it/s, cached=21, failed=0, skipped=0]
precache:   1%|          | 22/2000 [01:04<26:41,  1.23it/s, cached=22, failed=0, skipped=0]
precache:   1%|          | 23/2000 [01:05<21:37,  1.52it/s, cached=22, failed=0, skipped=0]
precache:   1%|          | 23/2000 [01:05<21:37,  1.52it/s, cached=23, failed=0, skipped=0]
precache:   1%|          | 24/2000 [01:05<18:32,  1.78it/s, cached=23, failed=0, skipped=0]
precache:   1%|          | 24/2000 [01:05<18:32,  1.78it/s, cached=24, failed=0, skipped=0]
precache:   1%|▏         | 25/2000 [01:06<24:16,  1.36it/s, cached=24, failed=0, skipped=0]
precache:   1%|▏         | 25/2000 [01:06<24:16,  1.36it/s, cached=25, failed=0, skipped=0]
precache:   1%|▏         | 26/2000 [01:06<24:16,  1.36it/s, cached=26, failed=0, skipped=0]
precache:   1%|▏         | 27/2000 [01:06<24:15,  1.36it/s, cached=27, failed=0, skipped=0]
precache:   1%|▏         | 28/2000 [01:06<14:02,  2.34it/s, cached=27, failed=0, skipped=0]
precache:   1%|▏         | 28/2000 [01:06<14:02,  2.34it/s, cached=28, failed=0, skipped=0]
precache:   1%|▏         | 29/2000 [01:06<14:01,  2.34it/s, cached=29, failed=0, skipped=0]
precache:   2%|▏         | 30/2000 [01:07<11:35,  2.83it/s, cached=29, failed=0, skipped=0]
precache:   2%|▏         | 30/2000 [01:07<11:35,  2.83it/s, cached=30, failed=0, skipped=0]
precache:   2%|▏         | 31/2000 [01:08<18:37,  1.76it/s, cached=30, failed=0, skipped=0]
precache:   2%|▏         | 31/2000 [01:08<18:37,  1.76it/s, cached=31, failed=0, skipped=0]
precache:   2%|▏         | 32/2000 [01:08<16:00,  2.05it/s, cached=31, failed=0, skipped=0]
precache:   2%|▏         | 32/2000 [01:08<16:00,  2.05it/s, cached=32, failed=0, skipped=0]
precache:   2%|▏         | 33/2000 [01:08<15:59,  2.05it/s, cached=33, failed=0, skipped=0]
precache:   2%|▏         | 34/2000 [01:09<10:53,  3.01it/s, cached=33, failed=0, skipped=0]
precache:   2%|▏         | 34/2000 [01:09<10:53,  3.01it/s, cached=34, failed=0, skipped=0]
precache:   2%|▏         | 35/2000 [01:09<10:52,  3.01it/s, cached=35, failed=0, skipped=0]
precache:   2%|▏         | 36/2000 [01:09<07:53,  4.15it/s, cached=35, failed=0, skipped=0]
precache:   2%|▏         | 36/2000 [01:09<07:53,  4.15it/s, cached=36, failed=0, skipped=0]
precache:   2%|▏         | 37/2000 [01:10<07:52,  4.15it/s, cached=37, failed=0, skipped=0]
precache:   2%|▏         | 38/2000 [01:11<15:38,  2.09it/s, cached=37, failed=0, skipped=0]
precache:   2%|▏         | 38/2000 [01:11<15:38,  2.09it/s, cached=38, failed=0, skipped=0]
precache:   2%|▏         | 39/2000 [01:11<15:38,  2.09it/s, cached=39, failed=0, skipped=0]
precache:   2%|▏         | 40/2000 [01:11<15:37,  2.09it/s, cached=40, failed=0, skipped=0]
precache:   2%|▏         | 41/2000 [01:11<15:37,  2.09it/s, cached=41, failed=0, skipped=0]
precache:   2%|▏         | 42/2000 [01:11<08:40,  3.76it/s, cached=41, failed=0, skipped=0]
precache:   2%|▏         | 42/2000 [01:11<08:40,  3.76it/s, cached=42, failed=0, skipped=0]
precache:   2%|▏         | 43/2000 [01:12<08:39,  3.76it/s, cached=43, failed=0, skipped=0]
precache:   2%|▏         | 44/2000 [01:12<13:24,  2.43it/s, cached=43, failed=0, skipped=0]
precache:   2%|▏         | 44/2000 [01:12<13:24,  2.43it/s, cached=44, failed=0, skipped=0]
precache:   2%|▏         | 45/2000 [01:12<13:24,  2.43it/s, cached=45, failed=0, skipped=0]
precache:   2%|▏         | 46/2000 [01:13<10:28,  3.11it/s, cached=45, failed=0, skipped=0]
precache:   2%|▏         | 46/2000 [01:13<10:28,  3.11it/s, cached=46, failed=0, skipped=0]
precache:   2%|▏         | 47/2000 [01:13<10:28,  3.11it/s, cached=47, failed=0, skipped=0]
precache:   2%|▏         | 48/2000 [01:13<08:14,  3.95it/s, cached=47, failed=0, skipped=0]
precache:   2%|▏         | 48/2000 [01:13<08:14,  3.95it/s, cached=48, failed=0, skipped=0]
precache:   2%|▏         | 49/2000 [01:14<08:13,  3.95it/s, cached=49, failed=0, skipped=0]
precache:   2%|▎         | 50/2000 [01:14<11:42,  2.77it/s, cached=49, failed=0, skipped=0]
precache:   2%|▎         | 50/2000 [01:14<11:42,  2.77it/s, cached=50, failed=0, skipped=0]
precache:   3%|▎         | 51/2000 [01:14<12:06,  2.68it/s, cached=50, failed=0, skipped=0]
precache:   3%|▎         | 51/2000 [01:14<12:06,  2.68it/s, cached=51, failed=0, skipped=0]
precache:   3%|▎         | 52/2000 [01:14<12:05,  2.68it/s, cached=52, failed=0, skipped=0]
precache:   3%|▎         | 53/2000 [01:14<12:05,  2.68it/s, cached=53, failed=0, skipped=0]
precache:   3%|▎         | 54/2000 [01:15<07:52,  4.12it/s, cached=53, failed=0, skipped=0]
precache:   3%|▎         | 54/2000 [01:15<07:52,  4.12it/s, cached=54, failed=0, skipped=0]
precache:   3%|▎         | 55/2000 [01:16<12:49,  2.53it/s, cached=54, failed=0, skipped=0]
precache:   3%|▎         | 55/2000 [01:16<12:49,  2.53it/s, cached=55, failed=0, skipped=0]
precache:   3%|▎         | 56/2000 [01:17<15:45,  2.06it/s, cached=55, failed=0, skipped=0]
precache:   3%|▎         | 56/2000 [01:17<15:45,  2.06it/s, cached=56, failed=0, skipped=0]
precache:   3%|▎         | 57/2000 [01:17<15:45,  2.06it/s, cached=57, failed=0, skipped=0]
precache:   3%|▎         | 58/2000 [01:17<10:47,  3.00it/s, cached=57, failed=0, skipped=0]
precache:   3%|▎         | 58/2000 [01:17<10:47,  3.00it/s, cached=58, failed=0, skipped=0]
precache:   3%|▎         | 59/2000 [01:17<10:47,  3.00it/s, cached=59, failed=0, skipped=0]
precache:   3%|▎         | 60/2000 [01:17<08:18,  3.89it/s, cached=59, failed=0, skipped=0]
precache:   3%|▎         | 60/2000 [01:17<08:18,  3.89it/s, cached=60, failed=0, skipped=0]
precache:   3%|▎         | 61/2000 [01:17<09:23,  3.44it/s, cached=60, failed=0, skipped=0]
precache:   3%|▎         | 61/2000 [01:17<09:23,  3.44it/s, cached=61, failed=0, skipped=0]
precache:   3%|▎         | 62/2000 [01:19<15:24,  2.10it/s, cached=61, failed=0, skipped=0]
precache:   3%|▎         | 62/2000 [01:19<15:24,  2.10it/s, cached=62, failed=0, skipped=0]
precache:   3%|▎         | 63/2000 [01:19<16:52,  1.91it/s, cached=62, failed=0, skipped=0]
precache:   3%|▎         | 63/2000 [01:19<16:52,  1.91it/s, cached=63, failed=0, skipped=0]
precache:   3%|▎         | 64/2000 [01:19<16:51,  1.91it/s, cached=64, failed=0, skipped=0]
precache:   3%|▎         | 65/2000 [01:19<16:51,  1.91it/s, cached=65, failed=0, skipped=0]
precache:   3%|▎         | 66/2000 [01:19<09:10,  3.51it/s, cached=65, failed=0, skipped=0]
precache:   3%|▎         | 66/2000 [01:19<09:10,  3.51it/s, cached=66, failed=0, skipped=0]
precache:   3%|▎         | 67/2000 [01:20<09:40,  3.33it/s, cached=66, failed=0, skipped=0]
precache:   3%|▎         | 67/2000 [01:20<09:40,  3.33it/s, cached=67, failed=0, skipped=0]
precache:   3%|▎         | 68/2000 [01:20<12:02,  2.67it/s, cached=67, failed=0, skipped=0]
precache:   3%|▎         | 68/2000 [01:20<12:02,  2.67it/s, cached=68, failed=0, skipped=0]
precache:   3%|▎         | 69/2000 [01:21<16:58,  1.90it/s, cached=68, failed=0, skipped=0]
precache:   3%|▎         | 69/2000 [01:21<16:58,  1.90it/s, cached=69, failed=0, skipped=0]
precache:   4%|▎         | 70/2000 [01:21<16:58,  1.90it/s, cached=70, failed=0, skipped=0]
precache:   4%|▎         | 71/2000 [01:22<11:12,  2.87it/s, cached=70, failed=0, skipped=0]
precache:   4%|▎         | 71/2000 [01:22<11:12,  2.87it/s, cached=71, failed=0, skipped=0]
precache:   4%|▎         | 72/2000 [01:22<11:11,  2.87it/s, cached=72, failed=0, skipped=0]
precache:   4%|▎         | 73/2000 [01:22<11:11,  2.87it/s, cached=73, failed=0, skipped=0]
precache:   4%|▎         | 74/2000 [01:22<09:23,  3.42it/s, cached=73, failed=0, skipped=0]
precache:   4%|▎         | 74/2000 [01:22<09:23,  3.42it/s, cached=74, failed=0, skipped=0]
precache:   4%|▍         | 75/2000 [01:23<14:58,  2.14it/s, cached=74, failed=0, skipped=0]
precache:   4%|▍         | 75/2000 [01:23<14:58,  2.14it/s, cached=75, failed=0, skipped=0]
precache:   4%|▍         | 76/2000 [01:24<12:45,  2.51it/s, cached=75, failed=0, skipped=0]
precache:   4%|▍         | 76/2000 [01:24<12:45,  2.51it/s, cached=76, failed=0, skipped=0]
precache:   4%|▍         | 77/2000 [01:24<12:44,  2.51it/s, cached=77, failed=0, skipped=0]
precache:   4%|▍         | 78/2000 [01:24<09:20,  3.43it/s, cached=77, failed=0, skipped=0]
precache:   4%|▍         | 78/2000 [01:24<09:20,  3.43it/s, cached=78, failed=0, skipped=0]
precache:   4%|▍         | 79/2000 [01:24<08:25,  3.80it/s, cached=78, failed=0, skipped=0]
precache:   4%|▍         | 79/2000 [01:24<08:25,  3.80it/s, cached=79, failed=0, skipped=0]
precache:   4%|▍         | 80/2000 [01:24<08:25,  3.80it/s, cached=80, failed=0, skipped=0]
precache:   4%|▍         | 81/2000 [01:25<12:32,  2.55it/s, cached=80, failed=0, skipped=0]
precache:   4%|▍         | 81/2000 [01:25<12:32,  2.55it/s, cached=81, failed=0, skipped=0]
precache:   4%|▍         | 82/2000 [01:25<11:26,  2.80it/s, cached=81, failed=0, skipped=0]
precache:   4%|▍         | 82/2000 [01:25<11:26,  2.80it/s, cached=82, failed=0, skipped=0]
precache:   4%|▍         | 83/2000 [01:26<09:34,  3.34it/s, cached=82, failed=0, skipped=0]
precache:   4%|▍         | 83/2000 [01:26<09:34,  3.34it/s, cached=83, failed=0, skipped=0]
precache:   4%|▍         | 84/2000 [01:26<09:33,  3.34it/s, cached=84, failed=0, skipped=0]
precache:   4%|▍         | 85/2000 [01:26<07:31,  4.24it/s, cached=84, failed=0, skipped=0]
precache:   4%|▍         | 85/2000 [01:26<07:31,  4.24it/s, cached=85, failed=0, skipped=0]
precache:   4%|▍         | 86/2000 [01:26<07:31,  4.24it/s, cached=86, failed=0, skipped=0]
precache:   4%|▍         | 87/2000 [01:27<13:23,  2.38it/s, cached=86, failed=0, skipped=0]
precache:   4%|▍         | 87/2000 [01:27<13:23,  2.38it/s, cached=87, failed=0, skipped=0]
precache:   4%|▍         | 88/2000 [01:27<13:22,  2.38it/s, cached=88, failed=0, skipped=0]
precache:   4%|▍         | 89/2000 [01:27<09:29,  3.35it/s, cached=88, failed=0, skipped=0]
precache:   4%|▍         | 89/2000 [01:27<09:29,  3.35it/s, cached=89, failed=0, skipped=0]
precache:   4%|▍         | 90/2000 [01:27<09:29,  3.35it/s, cached=90, failed=0, skipped=0]
precache:   5%|▍         | 91/2000 [01:28<08:35,  3.71it/s, cached=90, failed=0, skipped=0]
precache:   5%|▍         | 91/2000 [01:28<08:35,  3.71it/s, cached=91, failed=0, skipped=0]
precache:   5%|▍         | 92/2000 [01:28<07:52,  4.04it/s, cached=91, failed=0, skipped=0]
precache:   5%|▍         | 92/2000 [01:28<07:52,  4.04it/s, cached=92, failed=0, skipped=0]
precache:   5%|▍         | 93/2000 [01:29<12:51,  2.47it/s, cached=92, failed=0, skipped=0]
precache:   5%|▍         | 93/2000 [01:29<12:51,  2.47it/s, cached=93, failed=0, skipped=0]
precache:   5%|▍         | 94/2000 [01:29<12:51,  2.47it/s, cached=94, failed=0, skipped=0]
precache:   5%|▍         | 95/2000 [01:29<12:50,  2.47it/s, cached=95, failed=0, skipped=0]
precache:   5%|▍         | 96/2000 [01:29<07:26,  4.27it/s, cached=95, failed=0, skipped=0]
precache:   5%|▍         | 96/2000 [01:29<07:26,  4.27it/s, cached=96, failed=0, skipped=0]
precache:   5%|▍         | 97/2000 [01:29<06:44,  4.71it/s, cached=96, failed=0, skipped=0]
precache:   5%|▍         | 97/2000 [01:29<06:44,  4.71it/s, cached=97, failed=0, skipped=0]
precache:   5%|▍         | 98/2000 [01:30<10:19,  3.07it/s, cached=97, failed=0, skipped=0]
precache:   5%|▍         | 98/2000 [01:30<10:19,  3.07it/s, cached=98, failed=0, skipped=0]
precache:   5%|▍         | 99/2000 [01:31<16:51,  1.88it/s, cached=98, failed=0, skipped=0]
precache:   5%|▍         | 99/2000 [01:31<16:51,  1.88it/s, cached=99, failed=0, skipped=0]
precache:   5%|▌         | 100/2000 [01:32<15:01,  2.11it/s, cached=99, failed=0, skipped=0]
precache:   5%|▌         | 100/2000 [01:32<15:01,  2.11it/s, cached=100, failed=0, skipped=0]
precache:   5%|▌         | 101/2000 [01:32<15:01,  2.11it/s, cached=101, failed=0, skipped=0]
precache:   5%|▌         | 102/2000 [01:32<10:38,  2.97it/s, cached=101, failed=0, skipped=0]
precache:   5%|▌         | 102/2000 [01:32<10:38,  2.97it/s, cached=102, failed=0, skipped=0]
precache:   5%|▌         | 103/2000 [01:32<09:36,  3.29it/s, cached=102, failed=0, skipped=0]
precache:   5%|▌         | 103/2000 [01:32<09:36,  3.29it/s, cached=103, failed=0, skipped=0]
precache:   5%|▌         | 104/2000 [01:32<10:16,  3.07it/s, cached=103, failed=0, skipped=0]
precache:   5%|▌         | 104/2000 [01:32<10:16,  3.07it/s, cached=104, failed=0, skipped=0]
precache:   5%|▌         | 105/2000 [01:33<12:24,  2.55it/s, cached=104, failed=0, skipped=0]
precache:   5%|▌         | 105/2000 [01:33<12:24,  2.55it/s, cached=105, failed=0, skipped=0]
precache:   5%|▌         | 106/2000 [01:33<12:23,  2.55it/s, cached=106, failed=0, skipped=0]
precache:   5%|▌         | 107/2000 [01:33<07:48,  4.04it/s, cached=106, failed=0, skipped=0]
precache:   5%|▌         | 107/2000 [01:33<07:48,  4.04it/s, cached=107, failed=0, skipped=0]
precache:   5%|▌         | 108/2000 [01:33<07:49,  4.03it/s, cached=107, failed=0, skipped=0]
precache:   5%|▌         | 108/2000 [01:33<07:49,  4.03it/s, cached=108, failed=0, skipped=0]
precache:   5%|▌         | 109/2000 [01:34<08:04,  3.90it/s, cached=108, failed=0, skipped=0]
precache:   5%|▌         | 109/2000 [01:34<08:04,  3.90it/s, cached=109, failed=0, skipped=0]
precache:   6%|▌         | 110/2000 [01:34<12:43,  2.48it/s, cached=109, failed=0, skipped=0]
precache:   6%|▌         | 110/2000 [01:34<12:43,  2.48it/s, cached=110, failed=0, skipped=0]
precache:   6%|▌         | 111/2000 [01:35<10:54,  2.89it/s, cached=110, failed=0, skipped=0]
precache:   6%|▌         | 111/2000 [01:35<10:54,  2.89it/s, cached=111, failed=0, skipped=0]
precache:   6%|▌         | 112/2000 [01:35<13:21,  2.35it/s, cached=111, failed=0, skipped=0]
precache:   6%|▌         | 112/2000 [01:35<13:21,  2.35it/s, cached=112, failed=0, skipped=0]
precache:   6%|▌         | 113/2000 [01:35<13:21,  2.35it/s, cached=113, failed=0, skipped=0]
precache:   6%|▌         | 114/2000 [01:35<08:09,  3.85it/s, cached=113, failed=0, skipped=0]
precache:   6%|▌         | 114/2000 [01:35<08:09,  3.85it/s, cached=114, failed=0, skipped=0]
precache:   6%|▌         | 115/2000 [01:36<07:59,  3.93it/s, cached=114, failed=0, skipped=0]
precache:   6%|▌         | 115/2000 [01:36<07:59,  3.93it/s, cached=115, failed=0, skipped=0]
precache:   6%|▌         | 116/2000 [01:36<11:53,  2.64it/s, cached=115, failed=0, skipped=0]
precache:   6%|▌         | 116/2000 [01:36<11:53,  2.64it/s, cached=116, failed=0, skipped=0]
precache:   6%|▌         | 117/2000 [01:37<12:21,  2.54it/s, cached=116, failed=0, skipped=0]
precache:   6%|▌         | 117/2000 [01:37<12:21,  2.54it/s, cached=117, failed=0, skipped=0]
precache:   6%|▌         | 118/2000 [01:37<11:44,  2.67it/s, cached=117, failed=0, skipped=0]
precache:   6%|▌         | 118/2000 [01:37<11:44,  2.67it/s, cached=118, failed=0, skipped=0]
precache:   6%|▌         | 119/2000 [01:37<09:43,  3.22it/s, cached=118, failed=0, skipped=0]
precache:   6%|▌         | 119/2000 [01:37<09:43,  3.22it/s, cached=119, failed=0, skipped=0]
precache:   6%|▌         | 120/2000 [01:37<07:54,  3.96it/s, cached=119, failed=0, skipped=0]
precache:   6%|▌         | 120/2000 [01:37<07:54,  3.96it/s, cached=120, failed=0, skipped=0]
precache:   6%|▌         | 121/2000 [01:37<07:54,  3.96it/s, cached=121, failed=0, skipped=0]
precache:   6%|▌         | 122/2000 [01:39<15:09,  2.07it/s, cached=121, failed=0, skipped=0]
precache:   6%|▌         | 122/2000 [01:39<15:09,  2.07it/s, cached=122, failed=0, skipped=0]
precache:   6%|▌         | 123/2000 [01:41<29:11,  1.07it/s, cached=122, failed=0, skipped=0]
precache:   6%|▌         | 123/2000 [01:41<29:11,  1.07it/s, cached=123, failed=0, skipped=0]
precache:   6%|▌         | 124/2000 [01:42<28:39,  1.09it/s, cached=123, failed=0, skipped=0]
precache:   6%|▌         | 124/2000 [01:42<28:39,  1.09it/s, cached=124, failed=0, skipped=0]
precache:   6%|▋         | 125/2000 [01:43<31:35,  1.01s/it, cached=124, failed=0, skipped=0]
precache:   6%|▋         | 125/2000 [01:43<31:35,  1.01s/it, cached=125, failed=0, skipped=0]
precache:   6%|▋         | 126/2000 [01:44<26:29,  1.18it/s, cached=125, failed=0, skipped=0]
precache:   6%|▋         | 126/2000 [01:44<26:29,  1.18it/s, cached=126, failed=0, skipped=0]
precache:   6%|▋         | 127/2000 [01:44<26:28,  1.18it/s, cached=127, failed=0, skipped=0]
precache:   6%|▋         | 128/2000 [01:46<27:46,  1.12it/s, cached=127, failed=0, skipped=0]
precache:   6%|▋         | 128/2000 [01:46<27:46,  1.12it/s, cached=128, failed=0, skipped=0]
precache:   6%|▋         | 129/2000 [01:46<26:12,  1.19it/s, cached=128, failed=0, skipped=0]
precache:   6%|▋         | 129/2000 [01:46<26:12,  1.19it/s, cached=129, failed=0, skipped=0]
precache:   6%|▋         | 130/2000 [01:46<26:11,  1.19it/s, cached=130, failed=0, skipped=0]
precache:   7%|▋         | 131/2000 [01:46<16:20,  1.91it/s, cached=130, failed=0, skipped=0]
precache:   7%|▋         | 131/2000 [01:46<16:20,  1.91it/s, cached=131, failed=0, skipped=0]
precache:   7%|▋         | 132/2000 [01:47<18:50,  1.65it/s, cached=131, failed=0, skipped=0]
precache:   7%|▋         | 132/2000 [01:47<18:50,  1.65it/s, cached=132, failed=0, skipped=0]
precache:   7%|▋         | 133/2000 [01:47<18:50,  1.65it/s, cached=133, failed=0, skipped=0]
precache:   7%|▋         | 134/2000 [01:48<18:14,  1.70it/s, cached=133, failed=0, skipped=0]
precache:   7%|▋         | 134/2000 [01:48<18:14,  1.70it/s, cached=134, failed=0, skipped=0]
precache:   7%|▋         | 135/2000 [01:49<17:44,  1.75it/s, cached=134, failed=0, skipped=0]
precache:   7%|▋         | 135/2000 [01:49<17:44,  1.75it/s, cached=135, failed=0, skipped=0]
precache:   7%|▋         | 136/2000 [01:49<17:44,  1.75it/s, cached=136, failed=0, skipped=0]
precache:   7%|▋         | 137/2000 [01:50<14:31,  2.14it/s, cached=136, failed=0, skipped=0]
precache:   7%|▋         | 137/2000 [01:50<14:31,  2.14it/s, cached=137, failed=0, skipped=0]
precache:   7%|▋         | 138/2000 [01:50<14:30,  2.14it/s, cached=138, failed=0, skipped=0]
precache:   7%|▋         | 139/2000 [01:50<14:30,  2.14it/s, cached=139, failed=0, skipped=0]
precache:   7%|▋         | 140/2000 [01:51<12:28,  2.48it/s, cached=139, failed=0, skipped=0]
precache:   7%|▋         | 140/2000 [01:51<12:28,  2.48it/s, cached=140, failed=0, skipped=0]
precache:   7%|▋         | 141/2000 [01:51<11:09,  2.78it/s, cached=140, failed=0, skipped=0]
precache:   7%|▋         | 141/2000 [01:51<11:09,  2.78it/s, cached=141, failed=0, skipped=0]
precache:   7%|▋         | 142/2000 [01:58<57:27,  1.86s/it, cached=141, failed=0, skipped=0]
precache:   7%|▋         | 142/2000 [01:58<57:27,  1.86s/it, cached=142, failed=0, skipped=0]
precache:   7%|▋         | 143/2000 [01:59<48:03,  1.55s/it, cached=142, failed=0, skipped=0]
precache:   7%|▋         | 143/2000 [01:59<48:03,  1.55s/it, cached=143, failed=0, skipped=0]
precache:   7%|▋         | 144/2000 [01:59<38:07,  1.23s/it, cached=143, failed=0, skipped=0]
precache:   7%|▋         | 144/2000 [01:59<38:07,  1.23s/it, cached=144, failed=0, skipped=0]
precache:   7%|▋         | 145/2000 [01:59<38:06,  1.23s/it, cached=145, failed=0, skipped=0]
precache:   7%|▋         | 146/2000 [01:59<38:04,  1.23s/it, cached=146, failed=0, skipped=0]
precache:   7%|▋         | 147/2000 [02:00<20:49,  1.48it/s, cached=146, failed=0, skipped=0]
precache:   7%|▋         | 147/2000 [02:00<20:49,  1.48it/s, cached=147, failed=0, skipped=0]
precache:   7%|▋         | 148/2000 [02:00<20:52,  1.48it/s, cached=147, failed=0, skipped=0]
precache:   7%|▋         | 148/2000 [02:00<20:52,  1.48it/s, cached=148, failed=0, skipped=0]
precache:   7%|▋         | 149/2000 [02:01<22:45,  1.36it/s, cached=148, failed=0, skipped=0]
precache:   7%|▋         | 149/2000 [02:01<22:45,  1.36it/s, cached=149, failed=0, skipped=0]
precache:   8%|▊         | 150/2000 [02:02<21:23,  1.44it/s, cached=149, failed=0, skipped=0]
precache:   8%|▊         | 150/2000 [02:02<21:23,  1.44it/s, cached=150, failed=0, skipped=0]
precache:   8%|▊         | 151/2000 [02:02<21:23,  1.44it/s, cached=151, failed=0, skipped=0]
precache:   8%|▊         | 152/2000 [02:02<21:22,  1.44it/s, cached=152, failed=0, skipped=0]
precache:   8%|▊         | 153/2000 [02:02<13:44,  2.24it/s, cached=152, failed=0, skipped=0]
precache:   8%|▊         | 153/2000 [02:02<13:44,  2.24it/s, cached=153, failed=0, skipped=0]
precache:   8%|▊         | 154/2000 [02:02<13:44,  2.24it/s, cached=154, failed=0, skipped=0]
precache:   8%|▊         | 155/2000 [02:04<18:59,  1.62it/s, cached=154, failed=0, skipped=0]
precache:   8%|▊         | 155/2000 [02:04<18:59,  1.62it/s, cached=155, failed=0, skipped=0]
precache:   8%|▊         | 156/2000 [02:04<18:58,  1.62it/s, cached=156, failed=0, skipped=0]
precache:   8%|▊         | 157/2000 [02:04<18:58,  1.62it/s, cached=157, failed=0, skipped=0]
precache:   8%|▊         | 158/2000 [02:05<11:51,  2.59it/s, cached=157, failed=0, skipped=0]
precache:   8%|▊         | 158/2000 [02:05<11:51,  2.59it/s, cached=158, failed=0, skipped=0]
precache:   8%|▊         | 159/2000 [02:05<10:33,  2.91it/s, cached=158, failed=0, skipped=0]
precache:   8%|▊         | 159/2000 [02:05<10:33,  2.91it/s, cached=159, failed=0, skipped=0]
precache:   8%|▊         | 160/2000 [02:05<10:33,  2.91it/s, cached=160, failed=0, skipped=0]
precache:   8%|▊         | 161/2000 [02:06<15:51,  1.93it/s, cached=160, failed=0, skipped=0]
precache:   8%|▊         | 161/2000 [02:06<15:51,  1.93it/s, cached=161, failed=0, skipped=0]
precache:   8%|▊         | 162/2000 [02:06<15:50,  1.93it/s, cached=162, failed=0, skipped=0]
precache:   8%|▊         | 163/2000 [02:07<12:07,  2.52it/s, cached=162, failed=0, skipped=0]
precache:   8%|▊         | 163/2000 [02:07<12:07,  2.52it/s, cached=163, failed=0, skipped=0]
precache:   8%|▊         | 164/2000 [02:07<12:07,  2.52it/s, cached=164, failed=0, skipped=0]
precache:   8%|▊         | 165/2000 [02:07<12:06,  2.52it/s, cached=165, failed=0, skipped=0]
precache:   8%|▊         | 166/2000 [02:08<11:27,  2.67it/s, cached=165, failed=0, skipped=0]
precache:   8%|▊         | 166/2000 [02:08<11:27,  2.67it/s, cached=166, failed=0, skipped=0]
precache:   8%|▊         | 167/2000 [02:10<18:23,  1.66it/s, cached=166, failed=0, skipped=0]
precache:   8%|▊         | 167/2000 [02:10<18:23,  1.66it/s, cached=167, failed=0, skipped=0]
precache:   8%|▊         | 168/2000 [02:10<16:15,  1.88it/s, cached=167, failed=0, skipped=0]
precache:   8%|▊         | 168/2000 [02:10<16:15,  1.88it/s, cached=168, failed=0, skipped=0]
precache:   8%|▊         | 169/2000 [02:10<16:14,  1.88it/s, cached=169, failed=0, skipped=0]
precache:   8%|▊         | 170/2000 [02:10<16:14,  1.88it/s, cached=170, failed=0, skipped=0]
precache:   9%|▊         | 171/2000 [02:11<13:23,  2.28it/s, cached=170, failed=0, skipped=0]
precache:   9%|▊         | 171/2000 [02:11<13:23,  2.28it/s, cached=171, failed=0, skipped=0]
precache:   9%|▊         | 172/2000 [02:11<13:40,  2.23it/s, cached=171, failed=0, skipped=0]
precache:   9%|▊         | 172/2000 [02:11<13:40,  2.23it/s, cached=172, failed=0, skipped=0]
precache:   9%|▊         | 173/2000 [02:11<11:34,  2.63it/s, cached=172, failed=0, skipped=0]
precache:   9%|▊         | 173/2000 [02:11<11:34,  2.63it/s, cached=173, failed=0, skipped=0]
precache:   9%|▊         | 174/2000 [02:12<11:37,  2.62it/s, cached=173, failed=0, skipped=0]
precache:   9%|▊         | 174/2000 [02:12<11:37,  2.62it/s, cached=174, failed=0, skipped=0]
precache:   9%|▉         | 175/2000 [02:13<16:08,  1.88it/s, cached=174, failed=0, skipped=0]
precache:   9%|▉         | 175/2000 [02:13<16:08,  1.88it/s, cached=175, failed=0, skipped=0]
precache:   9%|▉         | 176/2000 [02:13<16:08,  1.88it/s, cached=176, failed=0, skipped=0]
precache:   9%|▉         | 177/2000 [02:13<12:18,  2.47it/s, cached=176, failed=0, skipped=0]
precache:   9%|▉         | 177/2000 [02:13<12:18,  2.47it/s, cached=177, failed=0, skipped=0]
precache:   9%|▉         | 178/2000 [02:13<10:26,  2.91it/s, cached=177, failed=0, skipped=0]
precache:   9%|▉         | 178/2000 [02:13<10:26,  2.91it/s, cached=178, failed=0, skipped=0]
precache:   9%|▉         | 179/2000 [02:13<09:12,  3.30it/s, cached=178, failed=0, skipped=0]
precache:   9%|▉         | 179/2000 [02:13<09:12,  3.30it/s, cached=179, failed=0, skipped=0]
precache:   9%|▉         | 180/2000 [02:14<08:39,  3.50it/s, cached=179, failed=0, skipped=0]
precache:   9%|▉         | 180/2000 [02:14<08:39,  3.50it/s, cached=180, failed=0, skipped=0]
precache:   9%|▉         | 181/2000 [02:15<16:38,  1.82it/s, cached=180, failed=0, skipped=0]
precache:   9%|▉         | 181/2000 [02:15<16:38,  1.82it/s, cached=181, failed=0, skipped=0]
precache:   9%|▉         | 182/2000 [02:15<16:38,  1.82it/s, cached=182, failed=0, skipped=0]
precache:   9%|▉         | 183/2000 [02:15<11:38,  2.60it/s, cached=182, failed=0, skipped=0]
precache:   9%|▉         | 183/2000 [02:15<11:38,  2.60it/s, cached=183, failed=0, skipped=0]
precache:   9%|▉         | 184/2000 [02:16<11:10,  2.71it/s, cached=183, failed=0, skipped=0]
precache:   9%|▉         | 184/2000 [02:16<11:10,  2.71it/s, cached=184, failed=0, skipped=0]
precache:   9%|▉         | 185/2000 [02:16<13:13,  2.29it/s, cached=184, failed=0, skipped=0]
precache:   9%|▉         | 185/2000 [02:16<13:13,  2.29it/s, cached=185, failed=0, skipped=0]
precache:   9%|▉         | 186/2000 [02:16<13:12,  2.29it/s, cached=186, failed=0, skipped=0]
precache:   9%|▉         | 187/2000 [02:17<12:12,  2.48it/s, cached=186, failed=0, skipped=0]
precache:   9%|▉         | 187/2000 [02:17<12:12,  2.48it/s, cached=187, failed=0, skipped=0]
precache:   9%|▉         | 188/2000 [02:17<12:11,  2.48it/s, cached=188, failed=0, skipped=0]
precache:   9%|▉         | 189/2000 [02:18<11:28,  2.63it/s, cached=188, failed=0, skipped=0]
precache:   9%|▉         | 189/2000 [02:18<11:28,  2.63it/s, cached=189, failed=0, skipped=0]
precache:  10%|▉         | 190/2000 [02:18<11:21,  2.65it/s, cached=189, failed=0, skipped=0]
precache:  10%|▉         | 190/2000 [02:18<11:21,  2.65it/s, cached=190, failed=0, skipped=0]
precache:  10%|▉         | 191/2000 [02:19<12:52,  2.34it/s, cached=190, failed=0, skipped=0]
precache:  10%|▉         | 191/2000 [02:19<12:52,  2.34it/s, cached=191, failed=0, skipped=0]
precache:  10%|▉         | 192/2000 [02:19<12:52,  2.34it/s, cached=192, failed=0, skipped=0]
precache:  10%|▉         | 193/2000 [02:19<08:35,  3.50it/s, cached=192, failed=0, skipped=0]
precache:  10%|▉         | 193/2000 [02:19<08:35,  3.50it/s, cached=193, failed=0, skipped=0]
precache:  10%|▉         | 194/2000 [02:19<08:35,  3.50it/s, cached=194, failed=0, skipped=0]
precache:  10%|▉         | 195/2000 [02:20<13:54,  2.16it/s, cached=194, failed=0, skipped=0]
precache:  10%|▉         | 195/2000 [02:20<13:54,  2.16it/s, cached=195, failed=0, skipped=0]
precache:  10%|▉         | 196/2000 [02:21<13:40,  2.20it/s, cached=195, failed=0, skipped=0]
precache:  10%|▉         | 196/2000 [02:21<13:40,  2.20it/s, cached=196, failed=0, skipped=0]
precache:  10%|▉         | 197/2000 [02:21<13:40,  2.20it/s, cached=197, failed=0, skipped=0]
precache:  10%|▉         | 198/2000 [02:21<13:39,  2.20it/s, cached=198, failed=0, skipped=0]
precache:  10%|▉         | 199/2000 [02:21<07:50,  3.83it/s, cached=198, failed=0, skipped=0]
precache:  10%|▉         | 199/2000 [02:21<07:50,  3.83it/s, cached=199, failed=0, skipped=0]
precache:  10%|█         | 200/2000 [02:21<07:50,  3.83it/s, cached=200, failed=0, skipped=0]
precache:  10%|█         | 201/2000 [02:23<14:38,  2.05it/s, cached=200, failed=0, skipped=0]
precache:  10%|█         | 201/2000 [02:23<14:38,  2.05it/s, cached=201, failed=0, skipped=0]
precache:  10%|█         | 202/2000 [02:23<14:37,  2.05it/s, cached=202, failed=0, skipped=0]
precache:  10%|█         | 203/2000 [02:23<11:16,  2.66it/s, cached=202, failed=0, skipped=0]
precache:  10%|█         | 203/2000 [02:23<11:16,  2.66it/s, cached=203, failed=0, skipped=0]
precache:  10%|█         | 204/2000 [02:23<11:16,  2.66it/s, cached=204, failed=0, skipped=0]
precache:  10%|█         | 205/2000 [02:23<11:15,  2.66it/s, cached=205, failed=0, skipped=0]
precache:  10%|█         | 206/2000 [02:24<08:46,  3.40it/s, cached=205, failed=0, skipped=0]
precache:  10%|█         | 206/2000 [02:24<08:46,  3.40it/s, cached=206, failed=0, skipped=0]
precache:  10%|█         | 207/2000 [02:25<13:24,  2.23it/s, cached=206, failed=0, skipped=0]
precache:  10%|█         | 207/2000 [02:25<13:24,  2.23it/s, cached=207, failed=0, skipped=0]
precache:  10%|█         | 208/2000 [02:25<13:23,  2.23it/s, cached=208, failed=0, skipped=0]
precache:  10%|█         | 209/2000 [02:25<09:52,  3.02it/s, cached=208, failed=0, skipped=0]
precache:  10%|█         | 209/2000 [02:25<09:52,  3.02it/s, cached=209, failed=0, skipped=0]
precache:  10%|█         | 210/2000 [02:25<09:52,  3.02it/s, cached=210, failed=0, skipped=0]
precache:  11%|█         | 211/2000 [02:25<09:52,  3.02it/s, cached=211, failed=0, skipped=0]
precache:  11%|█         | 212/2000 [02:26<08:24,  3.55it/s, cached=211, failed=0, skipped=0]
precache:  11%|█         | 212/2000 [02:26<08:24,  3.55it/s, cached=212, failed=0, skipped=0]
precache:  11%|█         | 213/2000 [02:27<15:37,  1.91it/s, cached=212, failed=0, skipped=0]
precache:  11%|█         | 213/2000 [02:27<15:37,  1.91it/s, cached=213, failed=0, skipped=0]
precache:  11%|█         | 214/2000 [02:28<13:24,  2.22it/s, cached=213, failed=0, skipped=0]
precache:  11%|█         | 214/2000 [02:28<13:24,  2.22it/s, cached=214, failed=0, skipped=0]
precache:  11%|█         | 215/2000 [02:28<13:23,  2.22it/s, cached=215, failed=0, skipped=0]
precache:  11%|█         | 216/2000 [02:28<13:23,  2.22it/s, cached=216, failed=0, skipped=0]
precache:  11%|█         | 217/2000 [02:28<08:11,  3.62it/s, cached=216, failed=0, skipped=0]
precache:  11%|█         | 217/2000 [02:28<08:11,  3.62it/s, cached=217, failed=0, skipped=0]
precache:  11%|█         | 218/2000 [02:28<08:13,  3.61it/s, cached=217, failed=0, skipped=0]
precache:  11%|█         | 218/2000 [02:28<08:13,  3.61it/s, cached=218, failed=0, skipped=0]
precache:  11%|█         | 219/2000 [02:29<14:34,  2.04it/s, cached=218, failed=0, skipped=0]
precache:  11%|█         | 219/2000 [02:29<14:34,  2.04it/s, cached=219, failed=0, skipped=0]
precache:  11%|█         | 220/2000 [02:29<14:33,  2.04it/s, cached=220, failed=0, skipped=0]
precache:  11%|█         | 221/2000 [02:29<09:58,  2.97it/s, cached=220, failed=0, skipped=0]
precache:  11%|█         | 221/2000 [02:29<09:58,  2.97it/s, cached=221, failed=0, skipped=0]
precache:  11%|█         | 222/2000 [02:30<09:57,  2.97it/s, cached=222, failed=0, skipped=0]
precache:  11%|█         | 223/2000 [02:30<09:57,  2.97it/s, cached=223, failed=0, skipped=0]
precache:  11%|█         | 224/2000 [02:30<06:52,  4.30it/s, cached=223, failed=0, skipped=0]
precache:  11%|█         | 224/2000 [02:30<06:52,  4.30it/s, cached=224, failed=0, skipped=0]
precache:  11%|█▏        | 225/2000 [02:30<08:39,  3.41it/s, cached=224, failed=0, skipped=0]
precache:  11%|█▏        | 225/2000 [02:30<08:39,  3.41it/s, cached=225, failed=0, skipped=0]
precache:  11%|█▏        | 226/2000 [02:32<19:01,  1.55it/s, cached=225, failed=0, skipped=0]
precache:  11%|█▏        | 226/2000 [02:32<19:01,  1.55it/s, cached=226, failed=0, skipped=0]
precache:  11%|█▏        | 227/2000 [02:33<19:01,  1.55it/s, cached=227, failed=0, skipped=0]
precache:  11%|█▏        | 228/2000 [02:33<13:09,  2.24it/s, cached=227, failed=0, skipped=0]
precache:  11%|█▏        | 228/2000 [02:33<13:09,  2.24it/s, cached=228, failed=0, skipped=0]
precache:  11%|█▏        | 229/2000 [02:33<13:08,  2.24it/s, cached=229, failed=0, skipped=0]
precache:  12%|█▏        | 230/2000 [02:33<09:17,  3.18it/s, cached=229, failed=0, skipped=0]
precache:  12%|█▏        | 230/2000 [02:33<09:17,  3.18it/s, cached=230, failed=0, skipped=0]
precache:  12%|█▏        | 231/2000 [02:33<09:17,  3.18it/s, cached=231, failed=0, skipped=0]
precache:  12%|█▏        | 232/2000 [02:34<13:22,  2.20it/s, cached=231, failed=0, skipped=0]
precache:  12%|█▏        | 232/2000 [02:34<13:22,  2.20it/s, cached=232, failed=0, skipped=0]
precache:  12%|█▏        | 233/2000 [02:34<13:22,  2.20it/s, cached=233, failed=0, skipped=0]
precache:  12%|█▏        | 234/2000 [02:34<13:21,  2.20it/s, cached=234, failed=0, skipped=0]
precache:  12%|█▏        | 235/2000 [02:35<09:56,  2.96it/s, cached=234, failed=0, skipped=0]
precache:  12%|█▏        | 235/2000 [02:35<09:56,  2.96it/s, cached=235, failed=0, skipped=0]
precache:  12%|█▏        | 236/2000 [02:35<09:41,  3.03it/s, cached=235, failed=0, skipped=0]
precache:  12%|█▏        | 236/2000 [02:35<09:41,  3.03it/s, cached=236, failed=0, skipped=0]
precache:  12%|█▏        | 237/2000 [02:35<09:41,  3.03it/s, cached=237, failed=0, skipped=0]
precache:  12%|█▏        | 238/2000 [02:36<12:21,  2.38it/s, cached=237, failed=0, skipped=0]
precache:  12%|█▏        | 238/2000 [02:36<12:21,  2.38it/s, cached=238, failed=0, skipped=0]
precache:  12%|█▏        | 239/2000 [02:36<12:20,  2.38it/s, cached=239, failed=0, skipped=0]
precache:  12%|█▏        | 240/2000 [02:37<10:38,  2.75it/s, cached=239, failed=0, skipped=0]
precache:  12%|█▏        | 240/2000 [02:37<10:38,  2.75it/s, cached=240, failed=0, skipped=0]
precache:  12%|█▏        | 241/2000 [02:37<09:24,  3.12it/s, cached=240, failed=0, skipped=0]
precache:  12%|█▏        | 241/2000 [02:37<09:24,  3.12it/s, cached=241, failed=0, skipped=0]
precache:  12%|█▏        | 242/2000 [02:37<10:15,  2.86it/s, cached=241, failed=0, skipped=0]
precache:  12%|█▏        | 242/2000 [02:37<10:15,  2.86it/s, cached=242, failed=0, skipped=0]
precache:  12%|█▏        | 243/2000 [02:38<09:15,  3.16it/s, cached=242, failed=0, skipped=0]
precache:  12%|█▏        | 243/2000 [02:38<09:15,  3.16it/s, cached=243, failed=0, skipped=0]
precache:  12%|█▏        | 244/2000 [02:39<14:47,  1.98it/s, cached=243, failed=0, skipped=0]
precache:  12%|█▏        | 244/2000 [02:39<14:47,  1.98it/s, cached=244, failed=0, skipped=0]
precache:  12%|█▏        | 245/2000 [02:39<14:46,  1.98it/s, cached=245, failed=0, skipped=0]
precache:  12%|█▏        | 246/2000 [02:39<10:17,  2.84it/s, cached=245, failed=0, skipped=0]
precache:  12%|█▏        | 246/2000 [02:39<10:17,  2.84it/s, cached=246, failed=0, skipped=0]
precache:  12%|█▏        | 247/2000 [02:39<09:37,  3.03it/s, cached=246, failed=0, skipped=0]
precache:  12%|█▏        | 247/2000 [02:39<09:37,  3.03it/s, cached=247, failed=0, skipped=0]
precache:  12%|█▏        | 248/2000 [02:39<08:33,  3.41it/s, cached=247, failed=0, skipped=0]
precache:  12%|█▏        | 248/2000 [02:39<08:33,  3.41it/s, cached=248, failed=0, skipped=0]
precache:  12%|█▏        | 249/2000 [02:40<08:56,  3.26it/s, cached=248, failed=0, skipped=0]
precache:  12%|█▏        | 249/2000 [02:40<08:56,  3.26it/s, cached=249, failed=0, skipped=0]
precache:  12%|█▎        | 250/2000 [02:40<12:09,  2.40it/s, cached=249, failed=0, skipped=0]
precache:  12%|█▎        | 250/2000 [02:40<12:09,  2.40it/s, cached=250, failed=0, skipped=0]
precache:  13%|█▎        | 251/2000 [02:41<12:46,  2.28it/s, cached=250, failed=0, skipped=0]
precache:  13%|█▎        | 251/2000 [02:41<12:46,  2.28it/s, cached=251, failed=0, skipped=0]
precache:  13%|█▎        | 252/2000 [02:41<12:46,  2.28it/s, cached=252, failed=0, skipped=0]
precache:  13%|█▎        | 253/2000 [02:41<08:02,  3.62it/s, cached=252, failed=0, skipped=0]
precache:  13%|█▎        | 253/2000 [02:41<08:02,  3.62it/s, cached=253, failed=0, skipped=0]
precache:  13%|█▎        | 254/2000 [02:41<08:39,  3.36it/s, cached=253, failed=0, skipped=0]
precache:  13%|█▎        | 254/2000 [02:41<08:39,  3.36it/s, cached=254, failed=0, skipped=0]
precache:  13%|█▎        | 255/2000 [02:41<08:39,  3.36it/s, cached=255, failed=0, skipped=0]
precache:  13%|█▎        | 256/2000 [02:43<13:41,  2.12it/s, cached=255, failed=0, skipped=0]
precache:  13%|█▎        | 256/2000 [02:43<13:41,  2.12it/s, cached=256, failed=0, skipped=0]
precache:  13%|█▎        | 257/2000 [02:43<14:56,  1.95it/s, cached=256, failed=0, skipped=0]
precache:  13%|█▎        | 257/2000 [02:43<14:56,  1.95it/s, cached=257, failed=0, skipped=0]
precache:  13%|█▎        | 258/2000 [02:43<14:55,  1.95it/s, cached=258, failed=0, skipped=0]
precache:  13%|█▎        | 259/2000 [02:44<14:55,  1.95it/s, cached=259, failed=0, skipped=0]
precache:  13%|█▎        | 260/2000 [02:44<14:54,  1.95it/s, cached=260, failed=0, skipped=0]
precache:  13%|█▎        | 261/2000 [02:44<07:03,  4.10it/s, cached=260, failed=0, skipped=0]
precache:  13%|█▎        | 261/2000 [02:44<07:03,  4.10it/s, cached=261, failed=0, skipped=0]
precache:  13%|█▎        | 262/2000 [02:45<07:03,  4.10it/s, cached=262, failed=0, skipped=0]
precache:  13%|█▎        | 263/2000 [02:46<13:53,  2.08it/s, cached=262, failed=0, skipped=0]
precache:  13%|█▎        | 263/2000 [02:46<13:53,  2.08it/s, cached=263, failed=0, skipped=0]
precache:  13%|█▎        | 264/2000 [02:46<13:53,  2.08it/s, cached=264, failed=0, skipped=0]
precache:  13%|█▎        | 265/2000 [02:46<13:52,  2.08it/s, cached=265, failed=0, skipped=0]
precache:  13%|█▎        | 266/2000 [02:46<13:52,  2.08it/s, cached=266, failed=0, skipped=0]
precache:  13%|█▎        | 267/2000 [02:46<07:57,  3.63it/s, cached=266, failed=0, skipped=0]
precache:  13%|█▎        | 267/2000 [02:46<07:57,  3.63it/s, cached=267, failed=0, skipped=0]
precache:  13%|█▎        | 268/2000 [02:48<07:57,  3.63it/s, cached=268, failed=0, skipped=0]
precache:  13%|█▎        | 269/2000 [02:48<13:03,  2.21it/s, cached=268, failed=0, skipped=0]
precache:  13%|█▎        | 269/2000 [02:48<13:03,  2.21it/s, cached=269, failed=0, skipped=0]
precache:  14%|█▎        | 270/2000 [02:48<13:03,  2.21it/s, cached=270, failed=0, skipped=0]
precache:  14%|█▎        | 271/2000 [02:48<10:09,  2.83it/s, cached=270, failed=0, skipped=0]
precache:  14%|█▎        | 271/2000 [02:48<10:09,  2.83it/s, cached=271, failed=0, skipped=0]
precache:  14%|█▎        | 272/2000 [02:48<10:09,  2.83it/s, cached=272, failed=0, skipped=0]
precache:  14%|█▎        | 273/2000 [02:48<07:56,  3.63it/s, cached=272, failed=0, skipped=0]
precache:  14%|█▎        | 273/2000 [02:48<07:56,  3.63it/s, cached=273, failed=0, skipped=0]
precache:  14%|█▎        | 274/2000 [02:50<07:55,  3.63it/s, cached=274, failed=0, skipped=0]
precache:  14%|█▍        | 275/2000 [02:50<12:40,  2.27it/s, cached=274, failed=0, skipped=0]
precache:  14%|█▍        | 275/2000 [02:50<12:40,  2.27it/s, cached=275, failed=0, skipped=0]
precache:  14%|█▍        | 276/2000 [02:50<12:39,  2.27it/s, cached=276, failed=0, skipped=0]
precache:  14%|█▍        | 277/2000 [02:50<09:51,  2.91it/s, cached=276, failed=0, skipped=0]
precache:  14%|█▍        | 277/2000 [02:50<09:51,  2.91it/s, cached=277, failed=0, skipped=0]
precache:  14%|█▍        | 278/2000 [02:50<09:51,  2.91it/s, cached=278, failed=0, skipped=0]
precache:  14%|█▍        | 279/2000 [02:51<08:58,  3.20it/s, cached=278, failed=0, skipped=0]
precache:  14%|█▍        | 279/2000 [02:51<08:58,  3.20it/s, cached=279, failed=0, skipped=0]
precache:  14%|█▍        | 280/2000 [02:52<13:20,  2.15it/s, cached=279, failed=0, skipped=0]
precache:  14%|█▍        | 280/2000 [02:52<13:20,  2.15it/s, cached=280, failed=0, skipped=0]
precache:  14%|█▍        | 281/2000 [02:52<11:28,  2.50it/s, cached=280, failed=0, skipped=0]
precache:  14%|█▍        | 281/2000 [02:52<11:28,  2.50it/s, cached=281, failed=0, skipped=0]
precache:  14%|█▍        | 282/2000 [02:52<09:43,  2.95it/s, cached=281, failed=0, skipped=0]
precache:  14%|█▍        | 282/2000 [02:52<09:43,  2.95it/s, cached=282, failed=0, skipped=0]
precache:  14%|█▍        | 283/2000 [02:53<15:39,  1.83it/s, cached=282, failed=0, skipped=0]
precache:  14%|█▍        | 283/2000 [02:53<15:39,  1.83it/s, cached=283, failed=0, skipped=0]
precache:  14%|█▍        | 284/2000 [02:54<13:49,  2.07it/s, cached=283, failed=0, skipped=0]
precache:  14%|█▍        | 284/2000 [02:54<13:49,  2.07it/s, cached=284, failed=0, skipped=0]
precache:  14%|█▍        | 285/2000 [02:55<20:23,  1.40it/s, cached=284, failed=0, skipped=0]
precache:  14%|█▍        | 285/2000 [02:55<20:23,  1.40it/s, cached=285, failed=0, skipped=0]
precache:  14%|█▍        | 286/2000 [02:55<15:34,  1.83it/s, cached=285, failed=0, skipped=0]
precache:  14%|█▍        | 286/2000 [02:55<15:34,  1.83it/s, cached=286, failed=0, skipped=0]
precache:  14%|█▍        | 287/2000 [02:55<12:04,  2.36it/s, cached=286, failed=0, skipped=0]
precache:  14%|█▍        | 287/2000 [02:55<12:04,  2.36it/s, cached=287, failed=0, skipped=0]
precache:  14%|█▍        | 288/2000 [02:56<17:24,  1.64it/s, cached=287, failed=0, skipped=0]
precache:  14%|█▍        | 288/2000 [02:56<17:24,  1.64it/s, cached=288, failed=0, skipped=0]
precache:  14%|█▍        | 289/2000 [02:56<14:38,  1.95it/s, cached=288, failed=0, skipped=0]
precache:  14%|█▍        | 289/2000 [02:56<14:38,  1.95it/s, cached=289, failed=0, skipped=0]
precache:  14%|█▍        | 290/2000 [02:57<11:46,  2.42it/s, cached=289, failed=0, skipped=0]
precache:  14%|█▍        | 290/2000 [02:57<11:46,  2.42it/s, cached=290, failed=0, skipped=0]
precache:  15%|█▍        | 291/2000 [02:57<15:21,  1.86it/s, cached=290, failed=0, skipped=0]
precache:  15%|█▍        | 291/2000 [02:57<15:21,  1.86it/s, cached=291, failed=0, skipped=0]
precache:  15%|█▍        | 292/2000 [02:58<13:11,  2.16it/s, cached=291, failed=0, skipped=0]
precache:  15%|█▍        | 292/2000 [02:58<13:11,  2.16it/s, cached=292, failed=0, skipped=0]
precache:  15%|█▍        | 293/2000 [02:58<10:48,  2.63it/s, cached=292, failed=0, skipped=0]
precache:  15%|█▍        | 293/2000 [02:58<10:48,  2.63it/s, cached=293, failed=0, skipped=0]
precache:  15%|█▍        | 294/2000 [02:58<09:12,  3.09it/s, cached=293, failed=0, skipped=0]
precache:  15%|█▍        | 294/2000 [02:58<09:12,  3.09it/s, cached=294, failed=0, skipped=0]
precache:  15%|█▍        | 295/2000 [02:58<07:41,  3.69it/s, cached=294, failed=0, skipped=0]
precache:  15%|█▍        | 295/2000 [02:58<07:41,  3.69it/s, cached=295, failed=0, skipped=0]
precache:  15%|█▍        | 296/2000 [02:58<06:51,  4.14it/s, cached=295, failed=0, skipped=0]
precache:  15%|█▍        | 296/2000 [02:58<06:51,  4.14it/s, cached=296, failed=0, skipped=0]
precache:  15%|█▍        | 297/2000 [03:00<15:40,  1.81it/s, cached=296, failed=0, skipped=0]
precache:  15%|█▍        | 297/2000 [03:00<15:40,  1.81it/s, cached=297, failed=0, skipped=0]
precache:  15%|█▍        | 298/2000 [03:00<12:18,  2.30it/s, cached=297, failed=0, skipped=0]
precache:  15%|█▍        | 298/2000 [03:00<12:18,  2.30it/s, cached=298, failed=0, skipped=0]
precache:  15%|█▍        | 299/2000 [03:00<09:42,  2.92it/s, cached=298, failed=0, skipped=0]
precache:  15%|█▍        | 299/2000 [03:00<09:42,  2.92it/s, cached=299, failed=0, skipped=0]
precache:  15%|█▌        | 300/2000 [03:00<09:37,  2.95it/s, cached=299, failed=0, skipped=0]
precache:  15%|█▌        | 300/2000 [03:00<09:37,  2.95it/s, cached=300, failed=0, skipped=0]
precache:  15%|█▌        | 301/2000 [03:00<07:55,  3.57it/s, cached=300, failed=0, skipped=0]
precache:  15%|█▌        | 301/2000 [03:00<07:55,  3.57it/s, cached=301, failed=0, skipped=0]
precache:  15%|█▌        | 302/2000 [03:01<07:02,  4.02it/s, cached=301, failed=0, skipped=0]
precache:  15%|█▌        | 302/2000 [03:01<07:02,  4.02it/s, cached=302, failed=0, skipped=0]
precache:  15%|█▌        | 303/2000 [03:02<16:16,  1.74it/s, cached=302, failed=0, skipped=0]
precache:  15%|█▌        | 303/2000 [03:02<16:16,  1.74it/s, cached=303, failed=0, skipped=0]
precache:  15%|█▌        | 304/2000 [03:02<13:09,  2.15it/s, cached=303, failed=0, skipped=0]
precache:  15%|█▌        | 304/2000 [03:02<13:09,  2.15it/s, cached=304, failed=0, skipped=0]
precache:  15%|█▌        | 305/2000 [03:02<13:09,  2.15it/s, cached=305, failed=0, skipped=0]
precache:  15%|█▌        | 306/2000 [03:03<09:57,  2.83it/s, cached=305, failed=0, skipped=0]
precache:  15%|█▌        | 306/2000 [03:03<09:57,  2.83it/s, cached=306, failed=0, skipped=0]
precache:  15%|█▌        | 307/2000 [03:03<08:53,  3.17it/s, cached=306, failed=0, skipped=0]
precache:  15%|█▌        | 307/2000 [03:03<08:53,  3.17it/s, cached=307, failed=0, skipped=0]
precache:  15%|█▌        | 308/2000 [03:03<07:59,  3.53it/s, cached=307, failed=0, skipped=0]
precache:  15%|█▌        | 308/2000 [03:03<07:59,  3.53it/s, cached=308, failed=0, skipped=0]
precache:  15%|█▌        | 309/2000 [03:04<16:36,  1.70it/s, cached=308, failed=0, skipped=0]
precache:  15%|█▌        | 309/2000 [03:04<16:36,  1.70it/s, cached=309, failed=0, skipped=0]
precache:  16%|█▌        | 310/2000 [03:05<16:36,  1.70it/s, cached=310, failed=0, skipped=0]
precache:  16%|█▌        | 311/2000 [03:05<10:52,  2.59it/s, cached=310, failed=0, skipped=0]
precache:  16%|█▌        | 311/2000 [03:05<10:52,  2.59it/s, cached=311, failed=0, skipped=0]
precache:  16%|█▌        | 312/2000 [03:05<10:52,  2.59it/s, cached=312, failed=0, skipped=0]
precache:  16%|█▌        | 313/2000 [03:05<07:29,  3.75it/s, cached=312, failed=0, skipped=0]
precache:  16%|█▌        | 313/2000 [03:05<07:29,  3.75it/s, cached=313, failed=0, skipped=0]
precache:  16%|█▌        | 314/2000 [03:05<06:58,  4.03it/s, cached=313, failed=0, skipped=0]
precache:  16%|█▌        | 314/2000 [03:05<06:58,  4.03it/s, cached=314, failed=0, skipped=0]
precache:  16%|█▌        | 315/2000 [03:07<15:19,  1.83it/s, cached=314, failed=0, skipped=0]
precache:  16%|█▌        | 315/2000 [03:07<15:19,  1.83it/s, cached=315, failed=0, skipped=0]
precache:  16%|█▌        | 316/2000 [03:07<13:13,  2.12it/s, cached=315, failed=0, skipped=0]
precache:  16%|█▌        | 316/2000 [03:07<13:13,  2.12it/s, cached=316, failed=0, skipped=0]
precache:  16%|█▌        | 317/2000 [03:07<11:45,  2.38it/s, cached=316, failed=0, skipped=0]
precache:  16%|█▌        | 317/2000 [03:07<11:45,  2.38it/s, cached=317, failed=0, skipped=0]
precache:  16%|█▌        | 318/2000 [03:07<11:45,  2.38it/s, cached=318, failed=0, skipped=0]
precache:  16%|█▌        | 319/2000 [03:07<08:07,  3.45it/s, cached=318, failed=0, skipped=0]
precache:  16%|█▌        | 319/2000 [03:07<08:07,  3.45it/s, cached=319, failed=0, skipped=0]
precache:  16%|█▌        | 320/2000 [03:08<08:36,  3.25it/s, cached=319, failed=0, skipped=0]
precache:  16%|█▌        | 320/2000 [03:08<08:36,  3.25it/s, cached=320, failed=0, skipped=0]
precache:  16%|█▌        | 321/2000 [03:08<11:13,  2.49it/s, cached=320, failed=0, skipped=0]
precache:  16%|█▌        | 321/2000 [03:08<11:13,  2.49it/s, cached=321, failed=0, skipped=0]
precache:  16%|█▌        | 322/2000 [03:09<12:26,  2.25it/s, cached=321, failed=0, skipped=0]
precache:  16%|█▌        | 322/2000 [03:09<12:26,  2.25it/s, cached=322, failed=0, skipped=0]
precache:  16%|█▌        | 323/2000 [03:09<10:14,  2.73it/s, cached=322, failed=0, skipped=0]
precache:  16%|█▌        | 323/2000 [03:09<10:14,  2.73it/s, cached=323, failed=0, skipped=0]
precache:  16%|█▌        | 324/2000 [03:09<08:58,  3.11it/s, cached=323, failed=0, skipped=0]
precache:  16%|█▌        | 324/2000 [03:09<08:58,  3.11it/s, cached=324, failed=0, skipped=0]
precache:  16%|█▋        | 325/2000 [03:09<07:49,  3.57it/s, cached=324, failed=0, skipped=0]
precache:  16%|█▋        | 325/2000 [03:09<07:49,  3.57it/s, cached=325, failed=0, skipped=0]
precache:  16%|█▋        | 326/2000 [03:10<06:29,  4.30it/s, cached=325, failed=0, skipped=0]
precache:  16%|█▋        | 326/2000 [03:10<06:29,  4.30it/s, cached=326, failed=0, skipped=0]
precache:  16%|█▋        | 327/2000 [03:10<09:32,  2.92it/s, cached=326, failed=0, skipped=0]
precache:  16%|█▋        | 327/2000 [03:10<09:32,  2.92it/s, cached=327, failed=0, skipped=0]
precache:  16%|█▋        | 328/2000 [03:11<16:10,  1.72it/s, cached=327, failed=0, skipped=0]
precache:  16%|█▋        | 328/2000 [03:11<16:10,  1.72it/s, cached=328, failed=0, skipped=0]
precache:  16%|█▋        | 329/2000 [03:11<16:09,  1.72it/s, cached=329, failed=0, skipped=0]
precache:  16%|█▋        | 330/2000 [03:11<09:29,  2.93it/s, cached=329, failed=0, skipped=0]
precache:  16%|█▋        | 330/2000 [03:11<09:29,  2.93it/s, cached=330, failed=0, skipped=0]
precache:  17%|█▋        | 331/2000 [03:12<07:58,  3.49it/s, cached=330, failed=0, skipped=0]
precache:  17%|█▋        | 331/2000 [03:12<07:58,  3.49it/s, cached=331, failed=0, skipped=0]
precache:  17%|█▋        | 332/2000 [03:12<08:08,  3.41it/s, cached=331, failed=0, skipped=0]
precache:  17%|█▋        | 332/2000 [03:12<08:08,  3.41it/s, cached=332, failed=0, skipped=0]
precache:  17%|█▋        | 333/2000 [03:13<11:59,  2.32it/s, cached=332, failed=0, skipped=0]
precache:  17%|█▋        | 333/2000 [03:13<11:59,  2.32it/s, cached=333, failed=0, skipped=0]
precache:  17%|█▋        | 334/2000 [03:13<14:45,  1.88it/s, cached=333, failed=0, skipped=0]
precache:  17%|█▋        | 334/2000 [03:13<14:45,  1.88it/s, cached=334, failed=0, skipped=0]
precache:  17%|█▋        | 335/2000 [03:14<14:45,  1.88it/s, cached=335, failed=0, skipped=0]
precache:  17%|█▋        | 336/2000 [03:14<09:06,  3.04it/s, cached=335, failed=0, skipped=0]
precache:  17%|█▋        | 336/2000 [03:14<09:06,  3.04it/s, cached=336, failed=0, skipped=0]
precache:  17%|█▋        | 337/2000 [03:14<07:57,  3.48it/s, cached=336, failed=0, skipped=0]
precache:  17%|█▋        | 337/2000 [03:14<07:57,  3.48it/s, cached=337, failed=0, skipped=0]
precache:  17%|█▋        | 338/2000 [03:14<10:35,  2.62it/s, cached=337, failed=0, skipped=0]
precache:  17%|█▋        | 338/2000 [03:14<10:35,  2.62it/s, cached=338, failed=0, skipped=0]
precache:  17%|█▋        | 339/2000 [03:15<10:34,  2.62it/s, cached=339, failed=0, skipped=0]
precache:  17%|█▋        | 340/2000 [03:15<12:03,  2.29it/s, cached=339, failed=0, skipped=0]
precache:  17%|█▋        | 340/2000 [03:15<12:03,  2.29it/s, cached=340, failed=0, skipped=0]
precache:  17%|█▋        | 341/2000 [03:16<09:57,  2.78it/s, cached=340, failed=0, skipped=0]
precache:  17%|█▋        | 341/2000 [03:16<09:57,  2.78it/s, cached=341, failed=0, skipped=0]
precache:  17%|█▋        | 342/2000 [03:16<09:57,  2.78it/s, cached=342, failed=0, skipped=0]
precache:  17%|█▋        | 343/2000 [03:16<06:39,  4.14it/s, cached=342, failed=0, skipped=0]
precache:  17%|█▋        | 343/2000 [03:16<06:39,  4.14it/s, cached=343, failed=0, skipped=0]
precache:  17%|█▋        | 344/2000 [03:16<08:15,  3.34it/s, cached=343, failed=0, skipped=0]
precache:  17%|█▋        | 344/2000 [03:16<08:15,  3.34it/s, cached=344, failed=0, skipped=0]
precache:  17%|█▋        | 345/2000 [03:16<08:15,  3.34it/s, cached=345, failed=0, skipped=0]
precache:  17%|█▋        | 346/2000 [03:18<12:39,  2.18it/s, cached=345, failed=0, skipped=0]
precache:  17%|█▋        | 346/2000 [03:18<12:39,  2.18it/s, cached=346, failed=0, skipped=0]
precache:  17%|█▋        | 347/2000 [03:18<12:39,  2.18it/s, cached=347, failed=0, skipped=0]
precache:  17%|█▋        | 348/2000 [03:18<09:08,  3.01it/s, cached=347, failed=0, skipped=0]
precache:  17%|█▋        | 348/2000 [03:18<09:08,  3.01it/s, cached=348, failed=0, skipped=0]
precache:  17%|█▋        | 349/2000 [03:18<09:07,  3.01it/s, cached=349, failed=0, skipped=0]
precache:  18%|█▊        | 350/2000 [03:18<07:47,  3.53it/s, cached=349, failed=0, skipped=0]
precache:  18%|█▊        | 350/2000 [03:18<07:47,  3.53it/s, cached=350, failed=0, skipped=0]
precache:  18%|█▊        | 351/2000 [03:19<09:44,  2.82it/s, cached=350, failed=0, skipped=0]
precache:  18%|█▊        | 351/2000 [03:19<09:44,  2.82it/s, cached=351, failed=0, skipped=0]
precache:  18%|█▊        | 352/2000 [03:20<13:10,  2.09it/s, cached=351, failed=0, skipped=0]
precache:  18%|█▊        | 352/2000 [03:20<13:10,  2.09it/s, cached=352, failed=0, skipped=0]
precache:  18%|█▊        | 353/2000 [03:20<11:26,  2.40it/s, cached=352, failed=0, skipped=0]
precache:  18%|█▊        | 353/2000 [03:20<11:26,  2.40it/s, cached=353, failed=0, skipped=0]
precache:  18%|█▊        | 354/2000 [03:20<12:02,  2.28it/s, cached=353, failed=0, skipped=0]
precache:  18%|█▊        | 354/2000 [03:20<12:02,  2.28it/s, cached=354, failed=0, skipped=0]
precache:  18%|█▊        | 355/2000 [03:20<12:02,  2.28it/s, cached=355, failed=0, skipped=0]
precache:  18%|█▊        | 356/2000 [03:20<12:01,  2.28it/s, cached=356, failed=0, skipped=0]
precache:  18%|█▊        | 357/2000 [03:21<08:18,  3.29it/s, cached=356, failed=0, skipped=0]
precache:  18%|█▊        | 357/2000 [03:21<08:18,  3.29it/s, cached=357, failed=0, skipped=0]
precache:  18%|█▊        | 358/2000 [03:22<10:52,  2.51it/s, cached=357, failed=0, skipped=0]
precache:  18%|█▊        | 358/2000 [03:22<10:52,  2.51it/s, cached=358, failed=0, skipped=0]
precache:  18%|█▊        | 359/2000 [03:22<10:52,  2.51it/s, cached=359, failed=0, skipped=0]
precache:  18%|█▊        | 360/2000 [03:22<09:16,  2.95it/s, cached=359, failed=0, skipped=0]
precache:  18%|█▊        | 360/2000 [03:22<09:16,  2.95it/s, cached=360, failed=0, skipped=0]
precache:  18%|█▊        | 361/2000 [03:22<08:03,  3.39it/s, cached=360, failed=0, skipped=0]
precache:  18%|█▊        | 361/2000 [03:22<08:03,  3.39it/s, cached=361, failed=0, skipped=0]
precache:  18%|█▊        | 362/2000 [03:23<08:37,  3.16it/s, cached=361, failed=0, skipped=0]
precache:  18%|█▊        | 362/2000 [03:23<08:37,  3.16it/s, cached=362, failed=0, skipped=0]
precache:  18%|█▊        | 363/2000 [03:23<07:33,  3.61it/s, cached=362, failed=0, skipped=0]
precache:  18%|█▊        | 363/2000 [03:23<07:33,  3.61it/s, cached=363, failed=0, skipped=0]
precache:  18%|█▊        | 364/2000 [03:24<09:58,  2.73it/s, cached=363, failed=0, skipped=0]
precache:  18%|█▊        | 364/2000 [03:24<09:58,  2.73it/s, cached=364, failed=0, skipped=0]
precache:  18%|█▊        | 365/2000 [03:24<08:35,  3.17it/s, cached=364, failed=0, skipped=0]
precache:  18%|█▊        | 365/2000 [03:24<08:35,  3.17it/s, cached=365, failed=0, skipped=0]
precache:  18%|█▊        | 366/2000 [03:24<10:01,  2.72it/s, cached=365, failed=0, skipped=0]
precache:  18%|█▊        | 366/2000 [03:24<10:01,  2.72it/s, cached=366, failed=0, skipped=0]
precache:  18%|█▊        | 367/2000 [03:24<10:01,  2.72it/s, cached=367, failed=0, skipped=0]
precache:  18%|█▊        | 368/2000 [03:24<07:01,  3.87it/s, cached=367, failed=0, skipped=0]
precache:  18%|█▊        | 368/2000 [03:24<07:01,  3.87it/s, cached=368, failed=0, skipped=0]
precache:  18%|█▊        | 369/2000 [03:25<06:54,  3.94it/s, cached=368, failed=0, skipped=0]
precache:  18%|█▊        | 369/2000 [03:25<06:54,  3.94it/s, cached=369, failed=0, skipped=0]
precache:  18%|█▊        | 370/2000 [03:25<10:33,  2.57it/s, cached=369, failed=0, skipped=0]
precache:  18%|█▊        | 370/2000 [03:25<10:33,  2.57it/s, cached=370, failed=0, skipped=0]
precache:  19%|█▊        | 371/2000 [03:26<10:35,  2.56it/s, cached=370, failed=0, skipped=0]
precache:  19%|█▊        | 371/2000 [03:26<10:35,  2.56it/s, cached=371, failed=0, skipped=0]
precache:  19%|█▊        | 372/2000 [03:26<08:41,  3.12it/s, cached=371, failed=0, skipped=0]
precache:  19%|█▊        | 372/2000 [03:26<08:41,  3.12it/s, cached=372, failed=0, skipped=0]
precache:  19%|█▊        | 373/2000 [03:26<07:58,  3.40it/s, cached=372, failed=0, skipped=0]
precache:  19%|█▊        | 373/2000 [03:26<07:58,  3.40it/s, cached=373, failed=0, skipped=0]
precache:  19%|█▊        | 374/2000 [03:27<07:55,  3.42it/s, cached=373, failed=0, skipped=0]
precache:  19%|█▊        | 374/2000 [03:27<07:55,  3.42it/s, cached=374, failed=0, skipped=0]
precache:  19%|█▉        | 375/2000 [03:27<09:21,  2.89it/s, cached=374, failed=0, skipped=0]
precache:  19%|█▉        | 375/2000 [03:27<09:21,  2.89it/s, cached=375, failed=0, skipped=0]
precache:  19%|█▉        | 376/2000 [03:27<09:51,  2.75it/s, cached=375, failed=0, skipped=0]
precache:  19%|█▉        | 376/2000 [03:27<09:51,  2.75it/s, cached=376, failed=0, skipped=0]
precache:  19%|█▉        | 377/2000 [03:28<10:45,  2.51it/s, cached=376, failed=0, skipped=0]
precache:  19%|█▉        | 377/2000 [03:28<10:45,  2.51it/s, cached=377, failed=0, skipped=0]
precache:  19%|█▉        | 378/2000 [03:28<10:45,  2.51it/s, cached=378, failed=0, skipped=0]
precache:  19%|█▉        | 379/2000 [03:28<08:32,  3.16it/s, cached=378, failed=0, skipped=0]
precache:  19%|█▉        | 379/2000 [03:28<08:32,  3.16it/s, cached=379, failed=0, skipped=0]
precache:  19%|█▉        | 380/2000 [03:29<08:07,  3.32it/s, cached=379, failed=0, skipped=0]
precache:  19%|█▉        | 380/2000 [03:29<08:07,  3.32it/s, cached=380, failed=0, skipped=0]
precache:  19%|█▉        | 381/2000 [03:29<10:40,  2.53it/s, cached=380, failed=0, skipped=0]
precache:  19%|█▉        | 381/2000 [03:29<10:40,  2.53it/s, cached=381, failed=0, skipped=0]
precache:  19%|█▉        | 382/2000 [03:29<09:22,  2.88it/s, cached=381, failed=0, skipped=0]
precache:  19%|█▉        | 382/2000 [03:29<09:22,  2.88it/s, cached=382, failed=0, skipped=0]
precache:  19%|█▉        | 383/2000 [03:30<09:30,  2.83it/s, cached=382, failed=0, skipped=0]
precache:  19%|█▉        | 383/2000 [03:30<09:30,  2.83it/s, cached=383, failed=0, skipped=0]
precache:  19%|█▉        | 384/2000 [03:30<07:45,  3.47it/s, cached=383, failed=0, skipped=0]
precache:  19%|█▉        | 384/2000 [03:30<07:45,  3.47it/s, cached=384, failed=0, skipped=0]
precache:  19%|█▉        | 385/2000 [03:30<07:45,  3.47it/s, cached=385, failed=0, skipped=0]
precache:  19%|█▉        | 386/2000 [03:30<06:12,  4.33it/s, cached=385, failed=0, skipped=0]
precache:  19%|█▉        | 386/2000 [03:30<06:12,  4.33it/s, cached=386, failed=0, skipped=0]
precache:  19%|█▉        | 387/2000 [03:32<13:20,  2.02it/s, cached=386, failed=0, skipped=0]
precache:  19%|█▉        | 387/2000 [03:32<13:20,  2.02it/s, cached=387, failed=0, skipped=0]
precache:  19%|█▉        | 388/2000 [03:32<13:19,  2.02it/s, cached=388, failed=0, skipped=0]
precache:  19%|█▉        | 389/2000 [03:32<09:28,  2.83it/s, cached=388, failed=0, skipped=0]
precache:  19%|█▉        | 389/2000 [03:32<09:28,  2.83it/s, cached=389, failed=0, skipped=0]
precache:  20%|█▉        | 390/2000 [03:32<08:25,  3.18it/s, cached=389, failed=0, skipped=0]
precache:  20%|█▉        | 390/2000 [03:32<08:25,  3.18it/s, cached=390, failed=0, skipped=0]
precache:  20%|█▉        | 391/2000 [03:32<08:25,  3.18it/s, cached=391, failed=0, skipped=0]
precache:  20%|█▉        | 392/2000 [03:32<05:55,  4.52it/s, cached=391, failed=0, skipped=0]
precache:  20%|█▉        | 392/2000 [03:32<05:55,  4.52it/s, cached=392, failed=0, skipped=0]
precache:  20%|█▉        | 393/2000 [03:34<12:18,  2.18it/s, cached=392, failed=0, skipped=0]
precache:  20%|█▉        | 393/2000 [03:34<12:18,  2.18it/s, cached=393, failed=0, skipped=0]
precache:  20%|█▉        | 394/2000 [03:34<11:45,  2.28it/s, cached=393, failed=0, skipped=0]
precache:  20%|█▉        | 394/2000 [03:34<11:45,  2.28it/s, cached=394, failed=0, skipped=0]
precache:  20%|█▉        | 395/2000 [03:34<11:45,  2.28it/s, cached=395, failed=0, skipped=0]
precache:  20%|█▉        | 396/2000 [03:34<07:40,  3.48it/s, cached=395, failed=0, skipped=0]
precache:  20%|█▉        | 396/2000 [03:34<07:40,  3.48it/s, cached=396, failed=0, skipped=0]
precache:  20%|█▉        | 397/2000 [03:34<07:40,  3.48it/s, cached=397, failed=0, skipped=0]
precache:  20%|█▉        | 398/2000 [03:34<06:06,  4.38it/s, cached=397, failed=0, skipped=0]
precache:  20%|█▉        | 398/2000 [03:34<06:06,  4.38it/s, cached=398, failed=0, skipped=0]
precache:  20%|█▉        | 399/2000 [03:35<10:25,  2.56it/s, cached=398, failed=0, skipped=0]
precache:  20%|█▉        | 399/2000 [03:35<10:25,  2.56it/s, cached=399, failed=0, skipped=0]
precache:  20%|██        | 400/2000 [03:36<12:53,  2.07it/s, cached=399, failed=0, skipped=0]
precache:  20%|██        | 400/2000 [03:36<12:53,  2.07it/s, cached=400, failed=0, skipped=0]
precache:  20%|██        | 401/2000 [03:36<12:52,  2.07it/s, cached=401, failed=0, skipped=0]
precache:  20%|██        | 402/2000 [03:36<08:23,  3.17it/s, cached=401, failed=0, skipped=0]
precache:  20%|██        | 402/2000 [03:36<08:23,  3.17it/s, cached=402, failed=0, skipped=0]
precache:  20%|██        | 403/2000 [03:36<07:51,  3.39it/s, cached=402, failed=0, skipped=0]
precache:  20%|██        | 403/2000 [03:36<07:51,  3.39it/s, cached=403, failed=0, skipped=0]
precache:  20%|██        | 404/2000 [03:37<07:51,  3.39it/s, cached=404, failed=0, skipped=0]
precache:  20%|██        | 405/2000 [03:38<10:14,  2.60it/s, cached=404, failed=0, skipped=0]
precache:  20%|██        | 405/2000 [03:38<10:14,  2.60it/s, cached=405, failed=0, skipped=0]
precache:  20%|██        | 406/2000 [03:38<11:30,  2.31it/s, cached=405, failed=0, skipped=0]
precache:  20%|██        | 406/2000 [03:38<11:30,  2.31it/s, cached=406, failed=0, skipped=0]
precache:  20%|██        | 407/2000 [03:38<11:29,  2.31it/s, cached=407, failed=0, skipped=0]
precache:  20%|██        | 408/2000 [03:39<09:04,  2.92it/s, cached=407, failed=0, skipped=0]
precache:  20%|██        | 408/2000 [03:39<09:04,  2.92it/s, cached=408, failed=0, skipped=0]
precache:  20%|██        | 409/2000 [03:39<09:04,  2.92it/s, cached=409, failed=0, skipped=0]
precache:  20%|██        | 410/2000 [03:39<06:46,  3.91it/s, cached=409, failed=0, skipped=0]
precache:  20%|██        | 410/2000 [03:39<06:46,  3.91it/s, cached=410, failed=0, skipped=0]
precache:  21%|██        | 411/2000 [03:39<07:56,  3.34it/s, cached=410, failed=0, skipped=0]
precache:  21%|██        | 411/2000 [03:39<07:56,  3.34it/s, cached=411, failed=0, skipped=0]
precache:  21%|██        | 412/2000 [03:40<10:15,  2.58it/s, cached=411, failed=0, skipped=0]
precache:  21%|██        | 412/2000 [03:40<10:15,  2.58it/s, cached=412, failed=0, skipped=0]
precache:  21%|██        | 413/2000 [03:40<08:34,  3.08it/s, cached=412, failed=0, skipped=0]
precache:  21%|██        | 413/2000 [03:40<08:34,  3.08it/s, cached=413, failed=0, skipped=0]
precache:  21%|██        | 414/2000 [03:40<08:24,  3.15it/s, cached=413, failed=0, skipped=0]
precache:  21%|██        | 414/2000 [03:40<08:24,  3.15it/s, cached=414, failed=0, skipped=0]
precache:  21%|██        | 415/2000 [03:40<07:30,  3.52it/s, cached=414, failed=0, skipped=0]
precache:  21%|██        | 415/2000 [03:40<07:30,  3.52it/s, cached=415, failed=0, skipped=0]
precache:  21%|██        | 416/2000 [03:41<07:54,  3.34it/s, cached=415, failed=0, skipped=0]
precache:  21%|██        | 416/2000 [03:41<07:54,  3.34it/s, cached=416, failed=0, skipped=0]
precache:  21%|██        | 417/2000 [03:41<08:20,  3.16it/s, cached=416, failed=0, skipped=0]
precache:  21%|██        | 417/2000 [03:41<08:20,  3.16it/s, cached=417, failed=0, skipped=0]
precache:  21%|██        | 418/2000 [03:42<11:20,  2.32it/s, cached=417, failed=0, skipped=0]
precache:  21%|██        | 418/2000 [03:42<11:20,  2.32it/s, cached=418, failed=0, skipped=0]
precache:  21%|██        | 419/2000 [03:42<09:06,  2.89it/s, cached=418, failed=0, skipped=0]
precache:  21%|██        | 419/2000 [03:42<09:06,  2.89it/s, cached=419, failed=0, skipped=0]
precache:  21%|██        | 420/2000 [03:42<09:06,  2.89it/s, cached=420, failed=0, skipped=0]
precache:  21%|██        | 421/2000 [03:42<05:52,  4.48it/s, cached=420, failed=0, skipped=0]
precache:  21%|██        | 421/2000 [03:42<05:52,  4.48it/s, cached=421, failed=0, skipped=0]
precache:  21%|██        | 422/2000 [03:43<11:50,  2.22it/s, cached=421, failed=0, skipped=0]
precache:  21%|██        | 422/2000 [03:43<11:50,  2.22it/s, cached=422, failed=0, skipped=0]
precache:  21%|██        | 423/2000 [03:44<15:28,  1.70it/s, cached=422, failed=0, skipped=0]
precache:  21%|██        | 423/2000 [03:44<15:28,  1.70it/s, cached=423, failed=0, skipped=0]
precache:  21%|██        | 424/2000 [03:44<15:27,  1.70it/s, cached=424, failed=0, skipped=0]
precache:  21%|██▏       | 425/2000 [03:44<09:48,  2.68it/s, cached=424, failed=0, skipped=0]
precache:  21%|██▏       | 425/2000 [03:44<09:48,  2.68it/s, cached=425, failed=0, skipped=0]
precache:  21%|██▏       | 426/2000 [03:45<08:38,  3.04it/s, cached=425, failed=0, skipped=0]
precache:  21%|██▏       | 426/2000 [03:45<08:38,  3.04it/s, cached=426, failed=0, skipped=0]
precache:  21%|██▏       | 427/2000 [03:45<07:11,  3.64it/s, cached=426, failed=0, skipped=0]
precache:  21%|██▏       | 427/2000 [03:45<07:11,  3.64it/s, cached=427, failed=0, skipped=0]
precache:  21%|██▏       | 428/2000 [03:45<09:24,  2.78it/s, cached=427, failed=0, skipped=0]
precache:  21%|██▏       | 428/2000 [03:45<09:24,  2.78it/s, cached=428, failed=0, skipped=0]
precache:  21%|██▏       | 429/2000 [03:46<13:34,  1.93it/s, cached=428, failed=0, skipped=0]
precache:  21%|██▏       | 429/2000 [03:46<13:34,  1.93it/s, cached=429, failed=0, skipped=0]
precache:  22%|██▏       | 430/2000 [03:46<13:33,  1.93it/s, cached=430, failed=0, skipped=0]
precache:  22%|██▏       | 431/2000 [03:47<08:43,  3.00it/s, cached=430, failed=0, skipped=0]
precache:  22%|██▏       | 431/2000 [03:47<08:43,  3.00it/s, cached=431, failed=0, skipped=0]
precache:  22%|██▏       | 432/2000 [03:47<07:53,  3.31it/s, cached=431, failed=0, skipped=0]
precache:  22%|██▏       | 432/2000 [03:47<07:53,  3.31it/s, cached=432, failed=0, skipped=0]
precache:  22%|██▏       | 433/2000 [03:47<07:53,  3.31it/s, cached=433, failed=0, skipped=0]
precache:  22%|██▏       | 434/2000 [03:47<07:03,  3.70it/s, cached=433, failed=0, skipped=0]
precache:  22%|██▏       | 434/2000 [03:47<07:03,  3.70it/s, cached=434, failed=0, skipped=0]
precache:  22%|██▏       | 435/2000 [03:48<11:52,  2.20it/s, cached=434, failed=0, skipped=0]
precache:  22%|██▏       | 435/2000 [03:48<11:52,  2.20it/s, cached=435, failed=0, skipped=0]
precache:  22%|██▏       | 436/2000 [03:49<11:54,  2.19it/s, cached=435, failed=0, skipped=0]
precache:  22%|██▏       | 436/2000 [03:49<11:54,  2.19it/s, cached=436, failed=0, skipped=0]
precache:  22%|██▏       | 437/2000 [03:49<10:28,  2.49it/s, cached=436, failed=0, skipped=0]
precache:  22%|██▏       | 437/2000 [03:49<10:28,  2.49it/s, cached=437, failed=0, skipped=0]
precache:  22%|██▏       | 438/2000 [03:49<10:28,  2.49it/s, cached=438, failed=0, skipped=0]
precache:  22%|██▏       | 439/2000 [03:49<06:38,  3.92it/s, cached=438, failed=0, skipped=0]
precache:  22%|██▏       | 439/2000 [03:49<06:38,  3.92it/s, cached=439, failed=0, skipped=0]
precache:  22%|██▏       | 440/2000 [03:49<06:04,  4.28it/s, cached=439, failed=0, skipped=0]
precache:  22%|██▏       | 440/2000 [03:49<06:04,  4.28it/s, cached=440, failed=0, skipped=0]
precache:  22%|██▏       | 441/2000 [03:50<08:04,  3.22it/s, cached=440, failed=0, skipped=0]
precache:  22%|██▏       | 441/2000 [03:50<08:04,  3.22it/s, cached=441, failed=0, skipped=0]
precache:  22%|██▏       | 442/2000 [03:50<08:32,  3.04it/s, cached=441, failed=0, skipped=0]
precache:  22%|██▏       | 442/2000 [03:50<08:32,  3.04it/s, cached=442, failed=0, skipped=0]
precache:  22%|██▏       | 443/2000 [03:51<11:09,  2.33it/s, cached=442, failed=0, skipped=0]
precache:  22%|██▏       | 443/2000 [03:51<11:09,  2.33it/s, cached=443, failed=0, skipped=0]
precache:  22%|██▏       | 444/2000 [03:52<12:42,  2.04it/s, cached=443, failed=0, skipped=0]
precache:  22%|██▏       | 444/2000 [03:52<12:42,  2.04it/s, cached=444, failed=0, skipped=0]
precache:  22%|██▏       | 445/2000 [03:52<10:16,  2.52it/s, cached=444, failed=0, skipped=0]
precache:  22%|██▏       | 445/2000 [03:52<10:16,  2.52it/s, cached=445, failed=0, skipped=0]
precache:  22%|██▏       | 446/2000 [03:52<09:48,  2.64it/s, cached=445, failed=0, skipped=0]
precache:  22%|██▏       | 446/2000 [03:52<09:48,  2.64it/s, cached=446, failed=0, skipped=0]
precache:  22%|██▏       | 447/2000 [03:52<09:47,  2.64it/s, cached=447, failed=0, skipped=0]
precache:  22%|██▏       | 448/2000 [03:52<06:05,  4.24it/s, cached=447, failed=0, skipped=0]
precache:  22%|██▏       | 448/2000 [03:52<06:05,  4.24it/s, cached=448, failed=0, skipped=0]
precache:  22%|██▏       | 449/2000 [03:53<11:35,  2.23it/s, cached=448, failed=0, skipped=0]
precache:  22%|██▏       | 449/2000 [03:53<11:35,  2.23it/s, cached=449, failed=0, skipped=0]
precache:  22%|██▎       | 450/2000 [03:54<11:44,  2.20it/s, cached=449, failed=0, skipped=0]
precache:  22%|██▎       | 450/2000 [03:54<11:44,  2.20it/s, cached=450, failed=0, skipped=0]
precache:  23%|██▎       | 451/2000 [03:54<09:25,  2.74it/s, cached=450, failed=0, skipped=0]
precache:  23%|██▎       | 451/2000 [03:54<09:25,  2.74it/s, cached=451, failed=0, skipped=0]
precache:  23%|██▎       | 452/2000 [03:54<08:08,  3.17it/s, cached=451, failed=0, skipped=0]
precache:  23%|██▎       | 452/2000 [03:54<08:08,  3.17it/s, cached=452, failed=0, skipped=0]
precache:  23%|██▎       | 453/2000 [03:54<08:08,  3.17it/s, cached=453, failed=0, skipped=0]
precache:  23%|██▎       | 454/2000 [03:54<05:36,  4.59it/s, cached=453, failed=0, skipped=0]
precache:  23%|██▎       | 454/2000 [03:54<05:36,  4.59it/s, cached=454, failed=0, skipped=0]
precache:  23%|██▎       | 455/2000 [03:55<11:10,  2.30it/s, cached=454, failed=0, skipped=0]
precache:  23%|██▎       | 455/2000 [03:55<11:10,  2.30it/s, cached=455, failed=0, skipped=0]
precache:  23%|██▎       | 456/2000 [03:56<10:28,  2.46it/s, cached=455, failed=0, skipped=0]
precache:  23%|██▎       | 456/2000 [03:56<10:28,  2.46it/s, cached=456, failed=0, skipped=0]
precache:  23%|██▎       | 457/2000 [03:56<09:53,  2.60it/s, cached=456, failed=0, skipped=0]
precache:  23%|██▎       | 457/2000 [03:56<09:53,  2.60it/s, cached=457, failed=0, skipped=0]
precache:  23%|██▎       | 458/2000 [03:56<09:53,  2.60it/s, cached=458, failed=0, skipped=0]
precache:  23%|██▎       | 459/2000 [03:56<06:15,  4.11it/s, cached=458, failed=0, skipped=0]
precache:  23%|██▎       | 459/2000 [03:56<06:15,  4.11it/s, cached=459, failed=0, skipped=0]
precache:  23%|██▎       | 460/2000 [03:56<06:14,  4.11it/s, cached=460, failed=0, skipped=0]
precache:  23%|██▎       | 461/2000 [03:57<08:36,  2.98it/s, cached=460, failed=0, skipped=0]
precache:  23%|██▎       | 461/2000 [03:57<08:36,  2.98it/s, cached=461, failed=0, skipped=0]
precache:  23%|██▎       | 462/2000 [03:57<08:00,  3.20it/s, cached=461, failed=0, skipped=0]
precache:  23%|██▎       | 462/2000 [03:57<08:00,  3.20it/s, cached=462, failed=0, skipped=0]
precache:  23%|██▎       | 463/2000 [03:58<09:32,  2.69it/s, cached=462, failed=0, skipped=0]
precache:  23%|██▎       | 463/2000 [03:58<09:32,  2.69it/s, cached=463, failed=0, skipped=0]
precache:  23%|██▎       | 464/2000 [03:58<09:32,  2.69it/s, cached=464, failed=0, skipped=0]
precache:  23%|██▎       | 465/2000 [03:58<09:31,  2.69it/s, cached=465, failed=0, skipped=0]
precache:  23%|██▎       | 466/2000 [03:58<09:31,  2.69it/s, cached=466, failed=0, skipped=0]
precache:  23%|██▎       | 467/2000 [03:59<07:58,  3.20it/s, cached=466, failed=0, skipped=0]
precache:  23%|██▎       | 467/2000 [03:59<07:58,  3.20it/s, cached=467, failed=0, skipped=0]
precache:  23%|██▎       | 468/2000 [03:59<07:51,  3.25it/s, cached=467, failed=0, skipped=0]
precache:  23%|██▎       | 468/2000 [03:59<07:51,  3.25it/s, cached=468, failed=0, skipped=0]
precache:  23%|██▎       | 469/2000 [04:00<09:32,  2.68it/s, cached=468, failed=0, skipped=0]
precache:  23%|██▎       | 469/2000 [04:00<09:32,  2.68it/s, cached=469, failed=0, skipped=0]
precache:  24%|██▎       | 470/2000 [04:00<09:31,  2.68it/s, cached=470, failed=0, skipped=0]
precache:  24%|██▎       | 471/2000 [04:00<06:39,  3.83it/s, cached=470, failed=0, skipped=0]
precache:  24%|██▎       | 471/2000 [04:00<06:39,  3.83it/s, cached=471, failed=0, skipped=0]
precache:  24%|██▎       | 472/2000 [04:00<06:39,  3.83it/s, cached=472, failed=0, skipped=0]
precache:  24%|██▎       | 473/2000 [04:01<08:56,  2.85it/s, cached=472, failed=0, skipped=0]
precache:  24%|██▎       | 473/2000 [04:01<08:56,  2.85it/s, cached=473, failed=0, skipped=0]
precache:  24%|██▎       | 474/2000 [04:01<09:06,  2.79it/s, cached=473, failed=0, skipped=0]
precache:  24%|██▎       | 474/2000 [04:01<09:06,  2.79it/s, cached=474, failed=0, skipped=0]
precache:  24%|██▍       | 475/2000 [04:02<10:49,  2.35it/s, cached=474, failed=0, skipped=0]
precache:  24%|██▍       | 475/2000 [04:02<10:49,  2.35it/s, cached=475, failed=0, skipped=0]
precache:  24%|██▍       | 476/2000 [04:02<10:48,  2.35it/s, cached=476, failed=0, skipped=0]
precache:  24%|██▍       | 477/2000 [04:02<10:48,  2.35it/s, cached=477, failed=0, skipped=0]
precache:  24%|██▍       | 478/2000 [04:02<10:47,  2.35it/s, cached=478, failed=0, skipped=0]
precache:  24%|██▍       | 479/2000 [04:03<08:04,  3.14it/s, cached=478, failed=0, skipped=0]
precache:  24%|██▍       | 479/2000 [04:03<08:04,  3.14it/s, cached=479, failed=0, skipped=0]
precache:  24%|██▍       | 480/2000 [04:04<09:39,  2.62it/s, cached=479, failed=0, skipped=0]
precache:  24%|██▍       | 480/2000 [04:04<09:39,  2.62it/s, cached=480, failed=0, skipped=0]
precache:  24%|██▍       | 481/2000 [04:04<09:39,  2.62it/s, cached=481, failed=0, skipped=0]
precache:  24%|██▍       | 482/2000 [04:04<07:12,  3.51it/s, cached=481, failed=0, skipped=0]
precache:  24%|██▍       | 482/2000 [04:04<07:12,  3.51it/s, cached=482, failed=0, skipped=0]
precache:  24%|██▍       | 483/2000 [04:04<07:12,  3.51it/s, cached=483, failed=0, skipped=0]
precache:  24%|██▍       | 484/2000 [04:05<07:52,  3.21it/s, cached=483, failed=0, skipped=0]
precache:  24%|██▍       | 484/2000 [04:05<07:52,  3.21it/s, cached=484, failed=0, skipped=0]
precache:  24%|██▍       | 485/2000 [04:05<08:50,  2.86it/s, cached=484, failed=0, skipped=0]
precache:  24%|██▍       | 485/2000 [04:05<08:50,  2.86it/s, cached=485, failed=0, skipped=0]
precache:  24%|██▍       | 486/2000 [04:06<11:12,  2.25it/s, cached=485, failed=0, skipped=0]
precache:  24%|██▍       | 486/2000 [04:06<11:12,  2.25it/s, cached=486, failed=0, skipped=0]
precache:  24%|██▍       | 487/2000 [04:06<09:19,  2.71it/s, cached=486, failed=0, skipped=0]
precache:  24%|██▍       | 487/2000 [04:06<09:19,  2.71it/s, cached=487, failed=0, skipped=0]
precache:  24%|██▍       | 488/2000 [04:06<07:51,  3.20it/s, cached=487, failed=0, skipped=0]
precache:  24%|██▍       | 488/2000 [04:06<07:51,  3.20it/s, cached=488, failed=0, skipped=0]
precache:  24%|██▍       | 489/2000 [04:06<07:51,  3.20it/s, cached=489, failed=0, skipped=0]
precache:  24%|██▍       | 490/2000 [04:07<10:20,  2.43it/s, cached=489, failed=0, skipped=0]
precache:  24%|██▍       | 490/2000 [04:07<10:20,  2.43it/s, cached=490, failed=0, skipped=0]
precache:  25%|██▍       | 491/2000 [04:07<10:20,  2.43it/s, cached=491, failed=0, skipped=0]
precache:  25%|██▍       | 492/2000 [04:08<11:05,  2.27it/s, cached=491, failed=0, skipped=0]
precache:  25%|██▍       | 492/2000 [04:08<11:05,  2.27it/s, cached=492, failed=0, skipped=0]
precache:  25%|██▍       | 493/2000 [04:08<11:04,  2.27it/s, cached=493, failed=0, skipped=0]
precache:  25%|██▍       | 494/2000 [04:08<11:04,  2.27it/s, cached=494, failed=0, skipped=0]
precache:  25%|██▍       | 495/2000 [04:08<06:46,  3.70it/s, cached=494, failed=0, skipped=0]
precache:  25%|██▍       | 495/2000 [04:08<06:46,  3.70it/s, cached=495, failed=0, skipped=0]
precache:  25%|██▍       | 496/2000 [04:09<08:00,  3.13it/s, cached=495, failed=0, skipped=0]
precache:  25%|██▍       | 496/2000 [04:09<08:00,  3.13it/s, cached=496, failed=0, skipped=0]
precache:  25%|██▍       | 497/2000 [04:09<07:02,  3.56it/s, cached=496, failed=0, skipped=0]
precache:  25%|██▍       | 497/2000 [04:09<07:02,  3.56it/s, cached=497, failed=0, skipped=0]
precache:  25%|██▍       | 498/2000 [04:10<11:11,  2.24it/s, cached=497, failed=0, skipped=0]
precache:  25%|██▍       | 498/2000 [04:10<11:11,  2.24it/s, cached=498, failed=0, skipped=0]
precache:  25%|██▍       | 499/2000 [04:10<11:10,  2.24it/s, cached=499, failed=0, skipped=0]
precache:  25%|██▌       | 500/2000 [04:10<07:31,  3.33it/s, cached=499, failed=0, skipped=0]
precache:  25%|██▌       | 500/2000 [04:10<07:31,  3.33it/s, cached=500, failed=0, skipped=0]
precache:  25%|██▌       | 501/2000 [04:11<07:51,  3.18it/s, cached=500, failed=0, skipped=0]
precache:  25%|██▌       | 501/2000 [04:11<07:51,  3.18it/s, cached=501, failed=0, skipped=0]
precache:  25%|██▌       | 502/2000 [04:11<08:28,  2.94it/s, cached=501, failed=0, skipped=0]
precache:  25%|██▌       | 502/2000 [04:11<08:28,  2.94it/s, cached=502, failed=0, skipped=0]
precache:  25%|██▌       | 503/2000 [04:11<08:28,  2.94it/s, cached=503, failed=0, skipped=0]
precache:  25%|██▌       | 504/2000 [04:12<10:05,  2.47it/s, cached=503, failed=0, skipped=0]
precache:  25%|██▌       | 504/2000 [04:12<10:05,  2.47it/s, cached=504, failed=0, skipped=0]
precache:  25%|██▌       | 505/2000 [04:12<09:14,  2.69it/s, cached=504, failed=0, skipped=0]
precache:  25%|██▌       | 505/2000 [04:12<09:14,  2.69it/s, cached=505, failed=0, skipped=0]
precache:  25%|██▌       | 506/2000 [04:12<07:42,  3.23it/s, cached=505, failed=0, skipped=0]
precache:  25%|██▌       | 506/2000 [04:12<07:42,  3.23it/s, cached=506, failed=0, skipped=0]
precache:  25%|██▌       | 507/2000 [04:13<07:07,  3.49it/s, cached=506, failed=0, skipped=0]
precache:  25%|██▌       | 507/2000 [04:13<07:07,  3.49it/s, cached=507, failed=0, skipped=0]
precache:  25%|██▌       | 508/2000 [04:13<06:32,  3.80it/s, cached=507, failed=0, skipped=0]
precache:  25%|██▌       | 508/2000 [04:13<06:32,  3.80it/s, cached=508, failed=0, skipped=0]
precache:  25%|██▌       | 509/2000 [04:13<06:31,  3.80it/s, cached=509, failed=0, skipped=0]
precache:  26%|██▌       | 510/2000 [04:14<10:25,  2.38it/s, cached=509, failed=0, skipped=0]
precache:  26%|██▌       | 510/2000 [04:14<10:25,  2.38it/s, cached=510, failed=0, skipped=0]
precache:  26%|██▌       | 511/2000 [04:14<09:18,  2.67it/s, cached=510, failed=0, skipped=0]
precache:  26%|██▌       | 511/2000 [04:14<09:18,  2.67it/s, cached=511, failed=0, skipped=0]
precache:  26%|██▌       | 512/2000 [04:15<08:41,  2.85it/s, cached=511, failed=0, skipped=0]
precache:  26%|██▌       | 512/2000 [04:15<08:41,  2.85it/s, cached=512, failed=0, skipped=0]
precache:  26%|██▌       | 513/2000 [04:15<07:36,  3.25it/s, cached=512, failed=0, skipped=0]
precache:  26%|██▌       | 513/2000 [04:15<07:36,  3.25it/s, cached=513, failed=0, skipped=0]
precache:  26%|██▌       | 514/2000 [04:15<07:57,  3.11it/s, cached=513, failed=0, skipped=0]
precache:  26%|██▌       | 514/2000 [04:15<07:57,  3.11it/s, cached=514, failed=0, skipped=0]
precache:  26%|██▌       | 515/2000 [04:15<07:40,  3.23it/s, cached=514, failed=0, skipped=0]
precache:  26%|██▌       | 515/2000 [04:15<07:40,  3.23it/s, cached=515, failed=0, skipped=0]
precache:  26%|██▌       | 516/2000 [04:16<12:06,  2.04it/s, cached=515, failed=0, skipped=0]
precache:  26%|██▌       | 516/2000 [04:16<12:06,  2.04it/s, cached=516, failed=0, skipped=0]
precache:  26%|██▌       | 517/2000 [04:17<10:28,  2.36it/s, cached=516, failed=0, skipped=0]
precache:  26%|██▌       | 517/2000 [04:17<10:28,  2.36it/s, cached=517, failed=0, skipped=0]
precache:  26%|██▌       | 518/2000 [04:17<10:28,  2.36it/s, cached=518, failed=0, skipped=0]
precache:  26%|██▌       | 519/2000 [04:17<10:01,  2.46it/s, cached=518, failed=0, skipped=0]
precache:  26%|██▌       | 519/2000 [04:17<10:01,  2.46it/s, cached=519, failed=0, skipped=0]
precache:  26%|██▌       | 520/2000 [04:17<10:00,  2.46it/s, cached=520, failed=0, skipped=0]
precache:  26%|██▌       | 521/2000 [04:17<10:00,  2.46it/s, cached=521, failed=0, skipped=0]
precache:  26%|██▌       | 522/2000 [04:18<08:56,  2.76it/s, cached=521, failed=0, skipped=0]
precache:  26%|██▌       | 522/2000 [04:18<08:56,  2.76it/s, cached=522, failed=0, skipped=0]
precache:  26%|██▌       | 523/2000 [04:18<08:55,  2.76it/s, cached=523, failed=0, skipped=0]
precache:  26%|██▌       | 524/2000 [04:19<06:38,  3.71it/s, cached=523, failed=0, skipped=0]
precache:  26%|██▌       | 524/2000 [04:19<06:38,  3.71it/s, cached=524, failed=0, skipped=0]
precache:  26%|██▋       | 525/2000 [04:19<09:00,  2.73it/s, cached=524, failed=0, skipped=0]
precache:  26%|██▋       | 525/2000 [04:19<09:00,  2.73it/s, cached=525, failed=0, skipped=0]
precache:  26%|██▋       | 526/2000 [04:19<08:59,  2.73it/s, cached=526, failed=0, skipped=0]
precache:  26%|██▋       | 527/2000 [04:19<08:59,  2.73it/s, cached=527, failed=0, skipped=0]
precache:  26%|██▋       | 528/2000 [04:20<08:49,  2.78it/s, cached=527, failed=0, skipped=0]
precache:  26%|██▋       | 528/2000 [04:20<08:49,  2.78it/s, cached=528, failed=0, skipped=0]
precache:  26%|██▋       | 529/2000 [04:21<10:55,  2.25it/s, cached=528, failed=0, skipped=0]
precache:  26%|██▋       | 529/2000 [04:21<10:55,  2.25it/s, cached=529, failed=0, skipped=0]
precache:  26%|██▋       | 530/2000 [04:22<11:04,  2.21it/s, cached=529, failed=0, skipped=0]
precache:  26%|██▋       | 530/2000 [04:22<11:04,  2.21it/s, cached=530, failed=0, skipped=0]
precache:  27%|██▋       | 531/2000 [04:22<11:04,  2.21it/s, cached=531, failed=0, skipped=0]
precache:  27%|██▋       | 532/2000 [04:22<08:26,  2.90it/s, cached=531, failed=0, skipped=0]
precache:  27%|██▋       | 532/2000 [04:22<08:26,  2.90it/s, cached=532, failed=0, skipped=0]
precache:  27%|██▋       | 533/2000 [04:22<08:26,  2.90it/s, cached=533, failed=0, skipped=0]
precache:  27%|██▋       | 534/2000 [04:23<07:57,  3.07it/s, cached=533, failed=0, skipped=0]
precache:  27%|██▋       | 534/2000 [04:23<07:57,  3.07it/s, cached=534, failed=0, skipped=0]
precache:  27%|██▋       | 535/2000 [04:23<07:44,  3.15it/s, cached=534, failed=0, skipped=0]
precache:  27%|██▋       | 535/2000 [04:23<07:44,  3.15it/s, cached=535, failed=0, skipped=0]
precache:  27%|██▋       | 536/2000 [04:23<09:13,  2.64it/s, cached=535, failed=0, skipped=0]
precache:  27%|██▋       | 536/2000 [04:23<09:13,  2.64it/s, cached=536, failed=0, skipped=0]
precache:  27%|██▋       | 537/2000 [04:24<09:04,  2.69it/s, cached=536, failed=0, skipped=0]
precache:  27%|██▋       | 537/2000 [04:24<09:04,  2.69it/s, cached=537, failed=0, skipped=0]
precache:  27%|██▋       | 538/2000 [04:24<09:04,  2.69it/s, cached=538, failed=0, skipped=0]
precache:  27%|██▋       | 539/2000 [04:24<09:03,  2.69it/s, cached=539, failed=0, skipped=0]
precache:  27%|██▋       | 540/2000 [04:24<05:51,  4.15it/s, cached=539, failed=0, skipped=0]
precache:  27%|██▋       | 540/2000 [04:24<05:51,  4.15it/s, cached=540, failed=0, skipped=0]
precache:  27%|██▋       | 541/2000 [04:24<05:59,  4.05it/s, cached=540, failed=0, skipped=0]
precache:  27%|██▋       | 541/2000 [04:24<05:59,  4.05it/s, cached=541, failed=0, skipped=0]
precache:  27%|██▋       | 542/2000 [04:25<09:16,  2.62it/s, cached=541, failed=0, skipped=0]
precache:  27%|██▋       | 542/2000 [04:25<09:16,  2.62it/s, cached=542, failed=0, skipped=0]
precache:  27%|██▋       | 543/2000 [04:25<08:13,  2.95it/s, cached=542, failed=0, skipped=0]
precache:  27%|██▋       | 543/2000 [04:25<08:13,  2.95it/s, cached=543, failed=0, skipped=0]
precache:  27%|██▋       | 544/2000 [04:26<09:16,  2.61it/s, cached=543, failed=0, skipped=0]
precache:  27%|██▋       | 544/2000 [04:26<09:16,  2.61it/s, cached=544, failed=0, skipped=0]
precache:  27%|██▋       | 545/2000 [04:26<09:16,  2.61it/s, cached=545, failed=0, skipped=0]
precache:  27%|██▋       | 546/2000 [04:26<06:12,  3.91it/s, cached=545, failed=0, skipped=0]
precache:  27%|██▋       | 546/2000 [04:26<06:12,  3.91it/s, cached=546, failed=0, skipped=0]
precache:  27%|██▋       | 547/2000 [04:26<05:24,  4.48it/s, cached=546, failed=0, skipped=0]
precache:  27%|██▋       | 547/2000 [04:26<05:24,  4.48it/s, cached=547, failed=0, skipped=0]
precache:  27%|██▋       | 548/2000 [04:28<12:02,  2.01it/s, cached=547, failed=0, skipped=0]
precache:  27%|██▋       | 548/2000 [04:28<12:02,  2.01it/s, cached=548, failed=0, skipped=0]
precache:  27%|██▋       | 549/2000 [04:28<09:41,  2.50it/s, cached=548, failed=0, skipped=0]
precache:  27%|██▋       | 549/2000 [04:28<09:41,  2.50it/s, cached=549, failed=0, skipped=0]
precache:  28%|██▊       | 550/2000 [04:28<08:52,  2.72it/s, cached=549, failed=0, skipped=0]
precache:  28%|██▊       | 550/2000 [04:28<08:52,  2.72it/s, cached=550, failed=0, skipped=0]
precache:  28%|██▊       | 551/2000 [04:28<08:18,  2.91it/s, cached=550, failed=0, skipped=0]
precache:  28%|██▊       | 551/2000 [04:28<08:18,  2.91it/s, cached=551, failed=0, skipped=0]
precache:  28%|██▊       | 552/2000 [04:29<07:25,  3.25it/s, cached=551, failed=0, skipped=0]
precache:  28%|██▊       | 552/2000 [04:29<07:25,  3.25it/s, cached=552, failed=0, skipped=0]
precache:  28%|██▊       | 553/2000 [04:29<06:53,  3.50it/s, cached=552, failed=0, skipped=0]
precache:  28%|██▊       | 553/2000 [04:29<06:53,  3.50it/s, cached=553, failed=0, skipped=0]
precache:  28%|██▊       | 554/2000 [04:30<10:34,  2.28it/s, cached=553, failed=0, skipped=0]
precache:  28%|██▊       | 554/2000 [04:30<10:34,  2.28it/s, cached=554, failed=0, skipped=0]
precache:  28%|██▊       | 555/2000 [04:30<09:11,  2.62it/s, cached=554, failed=0, skipped=0]
precache:  28%|██▊       | 555/2000 [04:30<09:11,  2.62it/s, cached=555, failed=0, skipped=0]
precache:  28%|██▊       | 556/2000 [04:30<09:12,  2.61it/s, cached=555, failed=0, skipped=0]
precache:  28%|██▊       | 556/2000 [04:30<09:12,  2.61it/s, cached=556, failed=0, skipped=0]
precache:  28%|██▊       | 557/2000 [04:30<09:12,  2.61it/s, cached=557, failed=0, skipped=0]
precache:  28%|██▊       | 558/2000 [04:31<07:43,  3.11it/s, cached=557, failed=0, skipped=0]
precache:  28%|██▊       | 558/2000 [04:31<07:43,  3.11it/s, cached=558, failed=0, skipped=0]
precache:  28%|██▊       | 559/2000 [04:31<07:42,  3.11it/s, cached=559, failed=0, skipped=0]
precache:  28%|██▊       | 560/2000 [04:31<08:14,  2.91it/s, cached=559, failed=0, skipped=0]
precache:  28%|██▊       | 560/2000 [04:31<08:14,  2.91it/s, cached=560, failed=0, skipped=0]
precache:  28%|██▊       | 561/2000 [04:32<07:56,  3.02it/s, cached=560, failed=0, skipped=0]
precache:  28%|██▊       | 561/2000 [04:32<07:56,  3.02it/s, cached=561, failed=0, skipped=0]
precache:  28%|██▊       | 562/2000 [04:32<07:51,  3.05it/s, cached=561, failed=0, skipped=0]
precache:  28%|██▊       | 562/2000 [04:32<07:51,  3.05it/s, cached=562, failed=0, skipped=0]
precache:  28%|██▊       | 563/2000 [04:32<07:51,  3.05it/s, cached=563, failed=0, skipped=0]
precache:  28%|██▊       | 564/2000 [04:33<07:03,  3.39it/s, cached=563, failed=0, skipped=0]
precache:  28%|██▊       | 564/2000 [04:33<07:03,  3.39it/s, cached=564, failed=0, skipped=0]
precache:  28%|██▊       | 565/2000 [04:33<06:51,  3.49it/s, cached=564, failed=0, skipped=0]
precache:  28%|██▊       | 565/2000 [04:33<06:51,  3.49it/s, cached=565, failed=0, skipped=0]
precache:  28%|██▊       | 566/2000 [04:33<08:41,  2.75it/s, cached=565, failed=0, skipped=0]
precache:  28%|██▊       | 566/2000 [04:33<08:41,  2.75it/s, cached=566, failed=0, skipped=0]
precache:  28%|██▊       | 567/2000 [04:33<08:40,  2.75it/s, cached=567, failed=0, skipped=0]
precache:  28%|██▊       | 568/2000 [04:34<06:50,  3.49it/s, cached=567, failed=0, skipped=0]
precache:  28%|██▊       | 568/2000 [04:34<06:50,  3.49it/s, cached=568, failed=0, skipped=0]
precache:  28%|██▊       | 569/2000 [04:34<08:14,  2.90it/s, cached=568, failed=0, skipped=0]
precache:  28%|██▊       | 569/2000 [04:34<08:14,  2.90it/s, cached=569, failed=0, skipped=0]
precache:  28%|██▊       | 570/2000 [04:34<08:13,  2.90it/s, cached=570, failed=0, skipped=0]
precache:  29%|██▊       | 571/2000 [04:34<05:40,  4.20it/s, cached=570, failed=0, skipped=0]
precache:  29%|██▊       | 571/2000 [04:34<05:40,  4.20it/s, cached=571, failed=0, skipped=0]
precache:  29%|██▊       | 572/2000 [04:36<09:58,  2.38it/s, cached=571, failed=0, skipped=0]
precache:  29%|██▊       | 572/2000 [04:36<09:58,  2.38it/s, cached=572, failed=0, skipped=0]
precache:  29%|██▊       | 573/2000 [04:36<09:58,  2.38it/s, cached=573, failed=0, skipped=0]
precache:  29%|██▊       | 574/2000 [04:36<07:42,  3.08it/s, cached=573, failed=0, skipped=0]
precache:  29%|██▊       | 574/2000 [04:36<07:42,  3.08it/s, cached=574, failed=0, skipped=0]
precache:  29%|██▉       | 575/2000 [04:36<06:57,  3.41it/s, cached=574, failed=0, skipped=0]
precache:  29%|██▉       | 575/2000 [04:36<06:57,  3.41it/s, cached=575, failed=0, skipped=0]
precache:  29%|██▉       | 576/2000 [04:36<06:04,  3.91it/s, cached=575, failed=0, skipped=0]
precache:  29%|██▉       | 576/2000 [04:36<06:04,  3.91it/s, cached=576, failed=0, skipped=0]
precache:  29%|██▉       | 577/2000 [04:37<07:18,  3.24it/s, cached=576, failed=0, skipped=0]
precache:  29%|██▉       | 577/2000 [04:37<07:18,  3.24it/s, cached=577, failed=0, skipped=0]
precache:  29%|██▉       | 578/2000 [04:38<12:15,  1.93it/s, cached=577, failed=0, skipped=0]
precache:  29%|██▉       | 578/2000 [04:38<12:15,  1.93it/s, cached=578, failed=0, skipped=0]
precache:  29%|██▉       | 579/2000 [04:38<10:21,  2.29it/s, cached=578, failed=0, skipped=0]
precache:  29%|██▉       | 579/2000 [04:38<10:21,  2.29it/s, cached=579, failed=0, skipped=0]
precache:  29%|██▉       | 580/2000 [04:38<08:15,  2.86it/s, cached=579, failed=0, skipped=0]
precache:  29%|██▉       | 580/2000 [04:38<08:15,  2.86it/s, cached=580, failed=0, skipped=0]
precache:  29%|██▉       | 581/2000 [04:38<08:15,  2.86it/s, cached=581, failed=0, skipped=0]
precache:  29%|██▉       | 582/2000 [04:38<08:15,  2.86it/s, cached=582, failed=0, skipped=0]
precache:  29%|██▉       | 583/2000 [04:39<06:16,  3.76it/s, cached=582, failed=0, skipped=0]
precache:  29%|██▉       | 583/2000 [04:39<06:16,  3.76it/s, cached=583, failed=0, skipped=0]
precache:  29%|██▉       | 584/2000 [04:40<11:14,  2.10it/s, cached=583, failed=0, skipped=0]
precache:  29%|██▉       | 584/2000 [04:40<11:14,  2.10it/s, cached=584, failed=0, skipped=0]
precache:  29%|██▉       | 585/2000 [04:40<09:34,  2.46it/s, cached=584, failed=0, skipped=0]
precache:  29%|██▉       | 585/2000 [04:40<09:34,  2.46it/s, cached=585, failed=0, skipped=0]
precache:  29%|██▉       | 586/2000 [04:40<09:34,  2.46it/s, cached=586, failed=0, skipped=0]
precache:  29%|██▉       | 587/2000 [04:40<06:17,  3.74it/s, cached=586, failed=0, skipped=0]
precache:  29%|██▉       | 587/2000 [04:40<06:17,  3.74it/s, cached=587, failed=0, skipped=0]
precache:  29%|██▉       | 588/2000 [04:40<05:54,  3.98it/s, cached=587, failed=0, skipped=0]
precache:  29%|██▉       | 588/2000 [04:40<05:54,  3.98it/s, cached=588, failed=0, skipped=0]
precache:  29%|██▉       | 589/2000 [04:41<06:22,  3.69it/s, cached=588, failed=0, skipped=0]
precache:  29%|██▉       | 589/2000 [04:41<06:22,  3.69it/s, cached=589, failed=0, skipped=0]
precache:  30%|██▉       | 590/2000 [04:42<12:21,  1.90it/s, cached=589, failed=0, skipped=0]
precache:  30%|██▉       | 590/2000 [04:42<12:21,  1.90it/s, cached=590, failed=0, skipped=0]
precache:  30%|██▉       | 591/2000 [04:42<10:56,  2.15it/s, cached=590, failed=0, skipped=0]
precache:  30%|██▉       | 591/2000 [04:42<10:56,  2.15it/s, cached=591, failed=0, skipped=0]
precache:  30%|██▉       | 592/2000 [04:42<10:55,  2.15it/s, cached=592, failed=0, skipped=0]
precache:  30%|██▉       | 593/2000 [04:42<10:55,  2.15it/s, cached=593, failed=0, skipped=0]
precache:  30%|██▉       | 594/2000 [04:42<05:37,  4.16it/s, cached=593, failed=0, skipped=0]
precache:  30%|██▉       | 594/2000 [04:42<05:37,  4.16it/s, cached=594, failed=0, skipped=0]
precache:  30%|██▉       | 595/2000 [04:43<05:38,  4.15it/s, cached=594, failed=0, skipped=0]
precache:  30%|██▉       | 595/2000 [04:43<05:38,  4.15it/s, cached=595, failed=0, skipped=0]
precache:  30%|██▉       | 596/2000 [04:45<14:23,  1.63it/s, cached=595, failed=0, skipped=0]
precache:  30%|██▉       | 596/2000 [04:45<14:23,  1.63it/s, cached=596, failed=0, skipped=0]
precache:  30%|██▉       | 597/2000 [04:45<14:22,  1.63it/s, cached=597, failed=0, skipped=0]
precache:  30%|██▉       | 598/2000 [04:45<09:27,  2.47it/s, cached=597, failed=0, skipped=0]
precache:  30%|██▉       | 598/2000 [04:45<09:27,  2.47it/s, cached=598, failed=0, skipped=0]
precache:  30%|██▉       | 599/2000 [04:45<09:27,  2.47it/s, cached=599, failed=0, skipped=0]
precache:  30%|███       | 600/2000 [04:45<06:57,  3.36it/s, cached=599, failed=0, skipped=0]
precache:  30%|███       | 600/2000 [04:45<06:57,  3.36it/s, cached=600, failed=0, skipped=0]
precache:  30%|███       | 601/2000 [04:45<06:42,  3.47it/s, cached=600, failed=0, skipped=0]
precache:  30%|███       | 601/2000 [04:45<06:42,  3.47it/s, cached=601, failed=0, skipped=0]
precache:  30%|███       | 602/2000 [04:47<13:11,  1.77it/s, cached=601, failed=0, skipped=0]
precache:  30%|███       | 602/2000 [04:47<13:11,  1.77it/s, cached=602, failed=0, skipped=0]
precache:  30%|███       | 603/2000 [04:47<13:10,  1.77it/s, cached=603, failed=0, skipped=0]
precache:  30%|███       | 604/2000 [04:47<08:46,  2.65it/s, cached=603, failed=0, skipped=0]
precache:  30%|███       | 604/2000 [04:47<08:46,  2.65it/s, cached=604, failed=0, skipped=0]
precache:  30%|███       | 605/2000 [04:47<07:24,  3.14it/s, cached=604, failed=0, skipped=0]
precache:  30%|███       | 605/2000 [04:47<07:24,  3.14it/s, cached=605, failed=0, skipped=0]
precache:  30%|███       | 606/2000 [04:47<07:24,  3.14it/s, cached=606, failed=0, skipped=0]
precache:  30%|███       | 607/2000 [04:47<06:04,  3.82it/s, cached=606, failed=0, skipped=0]
precache:  30%|███       | 607/2000 [04:47<06:04,  3.82it/s, cached=607, failed=0, skipped=0]
precache:  30%|███       | 608/2000 [04:49<11:24,  2.03it/s, cached=607, failed=0, skipped=0]
precache:  30%|███       | 608/2000 [04:49<11:24,  2.03it/s, cached=608, failed=0, skipped=0]
precache:  30%|███       | 609/2000 [04:49<11:24,  2.03it/s, cached=609, failed=0, skipped=0]
precache:  30%|███       | 610/2000 [04:49<07:51,  2.95it/s, cached=609, failed=0, skipped=0]
precache:  30%|███       | 610/2000 [04:49<07:51,  2.95it/s, cached=610, failed=0, skipped=0]
precache:  31%|███       | 611/2000 [04:49<07:50,  2.95it/s, cached=611, failed=0, skipped=0]
precache:  31%|███       | 612/2000 [04:49<06:01,  3.84it/s, cached=611, failed=0, skipped=0]
precache:  31%|███       | 612/2000 [04:49<06:01,  3.84it/s, cached=612, failed=0, skipped=0]
precache:  31%|███       | 613/2000 [04:49<06:01,  3.84it/s, cached=613, failed=0, skipped=0]
precache:  31%|███       | 614/2000 [04:51<09:23,  2.46it/s, cached=613, failed=0, skipped=0]
precache:  31%|███       | 614/2000 [04:51<09:23,  2.46it/s, cached=614, failed=0, skipped=0]
precache:  31%|███       | 615/2000 [04:51<09:14,  2.50it/s, cached=614, failed=0, skipped=0]
precache:  31%|███       | 615/2000 [04:51<09:14,  2.50it/s, cached=615, failed=0, skipped=0]
precache:  31%|███       | 616/2000 [04:51<09:14,  2.50it/s, cached=616, failed=0, skipped=0]
precache:  31%|███       | 617/2000 [04:51<06:26,  3.58it/s, cached=616, failed=0, skipped=0]
precache:  31%|███       | 617/2000 [04:51<06:26,  3.58it/s, cached=617, failed=0, skipped=0]
precache:  31%|███       | 618/2000 [04:51<05:37,  4.09it/s, cached=617, failed=0, skipped=0]
precache:  31%|███       | 618/2000 [04:51<05:37,  4.09it/s, cached=618, failed=0, skipped=0]
precache:  31%|███       | 619/2000 [04:51<05:37,  4.09it/s, cached=619, failed=0, skipped=0]
precache:  31%|███       | 620/2000 [04:53<09:36,  2.39it/s, cached=619, failed=0, skipped=0]
precache:  31%|███       | 620/2000 [04:53<09:36,  2.39it/s, cached=620, failed=0, skipped=0]
precache:  31%|███       | 621/2000 [04:53<08:51,  2.59it/s, cached=620, failed=0, skipped=0]
precache:  31%|███       | 621/2000 [04:53<08:51,  2.59it/s, cached=621, failed=0, skipped=0]
precache:  31%|███       | 622/2000 [04:53<07:57,  2.89it/s, cached=621, failed=0, skipped=0]
precache:  31%|███       | 622/2000 [04:53<07:57,  2.89it/s, cached=622, failed=0, skipped=0]
precache:  31%|███       | 623/2000 [04:53<07:56,  2.89it/s, cached=623, failed=0, skipped=0]
precache:  31%|███       | 624/2000 [04:53<05:41,  4.02it/s, cached=623, failed=0, skipped=0]
precache:  31%|███       | 624/2000 [04:53<05:41,  4.02it/s, cached=624, failed=0, skipped=0]
precache:  31%|███▏      | 625/2000 [04:53<05:41,  4.02it/s, cached=625, failed=0, skipped=0]
precache:  31%|███▏      | 626/2000 [04:55<11:13,  2.04it/s, cached=625, failed=0, skipped=0]
precache:  31%|███▏      | 626/2000 [04:55<11:13,  2.04it/s, cached=626, failed=0, skipped=0]
precache:  31%|███▏      | 627/2000 [04:55<09:49,  2.33it/s, cached=626, failed=0, skipped=0]
precache:  31%|███▏      | 627/2000 [04:55<09:49,  2.33it/s, cached=627, failed=0, skipped=0]
precache:  31%|███▏      | 628/2000 [04:55<09:49,  2.33it/s, cached=628, failed=0, skipped=0]
precache:  31%|███▏      | 629/2000 [04:56<07:53,  2.90it/s, cached=628, failed=0, skipped=0]
precache:  31%|███▏      | 629/2000 [04:56<07:53,  2.90it/s, cached=629, failed=0, skipped=0]
precache:  32%|███▏      | 630/2000 [04:56<06:48,  3.36it/s, cached=629, failed=0, skipped=0]
precache:  32%|███▏      | 630/2000 [04:56<06:48,  3.36it/s, cached=630, failed=0, skipped=0]
precache:  32%|███▏      | 631/2000 [04:56<06:53,  3.31it/s, cached=630, failed=0, skipped=0]
precache:  32%|███▏      | 631/2000 [04:56<06:53,  3.31it/s, cached=631, failed=0, skipped=0]
precache:  32%|███▏      | 632/2000 [04:57<13:04,  1.74it/s, cached=631, failed=0, skipped=0]
precache:  32%|███▏      | 632/2000 [04:57<13:04,  1.74it/s, cached=632, failed=0, skipped=0]
precache:  32%|███▏      | 633/2000 [04:58<11:13,  2.03it/s, cached=632, failed=0, skipped=0]
precache:  32%|███▏      | 633/2000 [04:58<11:13,  2.03it/s, cached=633, failed=0, skipped=0]
precache:  32%|███▏      | 634/2000 [04:58<08:59,  2.53it/s, cached=633, failed=0, skipped=0]
precache:  32%|███▏      | 634/2000 [04:58<08:59,  2.53it/s, cached=634, failed=0, skipped=0]
precache:  32%|███▏      | 635/2000 [04:58<08:35,  2.65it/s, cached=634, failed=0, skipped=0]
precache:  32%|███▏      | 635/2000 [04:58<08:35,  2.65it/s, cached=635, failed=0, skipped=0]
precache:  32%|███▏      | 636/2000 [04:58<07:23,  3.07it/s, cached=635, failed=0, skipped=0]
precache:  32%|███▏      | 636/2000 [04:58<07:23,  3.07it/s, cached=636, failed=0, skipped=0]
precache:  32%|███▏      | 637/2000 [04:58<07:23,  3.07it/s, cached=637, failed=0, skipped=0]
precache:  32%|███▏      | 638/2000 [05:00<10:41,  2.12it/s, cached=637, failed=0, skipped=0]
precache:  32%|███▏      | 638/2000 [05:00<10:41,  2.12it/s, cached=638, failed=0, skipped=0]
precache:  32%|███▏      | 639/2000 [05:00<11:18,  2.00it/s, cached=638, failed=0, skipped=0]
precache:  32%|███▏      | 639/2000 [05:00<11:18,  2.00it/s, cached=639, failed=0, skipped=0]
precache:  32%|███▏      | 640/2000 [05:00<11:18,  2.00it/s, cached=640, failed=0, skipped=0]
precache:  32%|███▏      | 641/2000 [05:01<10:11,  2.22it/s, cached=640, failed=0, skipped=0]
precache:  32%|███▏      | 641/2000 [05:01<10:11,  2.22it/s, cached=641, failed=0, skipped=0]
precache:  32%|███▏      | 642/2000 [05:01<08:35,  2.63it/s, cached=641, failed=0, skipped=0]
precache:  32%|███▏      | 642/2000 [05:01<08:35,  2.63it/s, cached=642, failed=0, skipped=0]
precache:  32%|███▏      | 643/2000 [05:01<08:35,  2.63it/s, cached=643, failed=0, skipped=0]
precache:  32%|███▏      | 644/2000 [05:02<08:49,  2.56it/s, cached=643, failed=0, skipped=0]
precache:  32%|███▏      | 644/2000 [05:02<08:49,  2.56it/s, cached=644, failed=0, skipped=0]
precache:  32%|███▏      | 645/2000 [05:02<08:58,  2.52it/s, cached=644, failed=0, skipped=0]
precache:  32%|███▏      | 645/2000 [05:02<08:58,  2.52it/s, cached=645, failed=0, skipped=0]
precache:  32%|███▏      | 646/2000 [05:03<07:25,  3.04it/s, cached=645, failed=0, skipped=0]
precache:  32%|███▏      | 646/2000 [05:03<07:25,  3.04it/s, cached=646, failed=0, skipped=0]
precache:  32%|███▏      | 647/2000 [05:03<08:43,  2.59it/s, cached=646, failed=0, skipped=0]
precache:  32%|███▏      | 647/2000 [05:03<08:43,  2.59it/s, cached=647, failed=0, skipped=0]
precache:  32%|███▏      | 648/2000 [05:03<07:24,  3.04it/s, cached=647, failed=0, skipped=0]
precache:  32%|███▏      | 648/2000 [05:03<07:24,  3.04it/s, cached=648, failed=0, skipped=0]
precache:  32%|███▏      | 649/2000 [05:04<07:31,  2.99it/s, cached=648, failed=0, skipped=0]
precache:  32%|███▏      | 649/2000 [05:04<07:31,  2.99it/s, cached=649, failed=0, skipped=0]
precache:  32%|███▎      | 650/2000 [05:05<11:32,  1.95it/s, cached=649, failed=0, skipped=0]
precache:  32%|███▎      | 650/2000 [05:05<11:32,  1.95it/s, cached=650, failed=0, skipped=0]
precache:  33%|███▎      | 651/2000 [05:05<11:05,  2.03it/s, cached=650, failed=0, skipped=0]
precache:  33%|███▎      | 651/2000 [05:05<11:05,  2.03it/s, cached=651, failed=0, skipped=0]
precache:  33%|███▎      | 652/2000 [05:05<10:18,  2.18it/s, cached=651, failed=0, skipped=0]
precache:  33%|███▎      | 652/2000 [05:05<10:18,  2.18it/s, cached=652, failed=0, skipped=0]
precache:  33%|███▎      | 653/2000 [05:06<10:04,  2.23it/s, cached=652, failed=0, skipped=0]
precache:  33%|███▎      | 653/2000 [05:06<10:04,  2.23it/s, cached=653, failed=0, skipped=0]
precache:  33%|███▎      | 654/2000 [05:06<08:21,  2.68it/s, cached=653, failed=0, skipped=0]
precache:  33%|███▎      | 654/2000 [05:06<08:21,  2.68it/s, cached=654, failed=0, skipped=0]
precache:  33%|███▎      | 655/2000 [05:06<08:20,  2.68it/s, cached=655, failed=0, skipped=0]
precache:  33%|███▎      | 656/2000 [05:07<11:20,  1.97it/s, cached=655, failed=0, skipped=0]
precache:  33%|███▎      | 656/2000 [05:07<11:20,  1.97it/s, cached=656, failed=0, skipped=0]
precache:  33%|███▎      | 657/2000 [05:08<10:47,  2.07it/s, cached=656, failed=0, skipped=0]
precache:  33%|███▎      | 657/2000 [05:08<10:47,  2.07it/s, cached=657, failed=0, skipped=0]
precache:  33%|███▎      | 658/2000 [05:08<08:43,  2.56it/s, cached=657, failed=0, skipped=0]
precache:  33%|███▎      | 658/2000 [05:08<08:43,  2.56it/s, cached=658, failed=0, skipped=0]
precache:  33%|███▎      | 659/2000 [05:08<08:35,  2.60it/s, cached=658, failed=0, skipped=0]
precache:  33%|███▎      | 659/2000 [05:08<08:35,  2.60it/s, cached=659, failed=0, skipped=0]
precache:  33%|███▎      | 660/2000 [05:08<07:30,  2.98it/s, cached=659, failed=0, skipped=0]
precache:  33%|███▎      | 660/2000 [05:08<07:30,  2.98it/s, cached=660, failed=0, skipped=0]
precache:  33%|███▎      | 661/2000 [05:08<07:29,  2.98it/s, cached=661, failed=0, skipped=0]
precache:  33%|███▎      | 662/2000 [05:10<11:16,  1.98it/s, cached=661, failed=0, skipped=0]
precache:  33%|███▎      | 662/2000 [05:10<11:16,  1.98it/s, cached=662, failed=0, skipped=0]
precache:  33%|███▎      | 663/2000 [05:10<11:16,  1.98it/s, cached=663, failed=0, skipped=0]
precache:  33%|███▎      | 664/2000 [05:10<08:51,  2.52it/s, cached=663, failed=0, skipped=0]
precache:  33%|███▎      | 664/2000 [05:10<08:51,  2.52it/s, cached=664, failed=0, skipped=0]
precache:  33%|███▎      | 665/2000 [05:11<07:37,  2.92it/s, cached=664, failed=0, skipped=0]
precache:  33%|███▎      | 665/2000 [05:11<07:37,  2.92it/s, cached=665, failed=0, skipped=0]
precache:  33%|███▎      | 666/2000 [05:11<07:31,  2.95it/s, cached=665, failed=0, skipped=0]
precache:  33%|███▎      | 666/2000 [05:11<07:31,  2.95it/s, cached=666, failed=0, skipped=0]
precache:  33%|███▎      | 667/2000 [05:11<06:24,  3.47it/s, cached=666, failed=0, skipped=0]
precache:  33%|███▎      | 667/2000 [05:11<06:24,  3.47it/s, cached=667, failed=0, skipped=0]
precache:  33%|███▎      | 668/2000 [05:12<12:56,  1.72it/s, cached=667, failed=0, skipped=0]
precache:  33%|███▎      | 668/2000 [05:12<12:56,  1.72it/s, cached=668, failed=0, skipped=0]
precache:  33%|███▎      | 669/2000 [05:12<10:07,  2.19it/s, cached=668, failed=0, skipped=0]
precache:  33%|███▎      | 669/2000 [05:12<10:07,  2.19it/s, cached=669, failed=0, skipped=0]
precache:  34%|███▎      | 670/2000 [05:13<08:59,  2.47it/s, cached=669, failed=0, skipped=0]
precache:  34%|███▎      | 670/2000 [05:13<08:59,  2.47it/s, cached=670, failed=0, skipped=0]
precache:  34%|███▎      | 671/2000 [05:13<07:18,  3.03it/s, cached=670, failed=0, skipped=0]
precache:  34%|███▎      | 671/2000 [05:13<07:18,  3.03it/s, cached=671, failed=0, skipped=0]
precache:  34%|███▎      | 672/2000 [05:14<09:00,  2.46it/s, cached=671, failed=0, skipped=0]
precache:  34%|███▎      | 672/2000 [05:14<09:00,  2.46it/s, cached=672, failed=0, skipped=0]
precache:  34%|███▎      | 673/2000 [05:14<09:00,  2.46it/s, cached=673, failed=0, skipped=0]
precache:  34%|███▎      | 674/2000 [05:15<10:28,  2.11it/s, cached=673, failed=0, skipped=0]
precache:  34%|███▎      | 674/2000 [05:15<10:28,  2.11it/s, cached=674, failed=0, skipped=0]
precache:  34%|███▍      | 675/2000 [05:15<09:01,  2.45it/s, cached=674, failed=0, skipped=0]
precache:  34%|███▍      | 675/2000 [05:15<09:01,  2.45it/s, cached=675, failed=0, skipped=0]
precache:  34%|███▍      | 676/2000 [05:15<08:52,  2.48it/s, cached=675, failed=0, skipped=0]
precache:  34%|███▍      | 676/2000 [05:15<08:52,  2.48it/s, cached=676, failed=0, skipped=0]
precache:  34%|███▍      | 677/2000 [05:15<07:33,  2.92it/s, cached=676, failed=0, skipped=0]
precache:  34%|███▍      | 677/2000 [05:15<07:33,  2.92it/s, cached=677, failed=0, skipped=0]
precache:  34%|███▍      | 678/2000 [05:16<06:31,  3.38it/s, cached=677, failed=0, skipped=0]
precache:  34%|███▍      | 678/2000 [05:16<06:31,  3.38it/s, cached=678, failed=0, skipped=0]
precache:  34%|███▍      | 679/2000 [05:17<11:13,  1.96it/s, cached=678, failed=0, skipped=0]
precache:  34%|███▍      | 679/2000 [05:17<11:13,  1.96it/s, cached=679, failed=0, skipped=0]
precache:  34%|███▍      | 680/2000 [05:17<13:19,  1.65it/s, cached=679, failed=0, skipped=0]
precache:  34%|███▍      | 680/2000 [05:17<13:19,  1.65it/s, cached=680, failed=0, skipped=0]
precache:  34%|███▍      | 681/2000 [05:17<13:19,  1.65it/s, cached=681, failed=0, skipped=0]
precache:  34%|███▍      | 682/2000 [05:18<08:37,  2.55it/s, cached=681, failed=0, skipped=0]
precache:  34%|███▍      | 682/2000 [05:18<08:37,  2.55it/s, cached=682, failed=0, skipped=0]
precache:  34%|███▍      | 683/2000 [05:18<07:16,  3.02it/s, cached=682, failed=0, skipped=0]
precache:  34%|███▍      | 683/2000 [05:18<07:16,  3.02it/s, cached=683, failed=0, skipped=0]
precache:  34%|███▍      | 684/2000 [05:18<07:20,  2.99it/s, cached=683, failed=0, skipped=0]
precache:  34%|███▍      | 684/2000 [05:18<07:20,  2.99it/s, cached=684, failed=0, skipped=0]
precache:  34%|███▍      | 685/2000 [05:19<09:38,  2.27it/s, cached=684, failed=0, skipped=0]
precache:  34%|███▍      | 685/2000 [05:19<09:38,  2.27it/s, cached=685, failed=0, skipped=0]
precache:  34%|███▍      | 686/2000 [05:19<07:43,  2.84it/s, cached=685, failed=0, skipped=0]
precache:  34%|███▍      | 686/2000 [05:19<07:43,  2.84it/s, cached=686, failed=0, skipped=0]
precache:  34%|███▍      | 687/2000 [05:19<06:25,  3.41it/s, cached=686, failed=0, skipped=0]
precache:  34%|███▍      | 687/2000 [05:19<06:25,  3.41it/s, cached=687, failed=0, skipped=0]
precache:  34%|███▍      | 688/2000 [05:20<07:35,  2.88it/s, cached=687, failed=0, skipped=0]
precache:  34%|███▍      | 688/2000 [05:20<07:35,  2.88it/s, cached=688, failed=0, skipped=0]
precache:  34%|███▍      | 689/2000 [05:20<07:34,  2.88it/s, cached=689, failed=0, skipped=0]
precache:  34%|███▍      | 690/2000 [05:21<08:24,  2.60it/s, cached=689, failed=0, skipped=0]
precache:  34%|███▍      | 690/2000 [05:21<08:24,  2.60it/s, cached=690, failed=0, skipped=0]
precache:  35%|███▍      | 691/2000 [05:21<11:03,  1.97it/s, cached=690, failed=0, skipped=0]
precache:  35%|███▍      | 691/2000 [05:21<11:03,  1.97it/s, cached=691, failed=0, skipped=0]
precache:  35%|███▍      | 692/2000 [05:21<11:02,  1.97it/s, cached=692, failed=0, skipped=0]
precache:  35%|███▍      | 693/2000 [05:21<11:02,  1.97it/s, cached=693, failed=0, skipped=0]
precache:  35%|███▍      | 694/2000 [05:22<06:05,  3.57it/s, cached=693, failed=0, skipped=0]
precache:  35%|███▍      | 694/2000 [05:22<06:05,  3.57it/s, cached=694, failed=0, skipped=0]
precache:  35%|███▍      | 695/2000 [05:22<05:41,  3.82it/s, cached=694, failed=0, skipped=0]
precache:  35%|███▍      | 695/2000 [05:22<05:41,  3.82it/s, cached=695, failed=0, skipped=0]
precache:  35%|███▍      | 696/2000 [05:23<08:04,  2.69it/s, cached=695, failed=0, skipped=0]
precache:  35%|███▍      | 696/2000 [05:23<08:04,  2.69it/s, cached=696, failed=0, skipped=0]
precache:  35%|███▍      | 697/2000 [05:23<08:44,  2.48it/s, cached=696, failed=0, skipped=0]
precache:  35%|███▍      | 697/2000 [05:23<08:44,  2.48it/s, cached=697, failed=0, skipped=0]
precache:  35%|███▍      | 698/2000 [05:23<08:44,  2.48it/s, cached=698, failed=0, skipped=0]
precache:  35%|███▍      | 699/2000 [05:23<08:43,  2.48it/s, cached=699, failed=0, skipped=0]
precache:  35%|███▌      | 700/2000 [05:24<06:01,  3.60it/s, cached=699, failed=0, skipped=0]
precache:  35%|███▌      | 700/2000 [05:24<06:01,  3.60it/s, cached=700, failed=0, skipped=0]
precache:  35%|███▌      | 701/2000 [05:24<05:54,  3.67it/s, cached=700, failed=0, skipped=0]
precache:  35%|███▌      | 701/2000 [05:24<05:54,  3.67it/s, cached=701, failed=0, skipped=0]
precache:  35%|███▌      | 702/2000 [05:25<08:00,  2.70it/s, cached=701, failed=0, skipped=0]
precache:  35%|███▌      | 702/2000 [05:25<08:00,  2.70it/s, cached=702, failed=0, skipped=0]
precache:  35%|███▌      | 703/2000 [05:25<07:26,  2.90it/s, cached=702, failed=0, skipped=0]
precache:  35%|███▌      | 703/2000 [05:25<07:26,  2.90it/s, cached=703, failed=0, skipped=0]
precache:  35%|███▌      | 704/2000 [05:25<06:34,  3.29it/s, cached=703, failed=0, skipped=0]
precache:  35%|███▌      | 704/2000 [05:25<06:34,  3.29it/s, cached=704, failed=0, skipped=0]
precache:  35%|███▌      | 705/2000 [05:25<05:35,  3.86it/s, cached=704, failed=0, skipped=0]
precache:  35%|███▌      | 705/2000 [05:25<05:35,  3.86it/s, cached=705, failed=0, skipped=0]
precache:  35%|███▌      | 706/2000 [05:25<05:51,  3.69it/s, cached=705, failed=0, skipped=0]
precache:  35%|███▌      | 706/2000 [05:25<05:51,  3.69it/s, cached=706, failed=0, skipped=0]
precache:  35%|███▌      | 707/2000 [05:26<05:33,  3.87it/s, cached=706, failed=0, skipped=0]
precache:  35%|███▌      | 707/2000 [05:26<05:33,  3.87it/s, cached=707, failed=0, skipped=0]
precache:  35%|███▌      | 708/2000 [05:26<07:19,  2.94it/s, cached=707, failed=0, skipped=0]
precache:  35%|███▌      | 708/2000 [05:26<07:19,  2.94it/s, cached=708, failed=0, skipped=0]
precache:  35%|███▌      | 709/2000 [05:27<10:36,  2.03it/s, cached=708, failed=0, skipped=0]
precache:  35%|███▌      | 709/2000 [05:27<10:36,  2.03it/s, cached=709, failed=0, skipped=0]
precache:  36%|███▌      | 710/2000 [05:27<10:36,  2.03it/s, cached=710, failed=0, skipped=0]
precache:  36%|███▌      | 711/2000 [05:27<07:12,  2.98it/s, cached=710, failed=0, skipped=0]
precache:  36%|███▌      | 711/2000 [05:27<07:12,  2.98it/s, cached=711, failed=0, skipped=0]
precache:  36%|███▌      | 712/2000 [05:28<06:49,  3.15it/s, cached=711, failed=0, skipped=0]
precache:  36%|███▌      | 712/2000 [05:28<06:49,  3.15it/s, cached=712, failed=0, skipped=0]
precache:  36%|███▌      | 713/2000 [05:28<06:48,  3.15it/s, cached=713, failed=0, skipped=0]
precache:  36%|███▌      | 714/2000 [05:28<07:49,  2.74it/s, cached=713, failed=0, skipped=0]
precache:  36%|███▌      | 714/2000 [05:28<07:49,  2.74it/s, cached=714, failed=0, skipped=0]
precache:  36%|███▌      | 715/2000 [05:29<10:21,  2.07it/s, cached=714, failed=0, skipped=0]
precache:  36%|███▌      | 715/2000 [05:29<10:21,  2.07it/s, cached=715, failed=0, skipped=0]
precache:  36%|███▌      | 716/2000 [05:29<08:40,  2.47it/s, cached=715, failed=0, skipped=0]
precache:  36%|███▌      | 716/2000 [05:29<08:40,  2.47it/s, cached=716, failed=0, skipped=0]
precache:  36%|███▌      | 717/2000 [05:29<08:39,  2.47it/s, cached=717, failed=0, skipped=0]
precache:  36%|███▌      | 718/2000 [05:30<05:43,  3.73it/s, cached=717, failed=0, skipped=0]
precache:  36%|███▌      | 718/2000 [05:30<05:43,  3.73it/s, cached=718, failed=0, skipped=0]
precache:  36%|███▌      | 719/2000 [05:30<04:59,  4.28it/s, cached=718, failed=0, skipped=0]
precache:  36%|███▌      | 719/2000 [05:30<04:59,  4.28it/s, cached=719, failed=0, skipped=0]
precache:  36%|███▌      | 720/2000 [05:31<07:50,  2.72it/s, cached=719, failed=0, skipped=0]
precache:  36%|███▌      | 720/2000 [05:31<07:50,  2.72it/s, cached=720, failed=0, skipped=0]
precache:  36%|███▌      | 721/2000 [05:31<10:15,  2.08it/s, cached=720, failed=0, skipped=0]
precache:  36%|███▌      | 721/2000 [05:31<10:15,  2.08it/s, cached=721, failed=0, skipped=0]
precache:  36%|███▌      | 722/2000 [05:31<10:15,  2.08it/s, cached=722, failed=0, skipped=0]
precache:  36%|███▌      | 723/2000 [05:32<06:37,  3.21it/s, cached=722, failed=0, skipped=0]
precache:  36%|███▌      | 723/2000 [05:32<06:37,  3.21it/s, cached=723, failed=0, skipped=0]
precache:  36%|███▌      | 724/2000 [05:32<06:37,  3.21it/s, cached=724, failed=0, skipped=0]
precache:  36%|███▋      | 725/2000 [05:32<05:23,  3.94it/s, cached=724, failed=0, skipped=0]
precache:  36%|███▋      | 725/2000 [05:32<05:23,  3.94it/s, cached=725, failed=0, skipped=0]
precache:  36%|███▋      | 726/2000 [05:32<06:15,  3.39it/s, cached=725, failed=0, skipped=0]
precache:  36%|███▋      | 726/2000 [05:32<06:15,  3.39it/s, cached=726, failed=0, skipped=0]
precache:  36%|███▋      | 727/2000 [05:33<09:15,  2.29it/s, cached=726, failed=0, skipped=0]
precache:  36%|███▋      | 727/2000 [05:33<09:15,  2.29it/s, cached=727, failed=0, skipped=0]
precache:  36%|███▋      | 728/2000 [05:33<09:15,  2.29it/s, cached=728, failed=0, skipped=0]
precache:  36%|███▋      | 729/2000 [05:33<06:30,  3.25it/s, cached=728, failed=0, skipped=0]
precache:  36%|███▋      | 729/2000 [05:33<06:30,  3.25it/s, cached=729, failed=0, skipped=0]
precache:  36%|███▋      | 730/2000 [05:33<06:30,  3.25it/s, cached=730, failed=0, skipped=0]
precache:  37%|███▋      | 731/2000 [05:34<06:14,  3.38it/s, cached=730, failed=0, skipped=0]
precache:  37%|███▋      | 731/2000 [05:34<06:14,  3.38it/s, cached=731, failed=0, skipped=0]
precache:  37%|███▋      | 732/2000 [05:34<06:14,  3.38it/s, cached=732, failed=0, skipped=0]
precache:  37%|███▋      | 733/2000 [05:35<08:53,  2.38it/s, cached=732, failed=0, skipped=0]
precache:  37%|███▋      | 733/2000 [05:35<08:53,  2.38it/s, cached=733, failed=0, skipped=0]
precache:  37%|███▋      | 734/2000 [05:35<08:52,  2.38it/s, cached=734, failed=0, skipped=0]
precache:  37%|███▋      | 735/2000 [05:35<06:40,  3.15it/s, cached=734, failed=0, skipped=0]
precache:  37%|███▋      | 735/2000 [05:35<06:40,  3.15it/s, cached=735, failed=0, skipped=0]
precache:  37%|███▋      | 736/2000 [05:35<06:40,  3.15it/s, cached=736, failed=0, skipped=0]
precache:  37%|███▋      | 737/2000 [05:36<05:08,  4.10it/s, cached=736, failed=0, skipped=0]
precache:  37%|███▋      | 737/2000 [05:36<05:08,  4.10it/s, cached=737, failed=0, skipped=0]
precache:  37%|███▋      | 738/2000 [05:36<05:08,  4.10it/s, cached=738, failed=0, skipped=0]
precache:  37%|███▋      | 739/2000 [05:37<08:36,  2.44it/s, cached=738, failed=0, skipped=0]
precache:  37%|███▋      | 739/2000 [05:37<08:36,  2.44it/s, cached=739, failed=0, skipped=0]
precache:  37%|███▋      | 740/2000 [05:37<08:35,  2.44it/s, cached=740, failed=0, skipped=0]
precache:  37%|███▋      | 741/2000 [05:38<07:13,  2.90it/s, cached=740, failed=0, skipped=0]
precache:  37%|███▋      | 741/2000 [05:38<07:13,  2.90it/s, cached=741, failed=0, skipped=0]
precache:  37%|███▋      | 742/2000 [05:38<07:13,  2.90it/s, cached=742, failed=0, skipped=0]
precache:  37%|███▋      | 743/2000 [05:38<07:13,  2.90it/s, cached=743, failed=0, skipped=0]
precache:  37%|███▋      | 744/2000 [05:38<04:37,  4.52it/s, cached=743, failed=0, skipped=0]
precache:  37%|███▋      | 744/2000 [05:38<04:37,  4.52it/s, cached=744, failed=0, skipped=0]
precache:  37%|███▋      | 745/2000 [05:39<04:37,  4.52it/s, cached=745, failed=0, skipped=0]
precache:  37%|███▋      | 746/2000 [05:40<08:39,  2.41it/s, cached=745, failed=0, skipped=0]
precache:  37%|███▋      | 746/2000 [05:40<08:39,  2.41it/s, cached=746, failed=0, skipped=0]
precache:  37%|███▋      | 747/2000 [05:40<08:39,  2.41it/s, cached=747, failed=0, skipped=0]
precache:  37%|███▋      | 748/2000 [05:40<06:34,  3.18it/s, cached=747, failed=0, skipped=0]
precache:  37%|███▋      | 748/2000 [05:40<06:34,  3.18it/s, cached=748, failed=0, skipped=0]
precache:  37%|███▋      | 749/2000 [05:40<06:34,  3.18it/s, cached=749, failed=0, skipped=0]
precache:  38%|███▊      | 750/2000 [05:40<06:33,  3.18it/s, cached=750, failed=0, skipped=0]
precache:  38%|███▊      | 751/2000 [05:41<07:33,  2.76it/s, cached=750, failed=0, skipped=0]
precache:  38%|███▊      | 751/2000 [05:41<07:33,  2.76it/s, cached=751, failed=0, skipped=0]
precache:  38%|███▊      | 752/2000 [05:41<07:45,  2.68it/s, cached=751, failed=0, skipped=0]
precache:  38%|███▊      | 752/2000 [05:41<07:45,  2.68it/s, cached=752, failed=0, skipped=0]
precache:  38%|███▊      | 753/2000 [05:42<07:01,  2.96it/s, cached=752, failed=0, skipped=0]
precache:  38%|███▊      | 753/2000 [05:42<07:01,  2.96it/s, cached=753, failed=0, skipped=0]
precache:  38%|███▊      | 754/2000 [05:42<06:37,  3.14it/s, cached=753, failed=0, skipped=0]
precache:  38%|███▊      | 754/2000 [05:42<06:37,  3.14it/s, cached=754, failed=0, skipped=0]
precache:  38%|███▊      | 755/2000 [05:42<06:37,  3.14it/s, cached=755, failed=0, skipped=0]
precache:  38%|███▊      | 756/2000 [05:42<06:36,  3.14it/s, cached=756, failed=0, skipped=0]
precache:  38%|███▊      | 757/2000 [05:43<07:37,  2.72it/s, cached=756, failed=0, skipped=0]
precache:  38%|███▊      | 757/2000 [05:43<07:37,  2.72it/s, cached=757, failed=0, skipped=0]
precache:  38%|███▊      | 758/2000 [05:44<08:31,  2.43it/s, cached=757, failed=0, skipped=0]
precache:  38%|███▊      | 758/2000 [05:44<08:31,  2.43it/s, cached=758, failed=0, skipped=0]
precache:  38%|███▊      | 759/2000 [05:44<08:36,  2.40it/s, cached=758, failed=0, skipped=0]
precache:  38%|███▊      | 759/2000 [05:44<08:36,  2.40it/s, cached=759, failed=0, skipped=0]
precache:  38%|███▊      | 760/2000 [05:44<08:36,  2.40it/s, cached=760, failed=0, skipped=0]
precache:  38%|███▊      | 761/2000 [05:44<08:35,  2.40it/s, cached=761, failed=0, skipped=0]
precache:  38%|███▊      | 762/2000 [05:44<05:18,  3.89it/s, cached=761, failed=0, skipped=0]
precache:  38%|███▊      | 762/2000 [05:44<05:18,  3.89it/s, cached=762, failed=0, skipped=0]
precache:  38%|███▊      | 763/2000 [05:46<08:28,  2.43it/s, cached=762, failed=0, skipped=0]
precache:  38%|███▊      | 763/2000 [05:46<08:28,  2.43it/s, cached=763, failed=0, skipped=0]
precache:  38%|███▊      | 764/2000 [05:46<09:00,  2.29it/s, cached=763, failed=0, skipped=0]
precache:  38%|███▊      | 764/2000 [05:46<09:00,  2.29it/s, cached=764, failed=0, skipped=0]
precache:  38%|███▊      | 765/2000 [05:46<07:51,  2.62it/s, cached=764, failed=0, skipped=0]
precache:  38%|███▊      | 765/2000 [05:46<07:51,  2.62it/s, cached=765, failed=0, skipped=0]
precache:  38%|███▊      | 766/2000 [05:46<06:37,  3.10it/s, cached=765, failed=0, skipped=0]
precache:  38%|███▊      | 766/2000 [05:46<06:37,  3.10it/s, cached=766, failed=0, skipped=0]
precache:  38%|███▊      | 767/2000 [05:46<06:37,  3.10it/s, cached=767, failed=0, skipped=0]
precache:  38%|███▊      | 768/2000 [05:47<04:35,  4.47it/s, cached=767, failed=0, skipped=0]
precache:  38%|███▊      | 768/2000 [05:47<04:35,  4.47it/s, cached=768, failed=0, skipped=0]
precache:  38%|███▊      | 769/2000 [05:48<08:38,  2.37it/s, cached=768, failed=0, skipped=0]
precache:  38%|███▊      | 769/2000 [05:48<08:38,  2.37it/s, cached=769, failed=0, skipped=0]
precache:  38%|███▊      | 770/2000 [05:48<07:55,  2.59it/s, cached=769, failed=0, skipped=0]
precache:  38%|███▊      | 770/2000 [05:48<07:55,  2.59it/s, cached=770, failed=0, skipped=0]
precache:  39%|███▊      | 771/2000 [05:48<07:00,  2.93it/s, cached=770, failed=0, skipped=0]
precache:  39%|███▊      | 771/2000 [05:48<07:00,  2.93it/s, cached=771, failed=0, skipped=0]
precache:  39%|███▊      | 772/2000 [05:48<06:59,  2.93it/s, cached=772, failed=0, skipped=0]
precache:  39%|███▊      | 773/2000 [05:48<04:27,  4.59it/s, cached=772, failed=0, skipped=0]
precache:  39%|███▊      | 773/2000 [05:48<04:27,  4.59it/s, cached=773, failed=0, skipped=0]
precache:  39%|███▊      | 774/2000 [05:48<04:27,  4.59it/s, cached=774, failed=0, skipped=0]
precache:  39%|███▉      | 775/2000 [05:50<08:58,  2.27it/s, cached=774, failed=0, skipped=0]
precache:  39%|███▉      | 775/2000 [05:50<08:58,  2.27it/s, cached=775, failed=0, skipped=0]
precache:  39%|███▉      | 776/2000 [05:50<08:18,  2.46it/s, cached=775, failed=0, skipped=0]
precache:  39%|███▉      | 776/2000 [05:50<08:18,  2.46it/s, cached=776, failed=0, skipped=0]
precache:  39%|███▉      | 777/2000 [05:50<07:06,  2.87it/s, cached=776, failed=0, skipped=0]
precache:  39%|███▉      | 777/2000 [05:50<07:06,  2.87it/s, cached=777, failed=0, skipped=0]
precache:  39%|███▉      | 778/2000 [05:51<06:28,  3.14it/s, cached=777, failed=0, skipped=0]
precache:  39%|███▉      | 778/2000 [05:51<06:28,  3.14it/s, cached=778, failed=0, skipped=0]
precache:  39%|███▉      | 779/2000 [05:51<06:28,  3.14it/s, cached=779, failed=0, skipped=0]
precache:  39%|███▉      | 780/2000 [05:51<04:15,  4.77it/s, cached=779, failed=0, skipped=0]
precache:  39%|███▉      | 780/2000 [05:51<04:15,  4.77it/s, cached=780, failed=0, skipped=0]
precache:  39%|███▉      | 781/2000 [05:52<09:00,  2.26it/s, cached=780, failed=0, skipped=0]
precache:  39%|███▉      | 781/2000 [05:52<09:00,  2.26it/s, cached=781, failed=0, skipped=0]
precache:  39%|███▉      | 782/2000 [05:52<09:09,  2.22it/s, cached=781, failed=0, skipped=0]
precache:  39%|███▉      | 782/2000 [05:52<09:09,  2.22it/s, cached=782, failed=0, skipped=0]
precache:  39%|███▉      | 783/2000 [05:52<09:08,  2.22it/s, cached=783, failed=0, skipped=0]
precache:  39%|███▉      | 784/2000 [05:53<06:17,  3.22it/s, cached=783, failed=0, skipped=0]
precache:  39%|███▉      | 784/2000 [05:53<06:17,  3.22it/s, cached=784, failed=0, skipped=0]
precache:  39%|███▉      | 785/2000 [05:53<06:17,  3.22it/s, cached=785, failed=0, skipped=0]
precache:  39%|███▉      | 786/2000 [05:53<04:46,  4.24it/s, cached=785, failed=0, skipped=0]
precache:  39%|███▉      | 786/2000 [05:53<04:46,  4.24it/s, cached=786, failed=0, skipped=0]
precache:  39%|███▉      | 787/2000 [05:54<09:49,  2.06it/s, cached=786, failed=0, skipped=0]
precache:  39%|███▉      | 787/2000 [05:54<09:49,  2.06it/s, cached=787, failed=0, skipped=0]
precache:  39%|███▉      | 788/2000 [05:54<09:49,  2.06it/s, cached=788, failed=0, skipped=0]
precache:  39%|███▉      | 789/2000 [05:54<06:32,  3.09it/s, cached=788, failed=0, skipped=0]
precache:  39%|███▉      | 789/2000 [05:54<06:32,  3.09it/s, cached=789, failed=0, skipped=0]
precache:  40%|███▉      | 790/2000 [05:54<06:32,  3.09it/s, cached=790, failed=0, skipped=0]
precache:  40%|███▉      | 791/2000 [05:54<06:31,  3.09it/s, cached=791, failed=0, skipped=0]
precache:  40%|███▉      | 792/2000 [05:54<06:31,  3.09it/s, cached=792, failed=0, skipped=0]
precache:  40%|███▉      | 793/2000 [05:56<08:21,  2.41it/s, cached=792, failed=0, skipped=0]
precache:  40%|███▉      | 793/2000 [05:56<08:21,  2.41it/s, cached=793, failed=0, skipped=0]
precache:  40%|███▉      | 794/2000 [05:56<07:36,  2.64it/s, cached=793, failed=0, skipped=0]
precache:  40%|███▉      | 794/2000 [05:56<07:36,  2.64it/s, cached=794, failed=0, skipped=0]
precache:  40%|███▉      | 795/2000 [05:57<07:35,  2.64it/s, cached=795, failed=0, skipped=0]
precache:  40%|███▉      | 796/2000 [05:57<05:46,  3.48it/s, cached=795, failed=0, skipped=0]
precache:  40%|███▉      | 796/2000 [05:57<05:46,  3.48it/s, cached=796, failed=0, skipped=0]
precache:  40%|███▉      | 797/2000 [05:57<05:45,  3.48it/s, cached=797, failed=0, skipped=0]
precache:  40%|███▉      | 798/2000 [05:57<05:09,  3.89it/s, cached=797, failed=0, skipped=0]
precache:  40%|███▉      | 798/2000 [05:57<05:09,  3.89it/s, cached=798, failed=0, skipped=0]
precache:  40%|███▉      | 799/2000 [05:59<10:00,  2.00it/s, cached=798, failed=0, skipped=0]
precache:  40%|███▉      | 799/2000 [05:59<10:00,  2.00it/s, cached=799, failed=0, skipped=0]
precache:  40%|████      | 800/2000 [05:59<08:23,  2.38it/s, cached=799, failed=0, skipped=0]
precache:  40%|████      | 800/2000 [05:59<08:23,  2.38it/s, cached=800, failed=0, skipped=0]
precache:  40%|████      | 801/2000 [05:59<07:13,  2.76it/s, cached=800, failed=0, skipped=0]
precache:  40%|████      | 801/2000 [05:59<07:13,  2.76it/s, cached=801, failed=0, skipped=0]
precache:  40%|████      | 802/2000 [05:59<07:13,  2.76it/s, cached=802, failed=0, skipped=0]
precache:  40%|████      | 803/2000 [05:59<07:12,  2.76it/s, cached=803, failed=0, skipped=0]
precache:  40%|████      | 804/2000 [05:59<04:32,  4.38it/s, cached=803, failed=0, skipped=0]
precache:  40%|████      | 804/2000 [05:59<04:32,  4.38it/s, cached=804, failed=0, skipped=0]
precache:  40%|████      | 805/2000 [06:00<08:26,  2.36it/s, cached=804, failed=0, skipped=0]
precache:  40%|████      | 805/2000 [06:00<08:26,  2.36it/s, cached=805, failed=0, skipped=0]
precache:  40%|████      | 806/2000 [06:00<08:26,  2.36it/s, cached=806, failed=0, skipped=0]
precache:  40%|████      | 807/2000 [06:01<06:17,  3.16it/s, cached=806, failed=0, skipped=0]
precache:  40%|████      | 807/2000 [06:01<06:17,  3.16it/s, cached=807, failed=0, skipped=0]
precache:  40%|████      | 808/2000 [06:01<06:16,  3.16it/s, cached=808, failed=0, skipped=0]
precache:  40%|████      | 809/2000 [06:01<05:01,  3.96it/s, cached=808, failed=0, skipped=0]
precache:  40%|████      | 809/2000 [06:01<05:01,  3.96it/s, cached=809, failed=0, skipped=0]
precache:  40%|████      | 810/2000 [06:01<05:00,  3.96it/s, cached=810, failed=0, skipped=0]
precache:  41%|████      | 811/2000 [06:02<07:53,  2.51it/s, cached=810, failed=0, skipped=0]
precache:  41%|████      | 811/2000 [06:02<07:53,  2.51it/s, cached=811, failed=0, skipped=0]
precache:  41%|████      | 812/2000 [06:03<07:49,  2.53it/s, cached=811, failed=0, skipped=0]
precache:  41%|████      | 812/2000 [06:03<07:49,  2.53it/s, cached=812, failed=0, skipped=0]
precache:  41%|████      | 813/2000 [06:03<06:42,  2.95it/s, cached=812, failed=0, skipped=0]
precache:  41%|████      | 813/2000 [06:03<06:42,  2.95it/s, cached=813, failed=0, skipped=0]
precache:  41%|████      | 814/2000 [06:03<05:55,  3.34it/s, cached=813, failed=0, skipped=0]
precache:  41%|████      | 814/2000 [06:03<05:55,  3.34it/s, cached=814, failed=0, skipped=0]
precache:  41%|████      | 815/2000 [06:03<05:55,  3.34it/s, cached=815, failed=0, skipped=0]
precache:  41%|████      | 816/2000 [06:03<04:46,  4.13it/s, cached=815, failed=0, skipped=0]
precache:  41%|████      | 816/2000 [06:03<04:46,  4.13it/s, cached=816, failed=0, skipped=0]
precache:  41%|████      | 817/2000 [06:05<09:41,  2.04it/s, cached=816, failed=0, skipped=0]
precache:  41%|████      | 817/2000 [06:05<09:41,  2.04it/s, cached=817, failed=0, skipped=0]
precache:  41%|████      | 818/2000 [06:05<09:40,  2.04it/s, cached=818, failed=0, skipped=0]
precache:  41%|████      | 819/2000 [06:05<06:51,  2.87it/s, cached=818, failed=0, skipped=0]
precache:  41%|████      | 819/2000 [06:05<06:51,  2.87it/s, cached=819, failed=0, skipped=0]
precache:  41%|████      | 820/2000 [06:05<06:51,  2.87it/s, cached=820, failed=0, skipped=0]
precache:  41%|████      | 821/2000 [06:05<05:28,  3.59it/s, cached=820, failed=0, skipped=0]
precache:  41%|████      | 821/2000 [06:05<05:28,  3.59it/s, cached=821, failed=0, skipped=0]
precache:  41%|████      | 822/2000 [06:05<04:47,  4.09it/s, cached=821, failed=0, skipped=0]
precache:  41%|████      | 822/2000 [06:05<04:47,  4.09it/s, cached=822, failed=0, skipped=0]
precache:  41%|████      | 823/2000 [06:07<10:13,  1.92it/s, cached=822, failed=0, skipped=0]
precache:  41%|████      | 823/2000 [06:07<10:13,  1.92it/s, cached=823, failed=0, skipped=0]
precache:  41%|████      | 824/2000 [06:07<10:13,  1.92it/s, cached=824, failed=0, skipped=0]
precache:  41%|████▏     | 825/2000 [06:07<06:43,  2.91it/s, cached=824, failed=0, skipped=0]
precache:  41%|████▏     | 825/2000 [06:07<06:43,  2.91it/s, cached=825, failed=0, skipped=0]
precache:  41%|████▏     | 826/2000 [06:07<06:43,  2.91it/s, cached=826, failed=0, skipped=0]
precache:  41%|████▏     | 827/2000 [06:07<04:41,  4.16it/s, cached=826, failed=0, skipped=0]
precache:  41%|████▏     | 827/2000 [06:07<04:41,  4.16it/s, cached=827, failed=0, skipped=0]
precache:  41%|████▏     | 828/2000 [06:07<04:41,  4.16it/s, cached=828, failed=0, skipped=0]
precache:  41%|████▏     | 829/2000 [06:09<08:35,  2.27it/s, cached=828, failed=0, skipped=0]
precache:  41%|████▏     | 829/2000 [06:09<08:35,  2.27it/s, cached=829, failed=0, skipped=0]
precache:  42%|████▏     | 830/2000 [06:09<07:50,  2.48it/s, cached=829, failed=0, skipped=0]
precache:  42%|████▏     | 830/2000 [06:09<07:50,  2.48it/s, cached=830, failed=0, skipped=0]
precache:  42%|████▏     | 831/2000 [06:09<07:50,  2.48it/s, cached=831, failed=0, skipped=0]
precache:  42%|████▏     | 832/2000 [06:09<07:50,  2.48it/s, cached=832, failed=0, skipped=0]
precache:  42%|████▏     | 833/2000 [06:09<05:09,  3.77it/s, cached=832, failed=0, skipped=0]
precache:  42%|████▏     | 833/2000 [06:09<05:09,  3.77it/s, cached=833, failed=0, skipped=0]
precache:  42%|████▏     | 834/2000 [06:09<05:09,  3.77it/s, cached=834, failed=0, skipped=0]
precache:  42%|████▏     | 835/2000 [06:11<07:59,  2.43it/s, cached=834, failed=0, skipped=0]
precache:  42%|████▏     | 835/2000 [06:11<07:59,  2.43it/s, cached=835, failed=0, skipped=0]
precache:  42%|████▏     | 836/2000 [06:11<07:59,  2.43it/s, cached=836, failed=0, skipped=0]
precache:  42%|████▏     | 837/2000 [06:11<05:55,  3.27it/s, cached=836, failed=0, skipped=0]
precache:  42%|████▏     | 837/2000 [06:11<05:55,  3.27it/s, cached=837, failed=0, skipped=0]
precache:  42%|████▏     | 838/2000 [06:11<05:23,  3.59it/s, cached=837, failed=0, skipped=0]
precache:  42%|████▏     | 838/2000 [06:11<05:23,  3.59it/s, cached=838, failed=0, skipped=0]
precache:  42%|████▏     | 839/2000 [06:11<05:02,  3.83it/s, cached=838, failed=0, skipped=0]
precache:  42%|████▏     | 839/2000 [06:11<05:02,  3.83it/s, cached=839, failed=0, skipped=0]
precache:  42%|████▏     | 840/2000 [06:11<05:02,  3.83it/s, cached=840, failed=0, skipped=0]
precache:  42%|████▏     | 841/2000 [06:12<07:36,  2.54it/s, cached=840, failed=0, skipped=0]
precache:  42%|████▏     | 841/2000 [06:12<07:36,  2.54it/s, cached=841, failed=0, skipped=0]
precache:  42%|████▏     | 842/2000 [06:13<06:30,  2.96it/s, cached=841, failed=0, skipped=0]
precache:  42%|████▏     | 842/2000 [06:13<06:30,  2.96it/s, cached=842, failed=0, skipped=0]
precache:  42%|████▏     | 843/2000 [06:13<05:49,  3.31it/s, cached=842, failed=0, skipped=0]
precache:  42%|████▏     | 843/2000 [06:13<05:49,  3.31it/s, cached=843, failed=0, skipped=0]
precache:  42%|████▏     | 844/2000 [06:13<05:48,  3.31it/s, cached=844, failed=0, skipped=0]
precache:  42%|████▏     | 845/2000 [06:13<04:15,  4.52it/s, cached=844, failed=0, skipped=0]
precache:  42%|████▏     | 845/2000 [06:13<04:15,  4.52it/s, cached=845, failed=0, skipped=0]
precache:  42%|████▏     | 846/2000 [06:13<04:15,  4.52it/s, cached=846, failed=0, skipped=0]
precache:  42%|████▏     | 847/2000 [06:14<07:21,  2.61it/s, cached=846, failed=0, skipped=0]
precache:  42%|████▏     | 847/2000 [06:14<07:21,  2.61it/s, cached=847, failed=0, skipped=0]
precache:  42%|████▏     | 848/2000 [06:14<07:20,  2.61it/s, cached=848, failed=0, skipped=0]
precache:  42%|████▏     | 849/2000 [06:15<06:51,  2.79it/s, cached=848, failed=0, skipped=0]
precache:  42%|████▏     | 849/2000 [06:15<06:51,  2.79it/s, cached=849, failed=0, skipped=0]
precache:  42%|████▎     | 850/2000 [06:15<06:51,  2.79it/s, cached=850, failed=0, skipped=0]
precache:  43%|████▎     | 851/2000 [06:15<06:51,  2.79it/s, cached=851, failed=0, skipped=0]
precache:  43%|████▎     | 852/2000 [06:15<05:17,  3.61it/s, cached=851, failed=0, skipped=0]
precache:  43%|████▎     | 852/2000 [06:15<05:17,  3.61it/s, cached=852, failed=0, skipped=0]
precache:  43%|████▎     | 853/2000 [06:16<06:43,  2.85it/s, cached=852, failed=0, skipped=0]
precache:  43%|████▎     | 853/2000 [06:16<06:43,  2.85it/s, cached=853, failed=0, skipped=0]
precache:  43%|████▎     | 854/2000 [06:16<06:10,  3.09it/s, cached=853, failed=0, skipped=0]
precache:  43%|████▎     | 854/2000 [06:16<06:10,  3.09it/s, cached=854, failed=0, skipped=0]
precache:  43%|████▎     | 855/2000 [06:17<07:51,  2.43it/s, cached=854, failed=0, skipped=0]
precache:  43%|████▎     | 855/2000 [06:17<07:51,  2.43it/s, cached=855, failed=0, skipped=0]
precache:  43%|████▎     | 856/2000 [06:17<07:09,  2.66it/s, cached=855, failed=0, skipped=0]
precache:  43%|████▎     | 856/2000 [06:17<07:09,  2.66it/s, cached=856, failed=0, skipped=0]
precache:  43%|████▎     | 857/2000 [06:18<06:55,  2.75it/s, cached=856, failed=0, skipped=0]
precache:  43%|████▎     | 857/2000 [06:18<06:55,  2.75it/s, cached=857, failed=0, skipped=0]
precache:  43%|████▎     | 858/2000 [06:18<06:55,  2.75it/s, cached=858, failed=0, skipped=0]
precache:  43%|████▎     | 859/2000 [06:18<06:00,  3.16it/s, cached=858, failed=0, skipped=0]
precache:  43%|████▎     | 859/2000 [06:18<06:00,  3.16it/s, cached=859, failed=0, skipped=0]
precache:  43%|████▎     | 860/2000 [06:18<05:12,  3.65it/s, cached=859, failed=0, skipped=0]
precache:  43%|████▎     | 860/2000 [06:18<05:12,  3.65it/s, cached=860, failed=0, skipped=0]
precache:  43%|████▎     | 861/2000 [06:19<09:11,  2.06it/s, cached=860, failed=0, skipped=0]
precache:  43%|████▎     | 861/2000 [06:19<09:11,  2.06it/s, cached=861, failed=0, skipped=0]
precache:  43%|████▎     | 862/2000 [06:20<08:00,  2.37it/s, cached=861, failed=0, skipped=0]
precache:  43%|████▎     | 862/2000 [06:20<08:00,  2.37it/s, cached=862, failed=0, skipped=0]
precache:  43%|████▎     | 863/2000 [06:20<08:41,  2.18it/s, cached=862, failed=0, skipped=0]
precache:  43%|████▎     | 863/2000 [06:20<08:41,  2.18it/s, cached=863, failed=0, skipped=0]
precache:  43%|████▎     | 864/2000 [06:21<08:56,  2.12it/s, cached=863, failed=0, skipped=0]
precache:  43%|████▎     | 864/2000 [06:21<08:56,  2.12it/s, cached=864, failed=0, skipped=0]
precache:  43%|████▎     | 865/2000 [06:21<08:56,  2.12it/s, cached=865, failed=0, skipped=0]
precache:  43%|████▎     | 866/2000 [06:21<08:55,  2.12it/s, cached=866, failed=0, skipped=0]
precache:  43%|████▎     | 867/2000 [06:21<06:27,  2.93it/s, cached=866, failed=0, skipped=0]
precache:  43%|████▎     | 867/2000 [06:21<06:27,  2.93it/s, cached=867, failed=0, skipped=0]
precache:  43%|████▎     | 868/2000 [06:22<06:20,  2.97it/s, cached=867, failed=0, skipped=0]
precache:  43%|████▎     | 868/2000 [06:22<06:20,  2.97it/s, cached=868, failed=0, skipped=0]
precache:  43%|████▎     | 869/2000 [06:23<08:50,  2.13it/s, cached=868, failed=0, skipped=0]
precache:  43%|████▎     | 869/2000 [06:23<08:50,  2.13it/s, cached=869, failed=0, skipped=0]
precache:  44%|████▎     | 870/2000 [06:23<07:44,  2.43it/s, cached=869, failed=0, skipped=0]
precache:  44%|████▎     | 870/2000 [06:23<07:44,  2.43it/s, cached=870, failed=0, skipped=0]
precache:  44%|████▎     | 871/2000 [06:23<07:43,  2.43it/s, cached=871, failed=0, skipped=0]
precache:  44%|████▎     | 872/2000 [06:23<07:43,  2.43it/s, cached=872, failed=0, skipped=0]
precache:  44%|████▎     | 873/2000 [06:23<04:36,  4.07it/s, cached=872, failed=0, skipped=0]
precache:  44%|████▎     | 873/2000 [06:23<04:36,  4.07it/s, cached=873, failed=0, skipped=0]
precache:  44%|████▎     | 874/2000 [06:23<04:36,  4.07it/s, cached=874, failed=0, skipped=0]
precache:  44%|████▍     | 875/2000 [06:25<08:43,  2.15it/s, cached=874, failed=0, skipped=0]
precache:  44%|████▍     | 875/2000 [06:25<08:43,  2.15it/s, cached=875, failed=0, skipped=0]
precache:  44%|████▍     | 876/2000 [06:25<07:29,  2.50it/s, cached=875, failed=0, skipped=0]
precache:  44%|████▍     | 876/2000 [06:25<07:29,  2.50it/s, cached=876, failed=0, skipped=0]
precache:  44%|████▍     | 877/2000 [06:25<06:17,  2.97it/s, cached=876, failed=0, skipped=0]
precache:  44%|████▍     | 877/2000 [06:25<06:17,  2.97it/s, cached=877, failed=0, skipped=0]
precache:  44%|████▍     | 878/2000 [06:25<06:17,  2.97it/s, cached=878, failed=0, skipped=0]
precache:  44%|████▍     | 879/2000 [06:25<04:35,  4.07it/s, cached=878, failed=0, skipped=0]
precache:  44%|████▍     | 879/2000 [06:25<04:35,  4.07it/s, cached=879, failed=0, skipped=0]
precache:  44%|████▍     | 880/2000 [06:25<04:35,  4.07it/s, cached=880, failed=0, skipped=0]
precache:  44%|████▍     | 881/2000 [06:27<07:42,  2.42it/s, cached=880, failed=0, skipped=0]
precache:  44%|████▍     | 881/2000 [06:27<07:42,  2.42it/s, cached=881, failed=0, skipped=0]
precache:  44%|████▍     | 882/2000 [06:27<06:38,  2.80it/s, cached=881, failed=0, skipped=0]
precache:  44%|████▍     | 882/2000 [06:27<06:38,  2.80it/s, cached=882, failed=0, skipped=0]
precache:  44%|████▍     | 883/2000 [06:27<06:02,  3.08it/s, cached=882, failed=0, skipped=0]
precache:  44%|████▍     | 883/2000 [06:27<06:02,  3.08it/s, cached=883, failed=0, skipped=0]
precache:  44%|████▍     | 884/2000 [06:27<06:02,  3.08it/s, cached=884, failed=0, skipped=0]
precache:  44%|████▍     | 885/2000 [06:27<04:27,  4.17it/s, cached=884, failed=0, skipped=0]
precache:  44%|████▍     | 885/2000 [06:27<04:27,  4.17it/s, cached=885, failed=0, skipped=0]
precache:  44%|████▍     | 886/2000 [06:28<04:17,  4.33it/s, cached=885, failed=0, skipped=0]
precache:  44%|████▍     | 886/2000 [06:28<04:17,  4.33it/s, cached=886, failed=0, skipped=0]
precache:  44%|████▍     | 887/2000 [06:30<11:33,  1.61it/s, cached=886, failed=0, skipped=0]
precache:  44%|████▍     | 887/2000 [06:30<11:33,  1.61it/s, cached=887, failed=0, skipped=0]
precache:  44%|████▍     | 888/2000 [06:30<11:32,  1.61it/s, cached=888, failed=0, skipped=0]
precache:  44%|████▍     | 889/2000 [06:30<11:31,  1.61it/s, cached=889, failed=0, skipped=0]
precache:  44%|████▍     | 890/2000 [06:30<11:31,  1.61it/s, cached=890, failed=0, skipped=0]
precache:  45%|████▍     | 891/2000 [06:30<11:30,  1.61it/s, cached=891, failed=0, skipped=0]
precache:  45%|████▍     | 892/2000 [06:30<04:36,  4.00it/s, cached=891, failed=0, skipped=0]
precache:  45%|████▍     | 892/2000 [06:30<04:36,  4.00it/s, cached=892, failed=0, skipped=0]
precache:  45%|████▍     | 893/2000 [06:33<04:36,  4.00it/s, cached=893, failed=0, skipped=0]
precache:  45%|████▍     | 894/2000 [06:33<12:18,  1.50it/s, cached=893, failed=0, skipped=0]
precache:  45%|████▍     | 894/2000 [06:33<12:18,  1.50it/s, cached=894, failed=0, skipped=0]
precache:  45%|████▍     | 895/2000 [06:33<12:18,  1.50it/s, cached=895, failed=0, skipped=0]
precache:  45%|████▍     | 896/2000 [06:33<12:17,  1.50it/s, cached=896, failed=0, skipped=0]
precache:  45%|████▍     | 897/2000 [06:33<12:16,  1.50it/s, cached=897, failed=0, skipped=0]
precache:  45%|████▍     | 898/2000 [06:34<07:22,  2.49it/s, cached=897, failed=0, skipped=0]
precache:  45%|████▍     | 898/2000 [06:34<07:22,  2.49it/s, cached=898, failed=0, skipped=0]
precache:  45%|████▍     | 899/2000 [06:36<07:21,  2.49it/s, cached=899, failed=0, skipped=0]
precache:  45%|████▌     | 900/2000 [06:36<11:26,  1.60it/s, cached=899, failed=0, skipped=0]
precache:  45%|████▌     | 900/2000 [06:36<11:26,  1.60it/s, cached=900, failed=0, skipped=0]
precache:  45%|████▌     | 901/2000 [06:37<10:31,  1.74it/s, cached=900, failed=0, skipped=0]
precache:  45%|████▌     | 901/2000 [06:37<10:31,  1.74it/s, cached=901, failed=0, skipped=0]
precache:  45%|████▌     | 902/2000 [06:37<09:24,  1.94it/s, cached=901, failed=0, skipped=0]
precache:  45%|████▌     | 902/2000 [06:37<09:24,  1.94it/s, cached=902, failed=0, skipped=0]
precache:  45%|████▌     | 903/2000 [06:37<09:24,  1.94it/s, cached=903, failed=0, skipped=0]
precache:  45%|████▌     | 904/2000 [06:37<06:38,  2.75it/s, cached=903, failed=0, skipped=0]
precache:  45%|████▌     | 904/2000 [06:37<06:38,  2.75it/s, cached=904, failed=0, skipped=0]
precache:  45%|████▌     | 905/2000 [06:38<06:38,  2.75it/s, cached=905, failed=0, skipped=0]
precache:  45%|████▌     | 906/2000 [06:39<09:30,  1.92it/s, cached=905, failed=0, skipped=0]
precache:  45%|████▌     | 906/2000 [06:39<09:30,  1.92it/s, cached=906, failed=0, skipped=0]
precache:  45%|████▌     | 907/2000 [06:39<08:05,  2.25it/s, cached=906, failed=0, skipped=0]
precache:  45%|████▌     | 907/2000 [06:39<08:05,  2.25it/s, cached=907, failed=0, skipped=0]
precache:  45%|████▌     | 908/2000 [06:39<08:05,  2.25it/s, cached=908, failed=0, skipped=0]
precache:  45%|████▌     | 909/2000 [06:39<05:42,  3.18it/s, cached=908, failed=0, skipped=0]
precache:  45%|████▌     | 909/2000 [06:39<05:42,  3.18it/s, cached=909, failed=0, skipped=0]
precache:  46%|████▌     | 910/2000 [06:39<05:42,  3.18it/s, cached=910, failed=0, skipped=0]
precache:  46%|████▌     | 911/2000 [06:41<09:31,  1.91it/s, cached=910, failed=0, skipped=0]
precache:  46%|████▌     | 911/2000 [06:41<09:31,  1.91it/s, cached=911, failed=0, skipped=0]
precache:  46%|████▌     | 912/2000 [06:41<08:12,  2.21it/s, cached=911, failed=0, skipped=0]
precache:  46%|████▌     | 912/2000 [06:41<08:12,  2.21it/s, cached=912, failed=0, skipped=0]
precache:  46%|████▌     | 913/2000 [06:41<08:11,  2.21it/s, cached=913, failed=0, skipped=0]
precache:  46%|████▌     | 914/2000 [06:41<08:11,  2.21it/s, cached=914, failed=0, skipped=0]
precache:  46%|████▌     | 915/2000 [06:41<08:11,  2.21it/s, cached=915, failed=0, skipped=0]
precache:  46%|████▌     | 916/2000 [06:41<04:41,  3.85it/s, cached=915, failed=0, skipped=0]
precache:  46%|████▌     | 916/2000 [06:41<04:41,  3.85it/s, cached=916, failed=0, skipped=0]
precache:  46%|████▌     | 917/2000 [06:43<08:07,  2.22it/s, cached=916, failed=0, skipped=0]
precache:  46%|████▌     | 917/2000 [06:43<08:07,  2.22it/s, cached=917, failed=0, skipped=0]
precache:  46%|████▌     | 918/2000 [06:43<08:07,  2.22it/s, cached=918, failed=0, skipped=0]
precache:  46%|████▌     | 919/2000 [06:43<05:55,  3.04it/s, cached=918, failed=0, skipped=0]
precache:  46%|████▌     | 919/2000 [06:43<05:55,  3.04it/s, cached=919, failed=0, skipped=0]
precache:  46%|████▌     | 920/2000 [06:43<05:55,  3.04it/s, cached=920, failed=0, skipped=0]
precache:  46%|████▌     | 921/2000 [06:43<04:59,  3.61it/s, cached=920, failed=0, skipped=0]
precache:  46%|████▌     | 921/2000 [06:43<04:59,  3.61it/s, cached=921, failed=0, skipped=0]
precache:  46%|████▌     | 922/2000 [06:43<04:58,  3.61it/s, cached=922, failed=0, skipped=0]
precache:  46%|████▌     | 923/2000 [06:45<07:18,  2.46it/s, cached=922, failed=0, skipped=0]
precache:  46%|████▌     | 923/2000 [06:45<07:18,  2.46it/s, cached=923, failed=0, skipped=0]
precache:  46%|████▌     | 924/2000 [06:45<07:17,  2.46it/s, cached=924, failed=0, skipped=0]
precache:  46%|████▋     | 925/2000 [06:45<07:17,  2.46it/s, cached=925, failed=0, skipped=0]
precache:  46%|████▋     | 926/2000 [06:45<05:36,  3.20it/s, cached=925, failed=0, skipped=0]
precache:  46%|████▋     | 926/2000 [06:45<05:36,  3.20it/s, cached=926, failed=0, skipped=0]
precache:  46%|████▋     | 927/2000 [06:46<06:16,  2.85it/s, cached=926, failed=0, skipped=0]
precache:  46%|████▋     | 927/2000 [06:46<06:16,  2.85it/s, cached=927, failed=0, skipped=0]
precache:  46%|████▋     | 928/2000 [06:46<06:16,  2.85it/s, cached=928, failed=0, skipped=0]
precache:  46%|████▋     | 929/2000 [06:47<07:56,  2.25it/s, cached=928, failed=0, skipped=0]
precache:  46%|████▋     | 929/2000 [06:47<07:56,  2.25it/s, cached=929, failed=0, skipped=0]
precache:  46%|████▋     | 930/2000 [06:47<07:04,  2.52it/s, cached=929, failed=0, skipped=0]
precache:  46%|████▋     | 930/2000 [06:47<07:04,  2.52it/s, cached=930, failed=0, skipped=0]
precache:  47%|████▋     | 931/2000 [06:47<06:01,  2.96it/s, cached=930, failed=0, skipped=0]
precache:  47%|████▋     | 931/2000 [06:47<06:01,  2.96it/s, cached=931, failed=0, skipped=0]
precache:  47%|████▋     | 932/2000 [06:47<05:03,  3.52it/s, cached=931, failed=0, skipped=0]
precache:  47%|████▋     | 932/2000 [06:47<05:03,  3.52it/s, cached=932, failed=0, skipped=0]
precache:  47%|████▋     | 933/2000 [06:48<07:24,  2.40it/s, cached=932, failed=0, skipped=0]
precache:  47%|████▋     | 933/2000 [06:48<07:24,  2.40it/s, cached=933, failed=0, skipped=0]
precache:  47%|████▋     | 934/2000 [06:49<07:57,  2.23it/s, cached=933, failed=0, skipped=0]
precache:  47%|████▋     | 934/2000 [06:49<07:57,  2.23it/s, cached=934, failed=0, skipped=0]
precache:  47%|████▋     | 935/2000 [06:49<08:39,  2.05it/s, cached=934, failed=0, skipped=0]
precache:  47%|████▋     | 935/2000 [06:49<08:39,  2.05it/s, cached=935, failed=0, skipped=0]
precache:  47%|████▋     | 936/2000 [06:49<07:10,  2.47it/s, cached=935, failed=0, skipped=0]
precache:  47%|████▋     | 936/2000 [06:49<07:10,  2.47it/s, cached=936, failed=0, skipped=0]
precache:  47%|████▋     | 937/2000 [06:49<07:10,  2.47it/s, cached=937, failed=0, skipped=0]
precache:  47%|████▋     | 938/2000 [06:50<04:38,  3.81it/s, cached=937, failed=0, skipped=0]
precache:  47%|████▋     | 938/2000 [06:50<04:38,  3.81it/s, cached=938, failed=0, skipped=0]
precache:  47%|████▋     | 939/2000 [06:50<06:51,  2.58it/s, cached=938, failed=0, skipped=0]
precache:  47%|████▋     | 939/2000 [06:50<06:51,  2.58it/s, cached=939, failed=0, skipped=0]
precache:  47%|████▋     | 940/2000 [06:51<06:13,  2.84it/s, cached=939, failed=0, skipped=0]
precache:  47%|████▋     | 940/2000 [06:51<06:13,  2.84it/s, cached=940, failed=0, skipped=0]
precache:  47%|████▋     | 941/2000 [06:52<09:38,  1.83it/s, cached=940, failed=0, skipped=0]
precache:  47%|████▋     | 941/2000 [06:52<09:38,  1.83it/s, cached=941, failed=0, skipped=0]
precache:  47%|████▋     | 942/2000 [06:52<09:37,  1.83it/s, cached=942, failed=0, skipped=0]
precache:  47%|████▋     | 943/2000 [06:52<07:06,  2.48it/s, cached=942, failed=0, skipped=0]
precache:  47%|████▋     | 943/2000 [06:52<07:06,  2.48it/s, cached=943, failed=0, skipped=0]
precache:  47%|████▋     | 944/2000 [06:52<06:32,  2.69it/s, cached=943, failed=0, skipped=0]
precache:  47%|████▋     | 944/2000 [06:52<06:32,  2.69it/s, cached=944, failed=0, skipped=0]
precache:  47%|████▋     | 945/2000 [06:52<05:20,  3.29it/s, cached=944, failed=0, skipped=0]
precache:  47%|████▋     | 945/2000 [06:52<05:20,  3.29it/s, cached=945, failed=0, skipped=0]
precache:  47%|████▋     | 946/2000 [06:53<04:50,  3.62it/s, cached=945, failed=0, skipped=0]
precache:  47%|████▋     | 946/2000 [06:53<04:50,  3.62it/s, cached=946, failed=0, skipped=0]
precache:  47%|████▋     | 947/2000 [06:54<09:29,  1.85it/s, cached=946, failed=0, skipped=0]
precache:  47%|████▋     | 947/2000 [06:54<09:29,  1.85it/s, cached=947, failed=0, skipped=0]
precache:  47%|████▋     | 948/2000 [06:54<07:28,  2.35it/s, cached=947, failed=0, skipped=0]
precache:  47%|████▋     | 948/2000 [06:54<07:28,  2.35it/s, cached=948, failed=0, skipped=0]
precache:  47%|████▋     | 949/2000 [06:54<07:27,  2.35it/s, cached=949, failed=0, skipped=0]
precache:  48%|████▊     | 950/2000 [06:54<05:33,  3.15it/s, cached=949, failed=0, skipped=0]
precache:  48%|████▊     | 950/2000 [06:54<05:33,  3.15it/s, cached=950, failed=0, skipped=0]
precache:  48%|████▊     | 951/2000 [06:55<04:37,  3.78it/s, cached=950, failed=0, skipped=0]
precache:  48%|████▊     | 951/2000 [06:55<04:37,  3.78it/s, cached=951, failed=0, skipped=0]
precache:  48%|████▊     | 952/2000 [06:55<03:55,  4.45it/s, cached=951, failed=0, skipped=0]
precache:  48%|████▊     | 952/2000 [06:55<03:55,  4.45it/s, cached=952, failed=0, skipped=0]
precache:  48%|████▊     | 953/2000 [06:56<09:41,  1.80it/s, cached=952, failed=0, skipped=0]
precache:  48%|████▊     | 953/2000 [06:56<09:41,  1.80it/s, cached=953, failed=0, skipped=0]
precache:  48%|████▊     | 954/2000 [06:56<08:09,  2.13it/s, cached=953, failed=0, skipped=0]
precache:  48%|████▊     | 954/2000 [06:56<08:09,  2.13it/s, cached=954, failed=0, skipped=0]
precache:  48%|████▊     | 955/2000 [06:56<06:30,  2.67it/s, cached=954, failed=0, skipped=0]
precache:  48%|████▊     | 955/2000 [06:56<06:30,  2.67it/s, cached=955, failed=0, skipped=0]
precache:  48%|████▊     | 956/2000 [06:56<06:30,  2.67it/s, cached=956, failed=0, skipped=0]
precache:  48%|████▊     | 957/2000 [06:57<06:30,  2.67it/s, cached=957, failed=0, skipped=0]
precache:  48%|████▊     | 958/2000 [06:57<03:18,  5.25it/s, cached=957, failed=0, skipped=0]
precache:  48%|████▊     | 958/2000 [06:57<03:18,  5.25it/s, cached=958, failed=0, skipped=0]
precache:  48%|████▊     | 959/2000 [06:59<03:18,  5.25it/s, cached=959, failed=0, skipped=0]
precache:  48%|████▊     | 960/2000 [06:59<09:22,  1.85it/s, cached=959, failed=0, skipped=0]
precache:  48%|████▊     | 960/2000 [06:59<09:22,  1.85it/s, cached=960, failed=0, skipped=0]
precache:  48%|████▊     | 961/2000 [06:59<08:24,  2.06it/s, cached=960, failed=0, skipped=0]
precache:  48%|████▊     | 961/2000 [06:59<08:24,  2.06it/s, cached=961, failed=0, skipped=0]
precache:  48%|████▊     | 962/2000 [06:59<08:24,  2.06it/s, cached=962, failed=0, skipped=0]
precache:  48%|████▊     | 963/2000 [07:00<06:18,  2.74it/s, cached=962, failed=0, skipped=0]
precache:  48%|████▊     | 963/2000 [07:00<06:18,  2.74it/s, cached=963, failed=0, skipped=0]
precache:  48%|████▊     | 964/2000 [07:00<05:36,  3.08it/s, cached=963, failed=0, skipped=0]
precache:  48%|████▊     | 964/2000 [07:00<05:36,  3.08it/s, cached=964, failed=0, skipped=0]
precache:  48%|████▊     | 965/2000 [07:01<10:56,  1.58it/s, cached=964, failed=0, skipped=0]
precache:  48%|████▊     | 965/2000 [07:01<10:56,  1.58it/s, cached=965, failed=0, skipped=0]
precache:  48%|████▊     | 966/2000 [07:02<10:55,  1.58it/s, cached=966, failed=0, skipped=0]
precache:  48%|████▊     | 967/2000 [07:02<07:50,  2.20it/s, cached=966, failed=0, skipped=0]
precache:  48%|████▊     | 967/2000 [07:02<07:50,  2.20it/s, cached=967, failed=0, skipped=0]
precache:  48%|████▊     | 968/2000 [07:02<07:50,  2.20it/s, cached=968, failed=0, skipped=0]
precache:  48%|████▊     | 969/2000 [07:02<07:49,  2.20it/s, cached=969, failed=0, skipped=0]
precache:  48%|████▊     | 970/2000 [07:02<04:51,  3.53it/s, cached=969, failed=0, skipped=0]
precache:  48%|████▊     | 970/2000 [07:02<04:51,  3.53it/s, cached=970, failed=0, skipped=0]
precache:  49%|████▊     | 971/2000 [07:03<07:09,  2.40it/s, cached=970, failed=0, skipped=0]
precache:  49%|████▊     | 971/2000 [07:03<07:09,  2.40it/s, cached=971, failed=0, skipped=0]
precache:  49%|████▊     | 972/2000 [07:03<06:34,  2.61it/s, cached=971, failed=0, skipped=0]
precache:  49%|████▊     | 972/2000 [07:03<06:34,  2.61it/s, cached=972, failed=0, skipped=0]
precache:  49%|████▊     | 973/2000 [07:04<05:56,  2.88it/s, cached=972, failed=0, skipped=0]
precache:  49%|████▊     | 973/2000 [07:04<05:56,  2.88it/s, cached=973, failed=0, skipped=0]
precache:  49%|████▊     | 974/2000 [07:04<05:45,  2.97it/s, cached=973, failed=0, skipped=0]
precache:  49%|████▊     | 974/2000 [07:04<05:45,  2.97it/s, cached=974, failed=0, skipped=0]
precache:  49%|████▉     | 975/2000 [07:04<05:13,  3.27it/s, cached=974, failed=0, skipped=0]
precache:  49%|████▉     | 975/2000 [07:04<05:13,  3.27it/s, cached=975, failed=0, skipped=0]
precache:  49%|████▉     | 976/2000 [07:04<05:03,  3.37it/s, cached=975, failed=0, skipped=0]
precache:  49%|████▉     | 976/2000 [07:04<05:03,  3.37it/s, cached=976, failed=0, skipped=0]
precache:  49%|████▉     | 977/2000 [07:05<06:14,  2.73it/s, cached=976, failed=0, skipped=0]
precache:  49%|████▉     | 977/2000 [07:05<06:14,  2.73it/s, cached=977, failed=0, skipped=0]
precache:  49%|████▉     | 978/2000 [07:05<05:28,  3.11it/s, cached=977, failed=0, skipped=0]
precache:  49%|████▉     | 978/2000 [07:05<05:28,  3.11it/s, cached=978, failed=0, skipped=0]
precache:  49%|████▉     | 979/2000 [07:05<04:31,  3.76it/s, cached=978, failed=0, skipped=0]
precache:  49%|████▉     | 979/2000 [07:05<04:31,  3.76it/s, cached=979, failed=0, skipped=0]
precache:  49%|████▉     | 980/2000 [07:05<04:18,  3.94it/s, cached=979, failed=0, skipped=0]
precache:  49%|████▉     | 980/2000 [07:05<04:18,  3.94it/s, cached=980, failed=0, skipped=0]
precache:  49%|████▉     | 981/2000 [07:06<06:31,  2.61it/s, cached=980, failed=0, skipped=0]
precache:  49%|████▉     | 981/2000 [07:06<06:31,  2.61it/s, cached=981, failed=0, skipped=0]
precache:  49%|████▉     | 982/2000 [07:06<06:30,  2.61it/s, cached=982, failed=0, skipped=0]
precache:  49%|████▉     | 983/2000 [07:07<06:53,  2.46it/s, cached=982, failed=0, skipped=0]
precache:  49%|████▉     | 983/2000 [07:07<06:53,  2.46it/s, cached=983, failed=0, skipped=0]
precache:  49%|████▉     | 984/2000 [07:07<06:52,  2.46it/s, cached=984, failed=0, skipped=0]
precache:  49%|████▉     | 985/2000 [07:07<04:46,  3.54it/s, cached=984, failed=0, skipped=0]
precache:  49%|████▉     | 985/2000 [07:07<04:46,  3.54it/s, cached=985, failed=0, skipped=0]
precache:  49%|████▉     | 986/2000 [07:08<05:58,  2.83it/s, cached=985, failed=0, skipped=0]
precache:  49%|████▉     | 986/2000 [07:08<05:58,  2.83it/s, cached=986, failed=0, skipped=0]
precache:  49%|████▉     | 987/2000 [07:08<06:19,  2.67it/s, cached=986, failed=0, skipped=0]
precache:  49%|████▉     | 987/2000 [07:08<06:19,  2.67it/s, cached=987, failed=0, skipped=0]
precache:  49%|████▉     | 988/2000 [07:08<05:40,  2.98it/s, cached=987, failed=0, skipped=0]
precache:  49%|████▉     | 988/2000 [07:08<05:40,  2.98it/s, cached=988, failed=0, skipped=0]
precache:  49%|████▉     | 989/2000 [07:09<08:05,  2.08it/s, cached=988, failed=0, skipped=0]
precache:  49%|████▉     | 989/2000 [07:09<08:05,  2.08it/s, cached=989, failed=0, skipped=0]
precache:  50%|████▉     | 990/2000 [07:09<08:04,  2.08it/s, cached=990, failed=0, skipped=0]
precache:  50%|████▉     | 991/2000 [07:10<05:39,  2.97it/s, cached=990, failed=0, skipped=0]
precache:  50%|████▉     | 991/2000 [07:10<05:39,  2.97it/s, cached=991, failed=0, skipped=0]
precache:  50%|████▉     | 992/2000 [07:10<05:39,  2.97it/s, cached=992, failed=0, skipped=0]
precache:  50%|████▉     | 993/2000 [07:10<05:57,  2.82it/s, cached=992, failed=0, skipped=0]
precache:  50%|████▉     | 993/2000 [07:10<05:57,  2.82it/s, cached=993, failed=0, skipped=0]
precache:  50%|████▉     | 994/2000 [07:11<05:03,  3.31it/s, cached=993, failed=0, skipped=0]
precache:  50%|████▉     | 994/2000 [07:11<05:03,  3.31it/s, cached=994, failed=0, skipped=0]
precache:  50%|████▉     | 995/2000 [07:11<07:04,  2.37it/s, cached=994, failed=0, skipped=0]
precache:  50%|████▉     | 995/2000 [07:11<07:04,  2.37it/s, cached=995, failed=0, skipped=0]
precache:  50%|████▉     | 996/2000 [07:11<07:04,  2.37it/s, cached=996, failed=0, skipped=0]
precache:  50%|████▉     | 997/2000 [07:11<07:03,  2.37it/s, cached=997, failed=0, skipped=0]
precache:  50%|████▉     | 998/2000 [07:12<05:18,  3.15it/s, cached=997, failed=0, skipped=0]
precache:  50%|████▉     | 998/2000 [07:12<05:18,  3.15it/s, cached=998, failed=0, skipped=0]
precache:  50%|████▉     | 999/2000 [07:12<05:05,  3.28it/s, cached=998, failed=0, skipped=0]
precache:  50%|████▉     | 999/2000 [07:12<05:05,  3.28it/s, cached=999, failed=0, skipped=0]
precache:  50%|█████     | 1000/2000 [07:12<05:05,  3.28it/s, cached=1000, failed=0, skipped=0]
precache:  50%|█████     | 1001/2000 [07:14<07:25,  2.24it/s, cached=1000, failed=0, skipped=0]
precache:  50%|█████     | 1001/2000 [07:14<07:25,  2.24it/s, cached=1001, failed=0, skipped=0]
precache:  50%|█████     | 1002/2000 [07:14<07:25,  2.24it/s, cached=1002, failed=0, skipped=0]
precache:  50%|█████     | 1003/2000 [07:14<05:14,  3.18it/s, cached=1002, failed=0, skipped=0]
precache:  50%|█████     | 1003/2000 [07:14<05:14,  3.18it/s, cached=1003, failed=0, skipped=0]
precache:  50%|█████     | 1004/2000 [07:14<05:19,  3.12it/s, cached=1003, failed=0, skipped=0]
precache:  50%|█████     | 1004/2000 [07:14<05:19,  3.12it/s, cached=1004, failed=0, skipped=0]
precache:  50%|█████     | 1005/2000 [07:15<06:04,  2.73it/s, cached=1004, failed=0, skipped=0]
precache:  50%|█████     | 1005/2000 [07:15<06:04,  2.73it/s, cached=1005, failed=0, skipped=0]
precache:  50%|█████     | 1006/2000 [07:15<06:51,  2.42it/s, cached=1005, failed=0, skipped=0]
precache:  50%|█████     | 1006/2000 [07:15<06:51,  2.42it/s, cached=1006, failed=0, skipped=0]
precache:  50%|█████     | 1007/2000 [07:16<07:02,  2.35it/s, cached=1006, failed=0, skipped=0]
precache:  50%|█████     | 1007/2000 [07:16<07:02,  2.35it/s, cached=1007, failed=0, skipped=0]
precache:  50%|█████     | 1008/2000 [07:16<07:02,  2.35it/s, cached=1008, failed=0, skipped=0]
precache:  50%|█████     | 1009/2000 [07:16<05:07,  3.22it/s, cached=1008, failed=0, skipped=0]
precache:  50%|█████     | 1009/2000 [07:16<05:07,  3.22it/s, cached=1009, failed=0, skipped=0]
precache:  50%|█████     | 1010/2000 [07:16<05:07,  3.22it/s, cached=1010, failed=0, skipped=0]
precache:  51%|█████     | 1011/2000 [07:16<04:44,  3.47it/s, cached=1010, failed=0, skipped=0]
precache:  51%|█████     | 1011/2000 [07:16<04:44,  3.47it/s, cached=1011, failed=0, skipped=0]
precache:  51%|█████     | 1012/2000 [07:17<05:43,  2.88it/s, cached=1011, failed=0, skipped=0]
precache:  51%|█████     | 1012/2000 [07:17<05:43,  2.88it/s, cached=1012, failed=0, skipped=0]
precache:  51%|█████     | 1013/2000 [07:17<05:28,  3.01it/s, cached=1012, failed=0, skipped=0]
precache:  51%|█████     | 1013/2000 [07:17<05:28,  3.01it/s, cached=1013, failed=0, skipped=0]
precache:  51%|█████     | 1014/2000 [07:18<05:31,  2.98it/s, cached=1013, failed=0, skipped=0]
precache:  51%|█████     | 1014/2000 [07:18<05:31,  2.98it/s, cached=1014, failed=0, skipped=0]
precache:  51%|█████     | 1015/2000 [07:18<05:06,  3.21it/s, cached=1014, failed=0, skipped=0]
precache:  51%|█████     | 1015/2000 [07:18<05:06,  3.21it/s, cached=1015, failed=0, skipped=0]
precache:  51%|█████     | 1016/2000 [07:18<05:06,  3.21it/s, cached=1016, failed=0, skipped=0]
precache:  51%|█████     | 1017/2000 [07:18<03:45,  4.36it/s, cached=1016, failed=0, skipped=0]
precache:  51%|█████     | 1017/2000 [07:18<03:45,  4.36it/s, cached=1017, failed=0, skipped=0]
precache:  51%|█████     | 1018/2000 [07:19<05:54,  2.77it/s, cached=1017, failed=0, skipped=0]
precache:  51%|█████     | 1018/2000 [07:19<05:54,  2.77it/s, cached=1018, failed=0, skipped=0]
precache:  51%|█████     | 1019/2000 [07:19<06:25,  2.54it/s, cached=1018, failed=0, skipped=0]
precache:  51%|█████     | 1019/2000 [07:19<06:25,  2.54it/s, cached=1019, failed=0, skipped=0]
precache:  51%|█████     | 1020/2000 [07:20<07:14,  2.26it/s, cached=1019, failed=0, skipped=0]
precache:  51%|█████     | 1020/2000 [07:20<07:14,  2.26it/s, cached=1020, failed=0, skipped=0]
precache:  51%|█████     | 1021/2000 [07:20<05:51,  2.79it/s, cached=1020, failed=0, skipped=0]
precache:  51%|█████     | 1021/2000 [07:20<05:51,  2.79it/s, cached=1021, failed=0, skipped=0]
precache:  51%|█████     | 1022/2000 [07:20<05:51,  2.79it/s, cached=1022, failed=0, skipped=0]
precache:  51%|█████     | 1023/2000 [07:20<05:50,  2.79it/s, cached=1023, failed=0, skipped=0]
precache:  51%|█████     | 1024/2000 [07:21<05:24,  3.01it/s, cached=1023, failed=0, skipped=0]
precache:  51%|█████     | 1024/2000 [07:21<05:24,  3.01it/s, cached=1024, failed=0, skipped=0]
precache:  51%|█████▏    | 1025/2000 [07:22<06:33,  2.48it/s, cached=1024, failed=0, skipped=0]
precache:  51%|█████▏    | 1025/2000 [07:22<06:33,  2.48it/s, cached=1025, failed=0, skipped=0]
precache:  51%|█████▏    | 1026/2000 [07:22<05:58,  2.71it/s, cached=1025, failed=0, skipped=0]
precache:  51%|█████▏    | 1026/2000 [07:22<05:58,  2.71it/s, cached=1026, failed=0, skipped=0]
precache:  51%|█████▏    | 1027/2000 [07:22<05:58,  2.71it/s, cached=1027, failed=0, skipped=0]
precache:  51%|█████▏    | 1028/2000 [07:22<04:23,  3.69it/s, cached=1027, failed=0, skipped=0]
precache:  51%|█████▏    | 1028/2000 [07:22<04:23,  3.69it/s, cached=1028, failed=0, skipped=0]
precache:  51%|█████▏    | 1029/2000 [07:22<04:23,  3.69it/s, cached=1029, failed=0, skipped=0]
precache:  52%|█████▏    | 1030/2000 [07:23<04:31,  3.57it/s, cached=1029, failed=0, skipped=0]
precache:  52%|█████▏    | 1030/2000 [07:23<04:31,  3.57it/s, cached=1030, failed=0, skipped=0]
precache:  52%|█████▏    | 1031/2000 [07:24<06:25,  2.51it/s, cached=1030, failed=0, skipped=0]
precache:  52%|█████▏    | 1031/2000 [07:24<06:25,  2.51it/s, cached=1031, failed=0, skipped=0]
precache:  52%|█████▏    | 1032/2000 [07:24<05:32,  2.91it/s, cached=1031, failed=0, skipped=0]
precache:  52%|█████▏    | 1032/2000 [07:24<05:32,  2.91it/s, cached=1032, failed=0, skipped=0]
precache:  52%|█████▏    | 1033/2000 [07:24<04:48,  3.35it/s, cached=1032, failed=0, skipped=0]
precache:  52%|█████▏    | 1033/2000 [07:24<04:48,  3.35it/s, cached=1033, failed=0, skipped=0]
precache:  52%|█████▏    | 1034/2000 [07:24<04:48,  3.35it/s, cached=1034, failed=0, skipped=0]
precache:  52%|█████▏    | 1035/2000 [07:24<04:08,  3.88it/s, cached=1034, failed=0, skipped=0]
precache:  52%|█████▏    | 1035/2000 [07:24<04:08,  3.88it/s, cached=1035, failed=0, skipped=0]
precache:  52%|█████▏    | 1036/2000 [07:25<03:41,  4.35it/s, cached=1035, failed=0, skipped=0]
precache:  52%|█████▏    | 1036/2000 [07:25<03:41,  4.35it/s, cached=1036, failed=0, skipped=0]
precache:  52%|█████▏    | 1037/2000 [07:26<10:28,  1.53it/s, cached=1036, failed=0, skipped=0]
precache:  52%|█████▏    | 1037/2000 [07:26<10:28,  1.53it/s, cached=1037, failed=0, skipped=0]
precache:  52%|█████▏    | 1038/2000 [07:26<10:27,  1.53it/s, cached=1038, failed=0, skipped=0]
precache:  52%|█████▏    | 1039/2000 [07:26<10:27,  1.53it/s, cached=1039, failed=0, skipped=0]
precache:  52%|█████▏    | 1040/2000 [07:26<10:26,  1.53it/s, cached=1040, failed=0, skipped=0]
precache:  52%|█████▏    | 1041/2000 [07:26<10:25,  1.53it/s, cached=1041, failed=0, skipped=0]
precache:  52%|█████▏    | 1042/2000 [07:26<10:25,  1.53it/s, cached=1042, failed=0, skipped=0]
precache:  52%|█████▏    | 1043/2000 [07:28<06:07,  2.60it/s, cached=1042, failed=0, skipped=0]
precache:  52%|█████▏    | 1043/2000 [07:28<06:07,  2.60it/s, cached=1043, failed=0, skipped=0]
precache:  52%|█████▏    | 1044/2000 [07:28<06:07,  2.60it/s, cached=1044, failed=0, skipped=0]
precache:  52%|█████▏    | 1045/2000 [07:28<05:24,  2.94it/s, cached=1044, failed=0, skipped=0]
precache:  52%|█████▏    | 1045/2000 [07:28<05:24,  2.94it/s, cached=1045, failed=0, skipped=0]
precache:  52%|█████▏    | 1046/2000 [07:28<05:24,  2.94it/s, cached=1046, failed=0, skipped=0]
precache:  52%|█████▏    | 1047/2000 [07:29<04:37,  3.44it/s, cached=1046, failed=0, skipped=0]
precache:  52%|█████▏    | 1047/2000 [07:29<04:37,  3.44it/s, cached=1047, failed=0, skipped=0]
precache:  52%|█████▏    | 1048/2000 [07:30<06:25,  2.47it/s, cached=1047, failed=0, skipped=0]
precache:  52%|█████▏    | 1048/2000 [07:30<06:25,  2.47it/s, cached=1048, failed=0, skipped=0]
precache:  52%|█████▏    | 1049/2000 [07:30<06:17,  2.52it/s, cached=1048, failed=0, skipped=0]
precache:  52%|█████▏    | 1049/2000 [07:30<06:17,  2.52it/s, cached=1049, failed=0, skipped=0]
precache:  52%|█████▎    | 1050/2000 [07:31<06:25,  2.46it/s, cached=1049, failed=0, skipped=0]
precache:  52%|█████▎    | 1050/2000 [07:31<06:25,  2.46it/s, cached=1050, failed=0, skipped=0]
precache:  53%|█████▎    | 1051/2000 [07:31<06:25,  2.46it/s, cached=1051, failed=0, skipped=0]
precache:  53%|█████▎    | 1052/2000 [07:31<04:26,  3.56it/s, cached=1051, failed=0, skipped=0]
precache:  53%|█████▎    | 1052/2000 [07:31<04:26,  3.56it/s, cached=1052, failed=0, skipped=0]
precache:  53%|█████▎    | 1053/2000 [07:31<04:25,  3.56it/s, cached=1053, failed=0, skipped=0]
precache:  53%|█████▎    | 1054/2000 [07:31<05:06,  3.08it/s, cached=1053, failed=0, skipped=0]
precache:  53%|█████▎    | 1054/2000 [07:31<05:06,  3.08it/s, cached=1054, failed=0, skipped=0]
precache:  53%|█████▎    | 1055/2000 [07:32<06:38,  2.37it/s, cached=1054, failed=0, skipped=0]
precache:  53%|█████▎    | 1055/2000 [07:32<06:38,  2.37it/s, cached=1055, failed=0, skipped=0]
precache:  53%|█████▎    | 1056/2000 [07:33<06:20,  2.48it/s, cached=1055, failed=0, skipped=0]
precache:  53%|█████▎    | 1056/2000 [07:33<06:20,  2.48it/s, cached=1056, failed=0, skipped=0]
precache:  53%|█████▎    | 1057/2000 [07:33<06:19,  2.48it/s, cached=1057, failed=0, skipped=0]
precache:  53%|█████▎    | 1058/2000 [07:33<04:18,  3.64it/s, cached=1057, failed=0, skipped=0]
precache:  53%|█████▎    | 1058/2000 [07:33<04:18,  3.64it/s, cached=1058, failed=0, skipped=0]
precache:  53%|█████▎    | 1059/2000 [07:33<04:32,  3.46it/s, cached=1058, failed=0, skipped=0]
precache:  53%|█████▎    | 1059/2000 [07:33<04:32,  3.46it/s, cached=1059, failed=0, skipped=0]
precache:  53%|█████▎    | 1060/2000 [07:34<05:20,  2.93it/s, cached=1059, failed=0, skipped=0]
precache:  53%|█████▎    | 1060/2000 [07:34<05:20,  2.93it/s, cached=1060, failed=0, skipped=0]
precache:  53%|█████▎    | 1061/2000 [07:34<06:42,  2.33it/s, cached=1060, failed=0, skipped=0]
precache:  53%|█████▎    | 1061/2000 [07:34<06:42,  2.33it/s, cached=1061, failed=0, skipped=0]
precache:  53%|█████▎    | 1062/2000 [07:35<06:16,  2.49it/s, cached=1061, failed=0, skipped=0]
precache:  53%|█████▎    | 1062/2000 [07:35<06:16,  2.49it/s, cached=1062, failed=0, skipped=0]
precache:  53%|█████▎    | 1063/2000 [07:35<06:16,  2.49it/s, cached=1063, failed=0, skipped=0]
precache:  53%|█████▎    | 1064/2000 [07:35<04:51,  3.21it/s, cached=1063, failed=0, skipped=0]
precache:  53%|█████▎    | 1064/2000 [07:35<04:51,  3.21it/s, cached=1064, failed=0, skipped=0]
precache:  53%|█████▎    | 1065/2000 [07:35<05:19,  2.93it/s, cached=1064, failed=0, skipped=0]
precache:  53%|█████▎    | 1065/2000 [07:35<05:19,  2.93it/s, cached=1065, failed=0, skipped=0]
precache:  53%|█████▎    | 1066/2000 [07:36<04:30,  3.46it/s, cached=1065, failed=0, skipped=0]
precache:  53%|█████▎    | 1066/2000 [07:36<04:30,  3.46it/s, cached=1066, failed=0, skipped=0]
precache:  53%|█████▎    | 1067/2000 [07:37<07:16,  2.14it/s, cached=1066, failed=0, skipped=0]
precache:  53%|█████▎    | 1067/2000 [07:37<07:16,  2.14it/s, cached=1067, failed=0, skipped=0]
precache:  53%|█████▎    | 1068/2000 [07:37<07:16,  2.14it/s, cached=1068, failed=0, skipped=0]
precache:  53%|█████▎    | 1069/2000 [07:37<05:21,  2.90it/s, cached=1068, failed=0, skipped=0]
precache:  53%|█████▎    | 1069/2000 [07:37<05:21,  2.90it/s, cached=1069, failed=0, skipped=0]
precache:  54%|█████▎    | 1070/2000 [07:37<05:21,  2.90it/s, cached=1070, failed=0, skipped=0]
precache:  54%|█████▎    | 1071/2000 [07:38<05:43,  2.71it/s, cached=1070, failed=0, skipped=0]
precache:  54%|█████▎    | 1071/2000 [07:38<05:43,  2.71it/s, cached=1071, failed=0, skipped=0]
precache:  54%|█████▎    | 1072/2000 [07:39<08:46,  1.76it/s, cached=1071, failed=0, skipped=0]
precache:  54%|█████▎    | 1072/2000 [07:39<08:46,  1.76it/s, cached=1072, failed=0, skipped=0]
precache:  54%|█████▎    | 1073/2000 [07:39<08:45,  1.76it/s, cached=1073, failed=0, skipped=0]
precache:  54%|█████▎    | 1074/2000 [07:39<05:50,  2.64it/s, cached=1073, failed=0, skipped=0]
precache:  54%|█████▎    | 1074/2000 [07:39<05:50,  2.64it/s, cached=1074, failed=0, skipped=0]
precache:  54%|█████▍    | 1075/2000 [07:40<05:51,  2.63it/s, cached=1074, failed=0, skipped=0]
precache:  54%|█████▍    | 1075/2000 [07:40<05:51,  2.63it/s, cached=1075, failed=0, skipped=0]
precache:  54%|█████▍    | 1076/2000 [07:40<06:22,  2.41it/s, cached=1075, failed=0, skipped=0]
precache:  54%|█████▍    | 1076/2000 [07:40<06:22,  2.41it/s, cached=1076, failed=0, skipped=0]
precache:  54%|█████▍    | 1077/2000 [07:40<06:22,  2.41it/s, cached=1077, failed=0, skipped=0]
precache:  54%|█████▍    | 1078/2000 [07:41<06:58,  2.20it/s, cached=1077, failed=0, skipped=0]
precache:  54%|█████▍    | 1078/2000 [07:41<06:58,  2.20it/s, cached=1078, failed=0, skipped=0]
precache:  54%|█████▍    | 1079/2000 [07:41<05:49,  2.63it/s, cached=1078, failed=0, skipped=0]
precache:  54%|█████▍    | 1079/2000 [07:41<05:49,  2.63it/s, cached=1079, failed=0, skipped=0]
precache:  54%|█████▍    | 1080/2000 [07:41<05:49,  2.63it/s, cached=1080, failed=0, skipped=0]
precache:  54%|█████▍    | 1081/2000 [07:41<05:48,  2.63it/s, cached=1081, failed=0, skipped=0]
precache:  54%|█████▍    | 1082/2000 [07:43<06:22,  2.40it/s, cached=1081, failed=0, skipped=0]
precache:  54%|█████▍    | 1082/2000 [07:43<06:22,  2.40it/s, cached=1082, failed=0, skipped=0]
precache:  54%|█████▍    | 1083/2000 [07:43<06:22,  2.40it/s, cached=1083, failed=0, skipped=0]
precache:  54%|█████▍    | 1084/2000 [07:43<05:57,  2.56it/s, cached=1083, failed=0, skipped=0]
precache:  54%|█████▍    | 1084/2000 [07:43<05:57,  2.56it/s, cached=1084, failed=0, skipped=0]
precache:  54%|█████▍    | 1085/2000 [07:43<05:56,  2.56it/s, cached=1085, failed=0, skipped=0]
precache:  54%|█████▍    | 1086/2000 [07:43<05:56,  2.56it/s, cached=1086, failed=0, skipped=0]
precache:  54%|█████▍    | 1087/2000 [07:44<04:05,  3.71it/s, cached=1086, failed=0, skipped=0]
precache:  54%|█████▍    | 1087/2000 [07:44<04:05,  3.71it/s, cached=1087, failed=0, skipped=0]
precache:  54%|█████▍    | 1088/2000 [07:45<06:07,  2.48it/s, cached=1087, failed=0, skipped=0]
precache:  54%|█████▍    | 1088/2000 [07:45<06:07,  2.48it/s, cached=1088, failed=0, skipped=0]
precache:  54%|█████▍    | 1089/2000 [07:45<05:24,  2.81it/s, cached=1088, failed=0, skipped=0]
precache:  54%|█████▍    | 1089/2000 [07:45<05:24,  2.81it/s, cached=1089, failed=0, skipped=0]
precache:  55%|█████▍    | 1090/2000 [07:45<05:38,  2.69it/s, cached=1089, failed=0, skipped=0]
precache:  55%|█████▍    | 1090/2000 [07:45<05:38,  2.69it/s, cached=1090, failed=0, skipped=0]
precache:  55%|█████▍    | 1091/2000 [07:45<05:37,  2.69it/s, cached=1091, failed=0, skipped=0]
precache:  55%|█████▍    | 1092/2000 [07:45<03:57,  3.82it/s, cached=1091, failed=0, skipped=0]
precache:  55%|█████▍    | 1092/2000 [07:45<03:57,  3.82it/s, cached=1092, failed=0, skipped=0]
precache:  55%|█████▍    | 1093/2000 [07:46<04:20,  3.49it/s, cached=1092, failed=0, skipped=0]
precache:  55%|█████▍    | 1093/2000 [07:46<04:20,  3.49it/s, cached=1093, failed=0, skipped=0]
precache:  55%|█████▍    | 1094/2000 [07:47<06:28,  2.33it/s, cached=1093, failed=0, skipped=0]
precache:  55%|█████▍    | 1094/2000 [07:47<06:28,  2.33it/s, cached=1094, failed=0, skipped=0]
precache:  55%|█████▍    | 1095/2000 [07:47<06:28,  2.33it/s, cached=1095, failed=0, skipped=0]
precache:  55%|█████▍    | 1096/2000 [07:47<05:36,  2.69it/s, cached=1095, failed=0, skipped=0]
precache:  55%|█████▍    | 1096/2000 [07:47<05:36,  2.69it/s, cached=1096, failed=0, skipped=0]
precache:  55%|█████▍    | 1097/2000 [07:48<05:15,  2.86it/s, cached=1096, failed=0, skipped=0]
precache:  55%|█████▍    | 1097/2000 [07:48<05:15,  2.86it/s, cached=1097, failed=0, skipped=0]
precache:  55%|█████▍    | 1098/2000 [07:48<04:34,  3.29it/s, cached=1097, failed=0, skipped=0]
precache:  55%|█████▍    | 1098/2000 [07:48<04:34,  3.29it/s, cached=1098, failed=0, skipped=0]
precache:  55%|█████▍    | 1099/2000 [07:48<04:01,  3.73it/s, cached=1098, failed=0, skipped=0]
precache:  55%|█████▍    | 1099/2000 [07:48<04:01,  3.73it/s, cached=1099, failed=0, skipped=0]
precache:  55%|█████▌    | 1100/2000 [07:48<05:23,  2.79it/s, cached=1099, failed=0, skipped=0]
precache:  55%|█████▌    | 1100/2000 [07:48<05:23,  2.79it/s, cached=1100, failed=0, skipped=0]
precache:  55%|█████▌    | 1101/2000 [07:49<05:13,  2.87it/s, cached=1100, failed=0, skipped=0]
precache:  55%|█████▌    | 1101/2000 [07:49<05:13,  2.87it/s, cached=1101, failed=0, skipped=0]
precache:  55%|█████▌    | 1102/2000 [07:49<04:15,  3.52it/s, cached=1101, failed=0, skipped=0]
precache:  55%|█████▌    | 1102/2000 [07:49<04:15,  3.52it/s, cached=1102, failed=0, skipped=0]
precache:  55%|█████▌    | 1103/2000 [07:49<05:04,  2.95it/s, cached=1102, failed=0, skipped=0]
precache:  55%|█████▌    | 1103/2000 [07:49<05:04,  2.95it/s, cached=1103, failed=0, skipped=0]
precache:  55%|█████▌    | 1104/2000 [07:50<04:53,  3.05it/s, cached=1103, failed=0, skipped=0]
precache:  55%|█████▌    | 1104/2000 [07:50<04:53,  3.05it/s, cached=1104, failed=0, skipped=0]
precache:  55%|█████▌    | 1105/2000 [07:50<06:14,  2.39it/s, cached=1104, failed=0, skipped=0]
precache:  55%|█████▌    | 1105/2000 [07:50<06:14,  2.39it/s, cached=1105, failed=0, skipped=0]
precache:  55%|█████▌    | 1106/2000 [07:50<05:04,  2.93it/s, cached=1105, failed=0, skipped=0]
precache:  55%|█████▌    | 1106/2000 [07:50<05:04,  2.93it/s, cached=1106, failed=0, skipped=0]
precache:  55%|█████▌    | 1107/2000 [07:51<06:03,  2.46it/s, cached=1106, failed=0, skipped=0]
precache:  55%|█████▌    | 1107/2000 [07:51<06:03,  2.46it/s, cached=1107, failed=0, skipped=0]
precache:  55%|█████▌    | 1108/2000 [07:51<05:03,  2.94it/s, cached=1107, failed=0, skipped=0]
precache:  55%|█████▌    | 1108/2000 [07:51<05:03,  2.94it/s, cached=1108, failed=0, skipped=0]
precache:  55%|█████▌    | 1109/2000 [07:51<05:02,  2.94it/s, cached=1109, failed=0, skipped=0]
precache:  56%|█████▌    | 1110/2000 [07:51<03:20,  4.44it/s, cached=1109, failed=0, skipped=0]
precache:  56%|█████▌    | 1110/2000 [07:51<03:20,  4.44it/s, cached=1110, failed=0, skipped=0]
precache:  56%|█████▌    | 1111/2000 [07:52<06:02,  2.45it/s, cached=1110, failed=0, skipped=0]
precache:  56%|█████▌    | 1111/2000 [07:52<06:02,  2.45it/s, cached=1111, failed=0, skipped=0]
precache:  56%|█████▌    | 1112/2000 [07:52<06:01,  2.45it/s, cached=1112, failed=0, skipped=0]
precache:  56%|█████▌    | 1113/2000 [07:53<06:21,  2.33it/s, cached=1112, failed=0, skipped=0]
precache:  56%|█████▌    | 1113/2000 [07:53<06:21,  2.33it/s, cached=1113, failed=0, skipped=0]
precache:  56%|█████▌    | 1114/2000 [07:53<06:20,  2.33it/s, cached=1114, failed=0, skipped=0]
precache:  56%|█████▌    | 1115/2000 [07:53<06:20,  2.33it/s, cached=1115, failed=0, skipped=0]
precache:  56%|█████▌    | 1116/2000 [07:54<04:27,  3.31it/s, cached=1115, failed=0, skipped=0]
precache:  56%|█████▌    | 1116/2000 [07:54<04:27,  3.31it/s, cached=1116, failed=0, skipped=0]
precache:  56%|█████▌    | 1117/2000 [07:54<04:40,  3.14it/s, cached=1116, failed=0, skipped=0]
precache:  56%|█████▌    | 1117/2000 [07:54<04:40,  3.14it/s, cached=1117, failed=0, skipped=0]
precache:  56%|█████▌    | 1118/2000 [07:54<04:40,  3.14it/s, cached=1118, failed=0, skipped=0]
precache:  56%|█████▌    | 1119/2000 [07:55<05:51,  2.50it/s, cached=1118, failed=0, skipped=0]
precache:  56%|█████▌    | 1119/2000 [07:55<05:51,  2.50it/s, cached=1119, failed=0, skipped=0]
precache:  56%|█████▌    | 1120/2000 [07:55<05:07,  2.86it/s, cached=1119, failed=0, skipped=0]
precache:  56%|█████▌    | 1120/2000 [07:55<05:07,  2.86it/s, cached=1120, failed=0, skipped=0]
precache:  56%|█████▌    | 1121/2000 [07:55<05:07,  2.86it/s, cached=1121, failed=0, skipped=0]
precache:  56%|█████▌    | 1122/2000 [07:56<04:05,  3.58it/s, cached=1121, failed=0, skipped=0]
precache:  56%|█████▌    | 1122/2000 [07:56<04:05,  3.58it/s, cached=1122, failed=0, skipped=0]
precache:  56%|█████▌    | 1123/2000 [07:56<04:45,  3.07it/s, cached=1122, failed=0, skipped=0]
precache:  56%|█████▌    | 1123/2000 [07:56<04:45,  3.07it/s, cached=1123, failed=0, skipped=0]
precache:  56%|█████▌    | 1124/2000 [07:56<04:14,  3.44it/s, cached=1123, failed=0, skipped=0]
precache:  56%|█████▌    | 1124/2000 [07:56<04:14,  3.44it/s, cached=1124, failed=0, skipped=0]
precache:  56%|█████▋    | 1125/2000 [07:57<06:36,  2.21it/s, cached=1124, failed=0, skipped=0]
precache:  56%|█████▋    | 1125/2000 [07:57<06:36,  2.21it/s, cached=1125, failed=0, skipped=0]
precache:  56%|█████▋    | 1126/2000 [07:57<05:19,  2.74it/s, cached=1125, failed=0, skipped=0]
precache:  56%|█████▋    | 1126/2000 [07:57<05:19,  2.74it/s, cached=1126, failed=0, skipped=0]
precache:  56%|█████▋    | 1127/2000 [07:57<05:18,  2.74it/s, cached=1127, failed=0, skipped=0]
precache:  56%|█████▋    | 1128/2000 [07:57<05:18,  2.74it/s, cached=1128, failed=0, skipped=0]
precache:  56%|█████▋    | 1129/2000 [07:58<03:41,  3.93it/s, cached=1128, failed=0, skipped=0]
precache:  56%|█████▋    | 1129/2000 [07:58<03:41,  3.93it/s, cached=1129, failed=0, skipped=0]
precache:  56%|█████▋    | 1130/2000 [07:58<03:50,  3.77it/s, cached=1129, failed=0, skipped=0]
precache:  56%|█████▋    | 1130/2000 [07:58<03:50,  3.77it/s, cached=1130, failed=0, skipped=0]
precache:  57%|█████▋    | 1131/2000 [07:59<06:25,  2.26it/s, cached=1130, failed=0, skipped=0]
precache:  57%|█████▋    | 1131/2000 [07:59<06:25,  2.26it/s, cached=1131, failed=0, skipped=0]
precache:  57%|█████▋    | 1132/2000 [07:59<06:24,  2.26it/s, cached=1132, failed=0, skipped=0]
precache:  57%|█████▋    | 1133/2000 [07:59<06:24,  2.26it/s, cached=1133, failed=0, skipped=0]
precache:  57%|█████▋    | 1134/2000 [07:59<03:34,  4.04it/s, cached=1133, failed=0, skipped=0]
precache:  57%|█████▋    | 1134/2000 [07:59<03:34,  4.04it/s, cached=1134, failed=0, skipped=0]
precache:  57%|█████▋    | 1135/2000 [08:00<05:00,  2.88it/s, cached=1134, failed=0, skipped=0]
precache:  57%|█████▋    | 1135/2000 [08:00<05:00,  2.88it/s, cached=1135, failed=0, skipped=0]
precache:  57%|█████▋    | 1136/2000 [08:00<04:30,  3.19it/s, cached=1135, failed=0, skipped=0]
precache:  57%|█████▋    | 1136/2000 [08:00<04:30,  3.19it/s, cached=1136, failed=0, skipped=0]
precache:  57%|█████▋    | 1137/2000 [08:01<05:46,  2.49it/s, cached=1136, failed=0, skipped=0]
precache:  57%|█████▋    | 1137/2000 [08:01<05:46,  2.49it/s, cached=1137, failed=0, skipped=0]
precache:  57%|█████▋    | 1138/2000 [08:01<04:57,  2.89it/s, cached=1137, failed=0, skipped=0]
precache:  57%|█████▋    | 1138/2000 [08:01<04:57,  2.89it/s, cached=1138, failed=0, skipped=0]
precache:  57%|█████▋    | 1139/2000 [08:02<04:53,  2.93it/s, cached=1138, failed=0, skipped=0]
precache:  57%|█████▋    | 1139/2000 [08:02<04:53,  2.93it/s, cached=1139, failed=0, skipped=0]
precache:  57%|█████▋    | 1140/2000 [08:02<04:37,  3.10it/s, cached=1139, failed=0, skipped=0]
precache:  57%|█████▋    | 1140/2000 [08:02<04:37,  3.10it/s, cached=1140, failed=0, skipped=0]
precache:  57%|█████▋    | 1141/2000 [08:02<05:26,  2.63it/s, cached=1140, failed=0, skipped=0]
precache:  57%|█████▋    | 1141/2000 [08:02<05:26,  2.63it/s, cached=1141, failed=0, skipped=0]
precache:  57%|█████▋    | 1142/2000 [08:03<06:00,  2.38it/s, cached=1141, failed=0, skipped=0]
precache:  57%|█████▋    | 1142/2000 [08:03<06:00,  2.38it/s, cached=1142, failed=0, skipped=0]
precache:  57%|█████▋    | 1143/2000 [08:03<05:12,  2.74it/s, cached=1142, failed=0, skipped=0]
precache:  57%|█████▋    | 1143/2000 [08:03<05:12,  2.74it/s, cached=1143, failed=0, skipped=0]
precache:  57%|█████▋    | 1144/2000 [08:03<04:59,  2.86it/s, cached=1143, failed=0, skipped=0]
precache:  57%|█████▋    | 1144/2000 [08:03<04:59,  2.86it/s, cached=1144, failed=0, skipped=0]
precache:  57%|█████▋    | 1145/2000 [08:04<03:57,  3.60it/s, cached=1144, failed=0, skipped=0]
precache:  57%|█████▋    | 1145/2000 [08:04<03:57,  3.60it/s, cached=1145, failed=0, skipped=0]
precache:  57%|█████▋    | 1146/2000 [08:04<04:49,  2.95it/s, cached=1145, failed=0, skipped=0]
precache:  57%|█████▋    | 1146/2000 [08:04<04:49,  2.95it/s, cached=1146, failed=0, skipped=0]
precache:  57%|█████▋    | 1147/2000 [08:04<04:10,  3.41it/s, cached=1146, failed=0, skipped=0]
precache:  57%|█████▋    | 1147/2000 [08:04<04:10,  3.41it/s, cached=1147, failed=0, skipped=0]
precache:  57%|█████▋    | 1148/2000 [08:05<04:56,  2.88it/s, cached=1147, failed=0, skipped=0]
precache:  57%|█████▋    | 1148/2000 [08:05<04:56,  2.88it/s, cached=1148, failed=0, skipped=0]
precache:  57%|█████▋    | 1149/2000 [08:05<04:51,  2.92it/s, cached=1148, failed=0, skipped=0]
precache:  57%|█████▋    | 1149/2000 [08:05<04:51,  2.92it/s, cached=1149, failed=0, skipped=0]
precache:  57%|█████▊    | 1150/2000 [08:05<04:51,  2.92it/s, cached=1150, failed=0, skipped=0]
precache:  58%|█████▊    | 1151/2000 [08:05<03:39,  3.86it/s, cached=1150, failed=0, skipped=0]
precache:  58%|█████▊    | 1151/2000 [08:05<03:39,  3.86it/s, cached=1151, failed=0, skipped=0]
precache:  58%|█████▊    | 1152/2000 [08:07<07:37,  1.85it/s, cached=1151, failed=0, skipped=0]
precache:  58%|█████▊    | 1152/2000 [08:07<07:37,  1.85it/s, cached=1152, failed=0, skipped=0]
precache:  58%|█████▊    | 1153/2000 [08:07<07:37,  1.85it/s, cached=1153, failed=0, skipped=0]
precache:  58%|█████▊    | 1154/2000 [08:07<05:00,  2.81it/s, cached=1153, failed=0, skipped=0]
precache:  58%|█████▊    | 1154/2000 [08:07<05:00,  2.81it/s, cached=1154, failed=0, skipped=0]
precache:  58%|█████▊    | 1155/2000 [08:07<04:49,  2.92it/s, cached=1154, failed=0, skipped=0]
precache:  58%|█████▊    | 1155/2000 [08:07<04:49,  2.92it/s, cached=1155, failed=0, skipped=0]
precache:  58%|█████▊    | 1156/2000 [08:07<04:49,  2.92it/s, cached=1156, failed=0, skipped=0]
precache:  58%|█████▊    | 1157/2000 [08:07<03:35,  3.92it/s, cached=1156, failed=0, skipped=0]
precache:  58%|█████▊    | 1157/2000 [08:07<03:35,  3.92it/s, cached=1157, failed=0, skipped=0]
precache:  58%|█████▊    | 1158/2000 [08:09<07:32,  1.86it/s, cached=1157, failed=0, skipped=0]
precache:  58%|█████▊    | 1158/2000 [08:09<07:32,  1.86it/s, cached=1158, failed=0, skipped=0]
precache:  58%|█████▊    | 1159/2000 [08:09<07:32,  1.86it/s, cached=1159, failed=0, skipped=0]
precache:  58%|█████▊    | 1160/2000 [08:09<07:31,  1.86it/s, cached=1160, failed=0, skipped=0]
precache:  58%|█████▊    | 1161/2000 [08:09<04:07,  3.39it/s, cached=1160, failed=0, skipped=0]
precache:  58%|█████▊    | 1161/2000 [08:09<04:07,  3.39it/s, cached=1161, failed=0, skipped=0]
precache:  58%|█████▊    | 1162/2000 [08:09<04:07,  3.39it/s, cached=1162, failed=0, skipped=0]
precache:  58%|█████▊    | 1163/2000 [08:09<03:22,  4.13it/s, cached=1162, failed=0, skipped=0]
precache:  58%|█████▊    | 1163/2000 [08:09<03:22,  4.13it/s, cached=1163, failed=0, skipped=0]
precache:  58%|█████▊    | 1164/2000 [08:11<07:12,  1.93it/s, cached=1163, failed=0, skipped=0]
precache:  58%|█████▊    | 1164/2000 [08:11<07:12,  1.93it/s, cached=1164, failed=0, skipped=0]
precache:  58%|█████▊    | 1165/2000 [08:11<07:11,  1.93it/s, cached=1165, failed=0, skipped=0]
precache:  58%|█████▊    | 1166/2000 [08:11<07:11,  1.93it/s, cached=1166, failed=0, skipped=0]
precache:  58%|█████▊    | 1167/2000 [08:11<04:32,  3.06it/s, cached=1166, failed=0, skipped=0]
precache:  58%|█████▊    | 1167/2000 [08:11<04:32,  3.06it/s, cached=1167, failed=0, skipped=0]
precache:  58%|█████▊    | 1168/2000 [08:12<04:12,  3.29it/s, cached=1167, failed=0, skipped=0]
precache:  58%|█████▊    | 1168/2000 [08:12<04:12,  3.29it/s, cached=1168, failed=0, skipped=0]
precache:  58%|█████▊    | 1169/2000 [08:12<04:12,  3.29it/s, cached=1169, failed=0, skipped=0]
precache:  58%|█████▊    | 1170/2000 [08:13<06:17,  2.20it/s, cached=1169, failed=0, skipped=0]
precache:  58%|█████▊    | 1170/2000 [08:13<06:17,  2.20it/s, cached=1170, failed=0, skipped=0]
precache:  59%|█████▊    | 1171/2000 [08:13<05:24,  2.55it/s, cached=1170, failed=0, skipped=0]
precache:  59%|█████▊    | 1171/2000 [08:13<05:24,  2.55it/s, cached=1171, failed=0, skipped=0]
precache:  59%|█████▊    | 1172/2000 [08:13<05:24,  2.55it/s, cached=1172, failed=0, skipped=0]
precache:  59%|█████▊    | 1173/2000 [08:13<04:07,  3.34it/s, cached=1172, failed=0, skipped=0]
precache:  59%|█████▊    | 1173/2000 [08:13<04:07,  3.34it/s, cached=1173, failed=0, skipped=0]
precache:  59%|█████▊    | 1174/2000 [08:14<03:34,  3.85it/s, cached=1173, failed=0, skipped=0]
precache:  59%|█████▊    | 1174/2000 [08:14<03:34,  3.85it/s, cached=1174, failed=0, skipped=0]
precache:  59%|█████▉    | 1175/2000 [08:14<04:27,  3.08it/s, cached=1174, failed=0, skipped=0]
precache:  59%|█████▉    | 1175/2000 [08:14<04:27,  3.08it/s, cached=1175, failed=0, skipped=0]
precache:  59%|█████▉    | 1176/2000 [08:15<05:34,  2.46it/s, cached=1175, failed=0, skipped=0]
precache:  59%|█████▉    | 1176/2000 [08:15<05:34,  2.46it/s, cached=1176, failed=0, skipped=0]
precache:  59%|█████▉    | 1177/2000 [08:15<05:22,  2.56it/s, cached=1176, failed=0, skipped=0]
precache:  59%|█████▉    | 1177/2000 [08:15<05:22,  2.56it/s, cached=1177, failed=0, skipped=0]
precache:  59%|█████▉    | 1178/2000 [08:15<05:21,  2.56it/s, cached=1178, failed=0, skipped=0]
precache:  59%|█████▉    | 1179/2000 [08:15<04:01,  3.40it/s, cached=1178, failed=0, skipped=0]
precache:  59%|█████▉    | 1179/2000 [08:15<04:01,  3.40it/s, cached=1179, failed=0, skipped=0]
precache:  59%|█████▉    | 1180/2000 [08:16<03:48,  3.58it/s, cached=1179, failed=0, skipped=0]
precache:  59%|█████▉    | 1180/2000 [08:16<03:48,  3.58it/s, cached=1180, failed=0, skipped=0]
precache:  59%|█████▉    | 1181/2000 [08:17<05:48,  2.35it/s, cached=1180, failed=0, skipped=0]
precache:  59%|█████▉    | 1181/2000 [08:17<05:48,  2.35it/s, cached=1181, failed=0, skipped=0]
precache:  59%|█████▉    | 1182/2000 [08:17<05:47,  2.35it/s, cached=1182, failed=0, skipped=0]
precache:  59%|█████▉    | 1183/2000 [08:17<04:25,  3.08it/s, cached=1182, failed=0, skipped=0]
precache:  59%|█████▉    | 1183/2000 [08:17<04:25,  3.08it/s, cached=1183, failed=0, skipped=0]
precache:  59%|█████▉    | 1184/2000 [08:17<04:25,  3.08it/s, cached=1184, failed=0, skipped=0]
precache:  59%|█████▉    | 1185/2000 [08:18<04:28,  3.04it/s, cached=1184, failed=0, skipped=0]
precache:  59%|█████▉    | 1185/2000 [08:18<04:28,  3.04it/s, cached=1185, failed=0, skipped=0]
precache:  59%|█████▉    | 1186/2000 [08:18<05:04,  2.67it/s, cached=1185, failed=0, skipped=0]
precache:  59%|█████▉    | 1186/2000 [08:18<05:04,  2.67it/s, cached=1186, failed=0, skipped=0]
precache:  59%|█████▉    | 1187/2000 [08:19<05:50,  2.32it/s, cached=1186, failed=0, skipped=0]
precache:  59%|█████▉    | 1187/2000 [08:19<05:50,  2.32it/s, cached=1187, failed=0, skipped=0]
precache:  59%|█████▉    | 1188/2000 [08:19<05:50,  2.32it/s, cached=1188, failed=0, skipped=0]
precache:  59%|█████▉    | 1189/2000 [08:19<05:49,  2.32it/s, cached=1189, failed=0, skipped=0]
precache:  60%|█████▉    | 1190/2000 [08:19<03:21,  4.02it/s, cached=1189, failed=0, skipped=0]
precache:  60%|█████▉    | 1190/2000 [08:19<03:21,  4.02it/s, cached=1190, failed=0, skipped=0]
precache:  60%|█████▉    | 1191/2000 [08:19<03:39,  3.69it/s, cached=1190, failed=0, skipped=0]
precache:  60%|█████▉    | 1191/2000 [08:19<03:39,  3.69it/s, cached=1191, failed=0, skipped=0]
precache:  60%|█████▉    | 1192/2000 [08:20<04:27,  3.03it/s, cached=1191, failed=0, skipped=0]
precache:  60%|█████▉    | 1192/2000 [08:20<04:27,  3.03it/s, cached=1192, failed=0, skipped=0]
precache:  60%|█████▉    | 1193/2000 [08:20<05:24,  2.48it/s, cached=1192, failed=0, skipped=0]
precache:  60%|█████▉    | 1193/2000 [08:20<05:24,  2.48it/s, cached=1193, failed=0, skipped=0]
precache:  60%|█████▉    | 1194/2000 [08:21<04:55,  2.72it/s, cached=1193, failed=0, skipped=0]
precache:  60%|█████▉    | 1194/2000 [08:21<04:55,  2.72it/s, cached=1194, failed=0, skipped=0]
precache:  60%|█████▉    | 1195/2000 [08:21<04:25,  3.03it/s, cached=1194, failed=0, skipped=0]
precache:  60%|█████▉    | 1195/2000 [08:21<04:25,  3.03it/s, cached=1195, failed=0, skipped=0]
precache:  60%|█████▉    | 1196/2000 [08:21<04:25,  3.03it/s, cached=1196, failed=0, skipped=0]
precache:  60%|█████▉    | 1197/2000 [08:21<04:25,  3.03it/s, cached=1197, failed=0, skipped=0]
precache:  60%|█████▉    | 1198/2000 [08:22<04:27,  2.99it/s, cached=1197, failed=0, skipped=0]
precache:  60%|█████▉    | 1198/2000 [08:22<04:27,  2.99it/s, cached=1198, failed=0, skipped=0]
precache:  60%|█████▉    | 1199/2000 [08:23<05:02,  2.65it/s, cached=1198, failed=0, skipped=0]
precache:  60%|█████▉    | 1199/2000 [08:23<05:02,  2.65it/s, cached=1199, failed=0, skipped=0]
precache:  60%|██████    | 1200/2000 [08:23<05:02,  2.65it/s, cached=1200, failed=0, skipped=0]
precache:  60%|██████    | 1201/2000 [08:23<03:35,  3.70it/s, cached=1200, failed=0, skipped=0]
precache:  60%|██████    | 1201/2000 [08:23<03:35,  3.70it/s, cached=1201, failed=0, skipped=0]
precache:  60%|██████    | 1202/2000 [08:23<03:10,  4.20it/s, cached=1201, failed=0, skipped=0]
precache:  60%|██████    | 1202/2000 [08:23<03:10,  4.20it/s, cached=1202, failed=0, skipped=0]
precache:  60%|██████    | 1203/2000 [08:23<02:47,  4.76it/s, cached=1202, failed=0, skipped=0]
precache:  60%|██████    | 1203/2000 [08:23<02:47,  4.76it/s, cached=1203, failed=0, skipped=0]
precache:  60%|██████    | 1204/2000 [08:24<05:49,  2.28it/s, cached=1203, failed=0, skipped=0]
precache:  60%|██████    | 1204/2000 [08:24<05:49,  2.28it/s, cached=1204, failed=0, skipped=0]
precache:  60%|██████    | 1205/2000 [08:25<07:01,  1.89it/s, cached=1204, failed=0, skipped=0]
precache:  60%|██████    | 1205/2000 [08:25<07:01,  1.89it/s, cached=1205, failed=0, skipped=0]
precache:  60%|██████    | 1206/2000 [08:25<07:00,  1.89it/s, cached=1206, failed=0, skipped=0]
precache:  60%|██████    | 1207/2000 [08:25<07:00,  1.89it/s, cached=1207, failed=0, skipped=0]
precache:  60%|██████    | 1208/2000 [08:25<06:59,  1.89it/s, cached=1208, failed=0, skipped=0]
precache:  60%|██████    | 1209/2000 [08:25<03:12,  4.10it/s, cached=1208, failed=0, skipped=0]
precache:  60%|██████    | 1209/2000 [08:25<03:12,  4.10it/s, cached=1209, failed=0, skipped=0]
precache:  60%|██████    | 1210/2000 [08:26<05:16,  2.50it/s, cached=1209, failed=0, skipped=0]
precache:  60%|██████    | 1210/2000 [08:26<05:16,  2.50it/s, cached=1210, failed=0, skipped=0]
precache:  61%|██████    | 1211/2000 [08:27<06:31,  2.02it/s, cached=1210, failed=0, skipped=0]
precache:  61%|██████    | 1211/2000 [08:27<06:31,  2.02it/s, cached=1211, failed=0, skipped=0]
precache:  61%|██████    | 1212/2000 [08:27<06:30,  2.02it/s, cached=1212, failed=0, skipped=0]
precache:  61%|██████    | 1213/2000 [08:27<04:33,  2.87it/s, cached=1212, failed=0, skipped=0]
precache:  61%|██████    | 1213/2000 [08:27<04:33,  2.87it/s, cached=1213, failed=0, skipped=0]
precache:  61%|██████    | 1214/2000 [08:27<04:33,  2.87it/s, cached=1214, failed=0, skipped=0]
precache:  61%|██████    | 1215/2000 [08:28<03:45,  3.48it/s, cached=1214, failed=0, skipped=0]
precache:  61%|██████    | 1215/2000 [08:28<03:45,  3.48it/s, cached=1215, failed=0, skipped=0]
precache:  61%|██████    | 1216/2000 [08:29<05:34,  2.34it/s, cached=1215, failed=0, skipped=0]
precache:  61%|██████    | 1216/2000 [08:29<05:34,  2.34it/s, cached=1216, failed=0, skipped=0]
precache:  61%|██████    | 1217/2000 [08:29<06:13,  2.09it/s, cached=1216, failed=0, skipped=0]
precache:  61%|██████    | 1217/2000 [08:29<06:13,  2.09it/s, cached=1217, failed=0, skipped=0]
precache:  61%|██████    | 1218/2000 [08:29<06:13,  2.09it/s, cached=1218, failed=0, skipped=0]
precache:  61%|██████    | 1219/2000 [08:29<06:12,  2.09it/s, cached=1219, failed=0, skipped=0]
precache:  61%|██████    | 1220/2000 [08:30<03:52,  3.36it/s, cached=1219, failed=0, skipped=0]
precache:  61%|██████    | 1220/2000 [08:30<03:52,  3.36it/s, cached=1220, failed=0, skipped=0]
precache:  61%|██████    | 1221/2000 [08:30<03:51,  3.36it/s, cached=1221, failed=0, skipped=0]
precache:  61%|██████    | 1222/2000 [08:31<04:33,  2.84it/s, cached=1221, failed=0, skipped=0]
precache:  61%|██████    | 1222/2000 [08:31<04:33,  2.84it/s, cached=1222, failed=0, skipped=0]
precache:  61%|██████    | 1223/2000 [08:31<05:58,  2.17it/s, cached=1222, failed=0, skipped=0]
precache:  61%|██████    | 1223/2000 [08:31<05:58,  2.17it/s, cached=1223, failed=0, skipped=0]
precache:  61%|██████    | 1224/2000 [08:31<05:58,  2.17it/s, cached=1224, failed=0, skipped=0]
precache:  61%|██████▏   | 1225/2000 [08:32<05:57,  2.17it/s, cached=1225, failed=0, skipped=0]
precache:  61%|██████▏   | 1226/2000 [08:32<03:48,  3.39it/s, cached=1225, failed=0, skipped=0]
precache:  61%|██████▏   | 1226/2000 [08:32<03:48,  3.39it/s, cached=1226, failed=0, skipped=0]
precache:  61%|██████▏   | 1227/2000 [08:32<03:24,  3.77it/s, cached=1226, failed=0, skipped=0]
precache:  61%|██████▏   | 1227/2000 [08:32<03:24,  3.77it/s, cached=1227, failed=0, skipped=0]
precache:  61%|██████▏   | 1228/2000 [08:33<04:57,  2.59it/s, cached=1227, failed=0, skipped=0]
precache:  61%|██████▏   | 1228/2000 [08:33<04:57,  2.59it/s, cached=1228, failed=0, skipped=0]
precache:  61%|██████▏   | 1229/2000 [08:33<05:49,  2.21it/s, cached=1228, failed=0, skipped=0]
precache:  61%|██████▏   | 1229/2000 [08:33<05:49,  2.21it/s, cached=1229, failed=0, skipped=0]
precache:  62%|██████▏   | 1230/2000 [08:33<05:48,  2.21it/s, cached=1230, failed=0, skipped=0]
precache:  62%|██████▏   | 1231/2000 [08:33<05:48,  2.21it/s, cached=1231, failed=0, skipped=0]
precache:  62%|██████▏   | 1232/2000 [08:33<05:47,  2.21it/s, cached=1232, failed=0, skipped=0]
precache:  62%|██████▏   | 1233/2000 [08:34<03:12,  3.99it/s, cached=1232, failed=0, skipped=0]
precache:  62%|██████▏   | 1233/2000 [08:34<03:12,  3.99it/s, cached=1233, failed=0, skipped=0]
precache:  62%|██████▏   | 1234/2000 [08:35<04:24,  2.89it/s, cached=1233, failed=0, skipped=0]
precache:  62%|██████▏   | 1234/2000 [08:35<04:24,  2.89it/s, cached=1234, failed=0, skipped=0]
precache:  62%|██████▏   | 1235/2000 [08:35<05:35,  2.28it/s, cached=1234, failed=0, skipped=0]
precache:  62%|██████▏   | 1235/2000 [08:35<05:35,  2.28it/s, cached=1235, failed=0, skipped=0]
precache:  62%|██████▏   | 1236/2000 [08:36<05:51,  2.18it/s, cached=1235, failed=0, skipped=0]
precache:  62%|██████▏   | 1236/2000 [08:36<05:51,  2.18it/s, cached=1236, failed=0, skipped=0]
precache:  62%|██████▏   | 1237/2000 [08:36<05:50,  2.18it/s, cached=1237, failed=0, skipped=0]
precache:  62%|██████▏   | 1238/2000 [08:36<03:51,  3.29it/s, cached=1237, failed=0, skipped=0]
precache:  62%|██████▏   | 1238/2000 [08:36<03:51,  3.29it/s, cached=1238, failed=0, skipped=0]
precache:  62%|██████▏   | 1239/2000 [08:36<03:37,  3.50it/s, cached=1238, failed=0, skipped=0]
precache:  62%|██████▏   | 1239/2000 [08:36<03:37,  3.50it/s, cached=1239, failed=0, skipped=0]
precache:  62%|██████▏   | 1240/2000 [08:36<03:13,  3.92it/s, cached=1239, failed=0, skipped=0]
precache:  62%|██████▏   | 1240/2000 [08:36<03:13,  3.92it/s, cached=1240, failed=0, skipped=0]
precache:  62%|██████▏   | 1241/2000 [08:38<06:32,  1.93it/s, cached=1240, failed=0, skipped=0]
precache:  62%|██████▏   | 1241/2000 [08:38<06:32,  1.93it/s, cached=1241, failed=0, skipped=0]
precache:  62%|██████▏   | 1242/2000 [08:38<05:11,  2.43it/s, cached=1241, failed=0, skipped=0]
precache:  62%|██████▏   | 1242/2000 [08:38<05:11,  2.43it/s, cached=1242, failed=0, skipped=0]
precache:  62%|██████▏   | 1243/2000 [08:38<05:11,  2.43it/s, cached=1243, failed=0, skipped=0]
precache:  62%|██████▏   | 1244/2000 [08:38<05:10,  2.43it/s, cached=1244, failed=0, skipped=0]
precache:  62%|██████▏   | 1245/2000 [08:38<03:04,  4.10it/s, cached=1244, failed=0, skipped=0]
precache:  62%|██████▏   | 1245/2000 [08:38<03:04,  4.10it/s, cached=1245, failed=0, skipped=0]
precache:  62%|██████▏   | 1246/2000 [08:38<02:45,  4.55it/s, cached=1245, failed=0, skipped=0]
precache:  62%|██████▏   | 1246/2000 [08:38<02:45,  4.55it/s, cached=1246, failed=0, skipped=0]
precache:  62%|██████▏   | 1247/2000 [08:39<05:31,  2.27it/s, cached=1246, failed=0, skipped=0]
precache:  62%|██████▏   | 1247/2000 [08:39<05:31,  2.27it/s, cached=1247, failed=0, skipped=0]
precache:  62%|██████▏   | 1248/2000 [08:39<05:31,  2.27it/s, cached=1248, failed=0, skipped=0]
precache:  62%|██████▏   | 1249/2000 [08:40<03:43,  3.36it/s, cached=1248, failed=0, skipped=0]
precache:  62%|██████▏   | 1249/2000 [08:40<03:43,  3.36it/s, cached=1249, failed=0, skipped=0]
precache:  62%|██████▎   | 1250/2000 [08:40<03:25,  3.64it/s, cached=1249, failed=0, skipped=0]
precache:  62%|██████▎   | 1250/2000 [08:40<03:25,  3.64it/s, cached=1250, failed=0, skipped=0]
precache:  63%|██████▎   | 1251/2000 [08:40<03:33,  3.51it/s, cached=1250, failed=0, skipped=0]
precache:  63%|██████▎   | 1251/2000 [08:40<03:33,  3.51it/s, cached=1251, failed=0, skipped=0]
precache:  63%|██████▎   | 1252/2000 [08:40<03:33,  3.51it/s, cached=1252, failed=0, skipped=0]
precache:  63%|██████▎   | 1253/2000 [08:41<05:20,  2.33it/s, cached=1252, failed=0, skipped=0]
precache:  63%|██████▎   | 1253/2000 [08:41<05:20,  2.33it/s, cached=1253, failed=0, skipped=0]
precache:  63%|██████▎   | 1254/2000 [08:42<04:27,  2.78it/s, cached=1253, failed=0, skipped=0]
precache:  63%|██████▎   | 1254/2000 [08:42<04:27,  2.78it/s, cached=1254, failed=0, skipped=0]
precache:  63%|██████▎   | 1255/2000 [08:42<05:02,  2.47it/s, cached=1254, failed=0, skipped=0]
precache:  63%|██████▎   | 1255/2000 [08:42<05:02,  2.47it/s, cached=1255, failed=0, skipped=0]
precache:  63%|██████▎   | 1256/2000 [08:42<05:01,  2.47it/s, cached=1256, failed=0, skipped=0]
precache:  63%|██████▎   | 1257/2000 [08:42<05:01,  2.47it/s, cached=1257, failed=0, skipped=0]
precache:  63%|██████▎   | 1258/2000 [08:42<02:40,  4.63it/s, cached=1257, failed=0, skipped=0]
precache:  63%|██████▎   | 1258/2000 [08:42<02:40,  4.63it/s, cached=1258, failed=0, skipped=0]
precache:  63%|██████▎   | 1259/2000 [08:43<02:40,  4.63it/s, cached=1259, failed=0, skipped=0]
precache:  63%|██████▎   | 1260/2000 [08:44<05:03,  2.44it/s, cached=1259, failed=0, skipped=0]
precache:  63%|██████▎   | 1260/2000 [08:44<05:03,  2.44it/s, cached=1260, failed=0, skipped=0]
precache:  63%|██████▎   | 1261/2000 [08:44<05:03,  2.44it/s, cached=1261, failed=0, skipped=0]
precache:  63%|██████▎   | 1262/2000 [08:44<05:02,  2.44it/s, cached=1262, failed=0, skipped=0]
precache:  63%|██████▎   | 1263/2000 [08:44<03:10,  3.87it/s, cached=1262, failed=0, skipped=0]
precache:  63%|██████▎   | 1263/2000 [08:44<03:10,  3.87it/s, cached=1263, failed=0, skipped=0]
precache:  63%|██████▎   | 1264/2000 [08:44<03:10,  3.87it/s, cached=1264, failed=0, skipped=0]
precache:  63%|██████▎   | 1265/2000 [08:46<05:07,  2.39it/s, cached=1264, failed=0, skipped=0]
precache:  63%|██████▎   | 1265/2000 [08:46<05:07,  2.39it/s, cached=1265, failed=0, skipped=0]
precache:  63%|██████▎   | 1266/2000 [08:46<05:24,  2.26it/s, cached=1265, failed=0, skipped=0]
precache:  63%|██████▎   | 1266/2000 [08:46<05:24,  2.26it/s, cached=1266, failed=0, skipped=0]
precache:  63%|██████▎   | 1267/2000 [08:46<05:23,  2.26it/s, cached=1267, failed=0, skipped=0]
precache:  63%|██████▎   | 1268/2000 [08:46<05:23,  2.26it/s, cached=1268, failed=0, skipped=0]
precache:  63%|██████▎   | 1269/2000 [08:46<05:22,  2.26it/s, cached=1269, failed=0, skipped=0]
precache:  64%|██████▎   | 1270/2000 [08:46<02:57,  4.12it/s, cached=1269, failed=0, skipped=0]
precache:  64%|██████▎   | 1270/2000 [08:46<02:57,  4.12it/s, cached=1270, failed=0, skipped=0]
precache:  64%|██████▎   | 1271/2000 [08:48<02:57,  4.12it/s, cached=1271, failed=0, skipped=0]
precache:  64%|██████▎   | 1272/2000 [08:48<05:02,  2.41it/s, cached=1271, failed=0, skipped=0]
precache:  64%|██████▎   | 1272/2000 [08:48<05:02,  2.41it/s, cached=1272, failed=0, skipped=0]
precache:  64%|██████▎   | 1273/2000 [08:48<05:01,  2.41it/s, cached=1273, failed=0, skipped=0]
precache:  64%|██████▎   | 1274/2000 [08:48<05:01,  2.41it/s, cached=1274, failed=0, skipped=0]
precache:  64%|██████▍   | 1275/2000 [08:48<03:27,  3.50it/s, cached=1274, failed=0, skipped=0]
precache:  64%|██████▍   | 1275/2000 [08:48<03:27,  3.50it/s, cached=1275, failed=0, skipped=0]
precache:  64%|██████▍   | 1276/2000 [08:48<03:27,  3.50it/s, cached=1276, failed=0, skipped=0]
precache:  64%|██████▍   | 1277/2000 [08:50<05:01,  2.40it/s, cached=1276, failed=0, skipped=0]
precache:  64%|██████▍   | 1277/2000 [08:50<05:01,  2.40it/s, cached=1277, failed=0, skipped=0]
precache:  64%|██████▍   | 1278/2000 [08:50<04:35,  2.62it/s, cached=1277, failed=0, skipped=0]
precache:  64%|██████▍   | 1278/2000 [08:50<04:35,  2.62it/s, cached=1278, failed=0, skipped=0]
precache:  64%|██████▍   | 1279/2000 [08:50<04:10,  2.88it/s, cached=1278, failed=0, skipped=0]
precache:  64%|██████▍   | 1279/2000 [08:50<04:10,  2.88it/s, cached=1279, failed=0, skipped=0]
precache:  64%|██████▍   | 1280/2000 [08:50<04:10,  2.88it/s, cached=1280, failed=0, skipped=0]
precache:  64%|██████▍   | 1281/2000 [08:50<04:09,  2.88it/s, cached=1281, failed=0, skipped=0]
precache:  64%|██████▍   | 1282/2000 [08:50<02:31,  4.74it/s, cached=1281, failed=0, skipped=0]
precache:  64%|██████▍   | 1282/2000 [08:50<02:31,  4.74it/s, cached=1282, failed=0, skipped=0]
precache:  64%|██████▍   | 1283/2000 [08:52<02:31,  4.74it/s, cached=1283, failed=0, skipped=0]
precache:  64%|██████▍   | 1284/2000 [08:52<04:46,  2.50it/s, cached=1283, failed=0, skipped=0]
precache:  64%|██████▍   | 1284/2000 [08:52<04:46,  2.50it/s, cached=1284, failed=0, skipped=0]
precache:  64%|██████▍   | 1285/2000 [08:52<04:45,  2.50it/s, cached=1285, failed=0, skipped=0]
precache:  64%|██████▍   | 1286/2000 [08:52<03:35,  3.32it/s, cached=1285, failed=0, skipped=0]
precache:  64%|██████▍   | 1286/2000 [08:52<03:35,  3.32it/s, cached=1286, failed=0, skipped=0]
precache:  64%|██████▍   | 1287/2000 [08:52<03:34,  3.32it/s, cached=1287, failed=0, skipped=0]
precache:  64%|██████▍   | 1288/2000 [08:52<02:52,  4.13it/s, cached=1287, failed=0, skipped=0]
precache:  64%|██████▍   | 1288/2000 [08:52<02:52,  4.13it/s, cached=1288, failed=0, skipped=0]
precache:  64%|██████▍   | 1289/2000 [08:54<02:52,  4.13it/s, cached=1289, failed=0, skipped=0]
precache:  64%|██████▍   | 1290/2000 [08:54<04:31,  2.62it/s, cached=1289, failed=0, skipped=0]
precache:  64%|██████▍   | 1290/2000 [08:54<04:31,  2.62it/s, cached=1290, failed=0, skipped=0]
precache:  65%|██████▍   | 1291/2000 [08:54<04:31,  2.62it/s, cached=1291, failed=0, skipped=0]
precache:  65%|██████▍   | 1292/2000 [08:54<03:38,  3.24it/s, cached=1291, failed=0, skipped=0]
precache:  65%|██████▍   | 1292/2000 [08:54<03:38,  3.24it/s, cached=1292, failed=0, skipped=0]
precache:  65%|██████▍   | 1293/2000 [08:54<03:36,  3.27it/s, cached=1292, failed=0, skipped=0]
precache:  65%|██████▍   | 1293/2000 [08:54<03:36,  3.27it/s, cached=1293, failed=0, skipped=0]
precache:  65%|██████▍   | 1294/2000 [08:54<03:36,  3.27it/s, cached=1294, failed=0, skipped=0]
precache:  65%|██████▍   | 1295/2000 [08:56<05:46,  2.04it/s, cached=1294, failed=0, skipped=0]
precache:  65%|██████▍   | 1295/2000 [08:56<05:46,  2.04it/s, cached=1295, failed=0, skipped=0]
precache:  65%|██████▍   | 1296/2000 [08:56<05:45,  2.04it/s, cached=1296, failed=0, skipped=0]
precache:  65%|██████▍   | 1297/2000 [08:56<04:06,  2.85it/s, cached=1296, failed=0, skipped=0]
precache:  65%|██████▍   | 1297/2000 [08:56<04:06,  2.85it/s, cached=1297, failed=0, skipped=0]
precache:  65%|██████▍   | 1298/2000 [08:56<04:06,  2.85it/s, cached=1298, failed=0, skipped=0]
precache:  65%|██████▍   | 1299/2000 [08:57<03:23,  3.44it/s, cached=1298, failed=0, skipped=0]
precache:  65%|██████▍   | 1299/2000 [08:57<03:23,  3.44it/s, cached=1299, failed=0, skipped=0]
precache:  65%|██████▌   | 1300/2000 [08:57<03:00,  3.88it/s, cached=1299, failed=0, skipped=0]
precache:  65%|██████▌   | 1300/2000 [08:57<03:00,  3.88it/s, cached=1300, failed=0, skipped=0]
precache:  65%|██████▌   | 1301/2000 [08:58<04:51,  2.40it/s, cached=1300, failed=0, skipped=0]
precache:  65%|██████▌   | 1301/2000 [08:58<04:51,  2.40it/s, cached=1301, failed=0, skipped=0]
precache:  65%|██████▌   | 1302/2000 [08:58<04:34,  2.54it/s, cached=1301, failed=0, skipped=0]
precache:  65%|██████▌   | 1302/2000 [08:58<04:34,  2.54it/s, cached=1302, failed=0, skipped=0]
precache:  65%|██████▌   | 1303/2000 [08:58<03:46,  3.07it/s, cached=1302, failed=0, skipped=0]
precache:  65%|██████▌   | 1303/2000 [08:58<03:46,  3.07it/s, cached=1303, failed=0, skipped=0]
precache:  65%|██████▌   | 1304/2000 [08:58<03:46,  3.08it/s, cached=1303, failed=0, skipped=0]
precache:  65%|██████▌   | 1304/2000 [08:58<03:46,  3.08it/s, cached=1304, failed=0, skipped=0]
precache:  65%|██████▌   | 1305/2000 [08:59<03:34,  3.25it/s, cached=1304, failed=0, skipped=0]
precache:  65%|██████▌   | 1305/2000 [08:59<03:34,  3.25it/s, cached=1305, failed=0, skipped=0]
precache:  65%|██████▌   | 1306/2000 [08:59<03:33,  3.25it/s, cached=1306, failed=0, skipped=0]
precache:  65%|██████▌   | 1307/2000 [08:59<03:50,  3.01it/s, cached=1306, failed=0, skipped=0]
precache:  65%|██████▌   | 1307/2000 [08:59<03:50,  3.01it/s, cached=1307, failed=0, skipped=0]
precache:  65%|██████▌   | 1308/2000 [09:00<04:06,  2.80it/s, cached=1307, failed=0, skipped=0]
precache:  65%|██████▌   | 1308/2000 [09:00<04:06,  2.80it/s, cached=1308, failed=0, skipped=0]
precache:  65%|██████▌   | 1309/2000 [09:00<03:48,  3.03it/s, cached=1308, failed=0, skipped=0]
precache:  65%|██████▌   | 1309/2000 [09:00<03:48,  3.03it/s, cached=1309, failed=0, skipped=0]
precache:  66%|██████▌   | 1310/2000 [09:01<04:40,  2.46it/s, cached=1309, failed=0, skipped=0]
precache:  66%|██████▌   | 1310/2000 [09:01<04:40,  2.46it/s, cached=1310, failed=0, skipped=0]
precache:  66%|██████▌   | 1311/2000 [09:01<03:42,  3.09it/s, cached=1310, failed=0, skipped=0]
precache:  66%|██████▌   | 1311/2000 [09:01<03:42,  3.09it/s, cached=1311, failed=0, skipped=0]
precache:  66%|██████▌   | 1312/2000 [09:01<03:25,  3.35it/s, cached=1311, failed=0, skipped=0]
precache:  66%|██████▌   | 1312/2000 [09:01<03:25,  3.35it/s, cached=1312, failed=0, skipped=0]
precache:  66%|██████▌   | 1313/2000 [09:01<03:34,  3.21it/s, cached=1312, failed=0, skipped=0]
precache:  66%|██████▌   | 1313/2000 [09:01<03:34,  3.21it/s, cached=1313, failed=0, skipped=0]
precache:  66%|██████▌   | 1314/2000 [09:02<04:00,  2.85it/s, cached=1313, failed=0, skipped=0]
precache:  66%|██████▌   | 1314/2000 [09:02<04:00,  2.85it/s, cached=1314, failed=0, skipped=0]
precache:  66%|██████▌   | 1315/2000 [09:02<03:15,  3.50it/s, cached=1314, failed=0, skipped=0]
precache:  66%|██████▌   | 1315/2000 [09:02<03:15,  3.50it/s, cached=1315, failed=0, skipped=0]
precache:  66%|██████▌   | 1316/2000 [09:03<04:20,  2.62it/s, cached=1315, failed=0, skipped=0]
precache:  66%|██████▌   | 1316/2000 [09:03<04:20,  2.62it/s, cached=1316, failed=0, skipped=0]
precache:  66%|██████▌   | 1317/2000 [09:03<04:42,  2.41it/s, cached=1316, failed=0, skipped=0]
precache:  66%|██████▌   | 1317/2000 [09:03<04:42,  2.41it/s, cached=1317, failed=0, skipped=0]
precache:  66%|██████▌   | 1318/2000 [09:03<04:42,  2.41it/s, cached=1318, failed=0, skipped=0]
precache:  66%|██████▌   | 1319/2000 [09:03<03:08,  3.62it/s, cached=1318, failed=0, skipped=0]
precache:  66%|██████▌   | 1319/2000 [09:03<03:08,  3.62it/s, cached=1319, failed=0, skipped=0]
precache:  66%|██████▌   | 1320/2000 [09:04<04:00,  2.83it/s, cached=1319, failed=0, skipped=0]
precache:  66%|██████▌   | 1320/2000 [09:04<04:00,  2.83it/s, cached=1320, failed=0, skipped=0]
precache:  66%|██████▌   | 1321/2000 [09:04<03:27,  3.27it/s, cached=1320, failed=0, skipped=0]
precache:  66%|██████▌   | 1321/2000 [09:04<03:27,  3.27it/s, cached=1321, failed=0, skipped=0]
precache:  66%|██████▌   | 1322/2000 [09:05<04:57,  2.28it/s, cached=1321, failed=0, skipped=0]
precache:  66%|██████▌   | 1322/2000 [09:05<04:57,  2.28it/s, cached=1322, failed=0, skipped=0]
precache:  66%|██████▌   | 1323/2000 [09:05<04:16,  2.64it/s, cached=1322, failed=0, skipped=0]
precache:  66%|██████▌   | 1323/2000 [09:05<04:16,  2.64it/s, cached=1323, failed=0, skipped=0]
precache:  66%|██████▌   | 1324/2000 [09:05<03:22,  3.34it/s, cached=1323, failed=0, skipped=0]
precache:  66%|██████▌   | 1324/2000 [09:05<03:22,  3.34it/s, cached=1324, failed=0, skipped=0]
precache:  66%|██████▋   | 1325/2000 [09:05<02:59,  3.76it/s, cached=1324, failed=0, skipped=0]
precache:  66%|██████▋   | 1325/2000 [09:05<02:59,  3.76it/s, cached=1325, failed=0, skipped=0]
precache:  66%|██████▋   | 1326/2000 [09:06<03:20,  3.36it/s, cached=1325, failed=0, skipped=0]
precache:  66%|██████▋   | 1326/2000 [09:06<03:20,  3.36it/s, cached=1326, failed=0, skipped=0]
precache:  66%|██████▋   | 1327/2000 [09:06<04:37,  2.42it/s, cached=1326, failed=0, skipped=0]
precache:  66%|██████▋   | 1327/2000 [09:06<04:37,  2.42it/s, cached=1327, failed=0, skipped=0]
precache:  66%|██████▋   | 1328/2000 [09:07<05:43,  1.95it/s, cached=1327, failed=0, skipped=0]
precache:  66%|██████▋   | 1328/2000 [09:07<05:43,  1.95it/s, cached=1328, failed=0, skipped=0]
precache:  66%|██████▋   | 1329/2000 [09:08<05:33,  2.01it/s, cached=1328, failed=0, skipped=0]
precache:  66%|██████▋   | 1329/2000 [09:08<05:33,  2.01it/s, cached=1329, failed=0, skipped=0]
precache:  66%|██████▋   | 1330/2000 [09:08<05:33,  2.01it/s, cached=1330, failed=0, skipped=0]
precache:  67%|██████▋   | 1331/2000 [09:08<04:18,  2.59it/s, cached=1330, failed=0, skipped=0]
precache:  67%|██████▋   | 1331/2000 [09:08<04:18,  2.59it/s, cached=1331, failed=0, skipped=0]
precache:  67%|██████▋   | 1332/2000 [09:09<04:39,  2.39it/s, cached=1331, failed=0, skipped=0]
precache:  67%|██████▋   | 1332/2000 [09:09<04:39,  2.39it/s, cached=1332, failed=0, skipped=0]
precache:  67%|██████▋   | 1333/2000 [09:10<06:53,  1.61it/s, cached=1332, failed=0, skipped=0]
precache:  67%|██████▋   | 1333/2000 [09:10<06:53,  1.61it/s, cached=1333, failed=0, skipped=0]
precache:  67%|██████▋   | 1334/2000 [09:10<06:33,  1.69it/s, cached=1333, failed=0, skipped=0]
precache:  67%|██████▋   | 1334/2000 [09:10<06:33,  1.69it/s, cached=1334, failed=0, skipped=0]
precache:  67%|██████▋   | 1335/2000 [09:10<06:33,  1.69it/s, cached=1335, failed=0, skipped=0]
precache:  67%|██████▋   | 1336/2000 [09:11<04:13,  2.62it/s, cached=1335, failed=0, skipped=0]
precache:  67%|██████▋   | 1336/2000 [09:11<04:13,  2.62it/s, cached=1336, failed=0, skipped=0]
precache:  67%|██████▋   | 1337/2000 [09:11<04:13,  2.62it/s, cached=1337, failed=0, skipped=0]
precache:  67%|██████▋   | 1338/2000 [09:11<02:51,  3.85it/s, cached=1337, failed=0, skipped=0]
precache:  67%|██████▋   | 1338/2000 [09:11<02:51,  3.85it/s, cached=1338, failed=0, skipped=0]
precache:  67%|██████▋   | 1339/2000 [09:11<03:37,  3.05it/s, cached=1338, failed=0, skipped=0]
precache:  67%|██████▋   | 1339/2000 [09:11<03:37,  3.05it/s, cached=1339, failed=0, skipped=0]
precache:  67%|██████▋   | 1340/2000 [09:13<07:15,  1.51it/s, cached=1339, failed=0, skipped=0]
precache:  67%|██████▋   | 1340/2000 [09:13<07:15,  1.51it/s, cached=1340, failed=0, skipped=0]
precache:  67%|██████▋   | 1341/2000 [09:13<05:56,  1.85it/s, cached=1340, failed=0, skipped=0]
precache:  67%|██████▋   | 1341/2000 [09:13<05:56,  1.85it/s, cached=1341, failed=0, skipped=0]
precache:  67%|██████▋   | 1342/2000 [09:13<05:56,  1.85it/s, cached=1342, failed=0, skipped=0]
precache:  67%|██████▋   | 1343/2000 [09:13<05:55,  1.85it/s, cached=1343, failed=0, skipped=0]
precache:  67%|██████▋   | 1344/2000 [09:13<05:55,  1.85it/s, cached=1344, failed=0, skipped=0]
precache:  67%|██████▋   | 1345/2000 [09:14<03:14,  3.37it/s, cached=1344, failed=0, skipped=0]
precache:  67%|██████▋   | 1345/2000 [09:14<03:14,  3.37it/s, cached=1345, failed=0, skipped=0]
precache:  67%|██████▋   | 1346/2000 [09:15<05:53,  1.85it/s, cached=1345, failed=0, skipped=0]
precache:  67%|██████▋   | 1346/2000 [09:15<05:53,  1.85it/s, cached=1346, failed=0, skipped=0]
precache:  67%|██████▋   | 1347/2000 [09:15<05:52,  1.85it/s, cached=1347, failed=0, skipped=0]
precache:  67%|██████▋   | 1348/2000 [09:15<05:52,  1.85it/s, cached=1348, failed=0, skipped=0]
precache:  67%|██████▋   | 1349/2000 [09:16<05:51,  1.85it/s, cached=1349, failed=0, skipped=0]
precache:  68%|██████▊   | 1350/2000 [09:16<03:22,  3.21it/s, cached=1349, failed=0, skipped=0]
precache:  68%|██████▊   | 1350/2000 [09:16<03:22,  3.21it/s, cached=1350, failed=0, skipped=0]
precache:  68%|██████▊   | 1351/2000 [09:16<03:22,  3.21it/s, cached=1351, failed=0, skipped=0]
precache:  68%|██████▊   | 1352/2000 [09:18<05:07,  2.11it/s, cached=1351, failed=0, skipped=0]
precache:  68%|██████▊   | 1352/2000 [09:18<05:07,  2.11it/s, cached=1352, failed=0, skipped=0]
precache:  68%|██████▊   | 1353/2000 [09:18<04:29,  2.40it/s, cached=1352, failed=0, skipped=0]
precache:  68%|██████▊   | 1353/2000 [09:18<04:29,  2.40it/s, cached=1353, failed=0, skipped=0]
precache:  68%|██████▊   | 1354/2000 [09:18<04:28,  2.40it/s, cached=1354, failed=0, skipped=0]
precache:  68%|██████▊   | 1355/2000 [09:18<04:28,  2.40it/s, cached=1355, failed=0, skipped=0]
precache:  68%|██████▊   | 1356/2000 [09:18<02:49,  3.81it/s, cached=1355, failed=0, skipped=0]
precache:  68%|██████▊   | 1356/2000 [09:18<02:49,  3.81it/s, cached=1356, failed=0, skipped=0]
precache:  68%|██████▊   | 1357/2000 [09:18<02:48,  3.81it/s, cached=1357, failed=0, skipped=0]
precache:  68%|██████▊   | 1358/2000 [09:20<04:45,  2.25it/s, cached=1357, failed=0, skipped=0]
precache:  68%|██████▊   | 1358/2000 [09:20<04:45,  2.25it/s, cached=1358, failed=0, skipped=0]
precache:  68%|██████▊   | 1359/2000 [09:20<04:37,  2.31it/s, cached=1358, failed=0, skipped=0]
precache:  68%|██████▊   | 1359/2000 [09:20<04:37,  2.31it/s, cached=1359, failed=0, skipped=0]
precache:  68%|██████▊   | 1360/2000 [09:20<04:36,  2.31it/s, cached=1360, failed=0, skipped=0]
precache:  68%|██████▊   | 1361/2000 [09:20<03:18,  3.22it/s, cached=1360, failed=0, skipped=0]
precache:  68%|██████▊   | 1361/2000 [09:20<03:18,  3.22it/s, cached=1361, failed=0, skipped=0]
precache:  68%|██████▊   | 1362/2000 [09:20<03:18,  3.22it/s, cached=1362, failed=0, skipped=0]
precache:  68%|██████▊   | 1363/2000 [09:20<02:38,  4.02it/s, cached=1362, failed=0, skipped=0]
precache:  68%|██████▊   | 1363/2000 [09:20<02:38,  4.02it/s, cached=1363, failed=0, skipped=0]
precache:  68%|██████▊   | 1364/2000 [09:22<02:38,  4.02it/s, cached=1364, failed=0, skipped=0]
precache:  68%|██████▊   | 1365/2000 [09:22<04:30,  2.35it/s, cached=1364, failed=0, skipped=0]
precache:  68%|██████▊   | 1365/2000 [09:22<04:30,  2.35it/s, cached=1365, failed=0, skipped=0]
precache:  68%|██████▊   | 1366/2000 [09:22<04:29,  2.35it/s, cached=1366, failed=0, skipped=0]
precache:  68%|██████▊   | 1367/2000 [09:22<03:30,  3.01it/s, cached=1366, failed=0, skipped=0]
precache:  68%|██████▊   | 1367/2000 [09:22<03:30,  3.01it/s, cached=1367, failed=0, skipped=0]
precache:  68%|██████▊   | 1368/2000 [09:22<03:03,  3.44it/s, cached=1367, failed=0, skipped=0]
precache:  68%|██████▊   | 1368/2000 [09:22<03:03,  3.44it/s, cached=1368, failed=0, skipped=0]
precache:  68%|██████▊   | 1369/2000 [09:23<02:55,  3.60it/s, cached=1368, failed=0, skipped=0]
precache:  68%|██████▊   | 1369/2000 [09:23<02:55,  3.60it/s, cached=1369, failed=0, skipped=0]
precache:  68%|██████▊   | 1370/2000 [09:24<05:12,  2.01it/s, cached=1369, failed=0, skipped=0]
precache:  68%|██████▊   | 1370/2000 [09:24<05:12,  2.01it/s, cached=1370, failed=0, skipped=0]
precache:  69%|██████▊   | 1371/2000 [09:24<04:45,  2.20it/s, cached=1370, failed=0, skipped=0]
precache:  69%|██████▊   | 1371/2000 [09:24<04:45,  2.20it/s, cached=1371, failed=0, skipped=0]
precache:  69%|██████▊   | 1372/2000 [09:24<04:03,  2.58it/s, cached=1371, failed=0, skipped=0]
precache:  69%|██████▊   | 1372/2000 [09:24<04:03,  2.58it/s, cached=1372, failed=0, skipped=0]
precache:  69%|██████▊   | 1373/2000 [09:24<04:03,  2.58it/s, cached=1373, failed=0, skipped=0]
precache:  69%|██████▊   | 1374/2000 [09:25<02:48,  3.72it/s, cached=1373, failed=0, skipped=0]
precache:  69%|██████▊   | 1374/2000 [09:25<02:48,  3.72it/s, cached=1374, failed=0, skipped=0]
precache:  69%|██████▉   | 1375/2000 [09:25<03:21,  3.09it/s, cached=1374, failed=0, skipped=0]
precache:  69%|██████▉   | 1375/2000 [09:25<03:21,  3.09it/s, cached=1375, failed=0, skipped=0]
precache:  69%|██████▉   | 1376/2000 [09:26<06:08,  1.69it/s, cached=1375, failed=0, skipped=0]
precache:  69%|██████▉   | 1376/2000 [09:26<06:08,  1.69it/s, cached=1376, failed=0, skipped=0]
precache:  69%|██████▉   | 1377/2000 [09:26<06:08,  1.69it/s, cached=1377, failed=0, skipped=0]
precache:  69%|██████▉   | 1378/2000 [09:27<03:50,  2.70it/s, cached=1377, failed=0, skipped=0]
precache:  69%|██████▉   | 1378/2000 [09:27<03:50,  2.70it/s, cached=1378, failed=0, skipped=0]
precache:  69%|██████▉   | 1379/2000 [09:27<03:49,  2.70it/s, cached=1379, failed=0, skipped=0]
precache:  69%|██████▉   | 1380/2000 [09:27<02:53,  3.57it/s, cached=1379, failed=0, skipped=0]
precache:  69%|██████▉   | 1380/2000 [09:27<02:53,  3.57it/s, cached=1380, failed=0, skipped=0]
precache:  69%|██████▉   | 1381/2000 [09:27<02:52,  3.60it/s, cached=1380, failed=0, skipped=0]
precache:  69%|██████▉   | 1381/2000 [09:27<02:52,  3.60it/s, cached=1381, failed=0, skipped=0]
precache:  69%|██████▉   | 1382/2000 [09:28<05:23,  1.91it/s, cached=1381, failed=0, skipped=0]
precache:  69%|██████▉   | 1382/2000 [09:28<05:23,  1.91it/s, cached=1382, failed=0, skipped=0]
precache:  69%|██████▉   | 1383/2000 [09:29<04:40,  2.20it/s, cached=1382, failed=0, skipped=0]
precache:  69%|██████▉   | 1383/2000 [09:29<04:40,  2.20it/s, cached=1383, failed=0, skipped=0]
precache:  69%|██████▉   | 1384/2000 [09:29<04:39,  2.20it/s, cached=1384, failed=0, skipped=0]
precache:  69%|██████▉   | 1385/2000 [09:29<03:13,  3.17it/s, cached=1384, failed=0, skipped=0]
precache:  69%|██████▉   | 1385/2000 [09:29<03:13,  3.17it/s, cached=1385, failed=0, skipped=0]
precache:  69%|██████▉   | 1386/2000 [09:29<03:13,  3.17it/s, cached=1386, failed=0, skipped=0]
precache:  69%|██████▉   | 1387/2000 [09:29<02:47,  3.67it/s, cached=1386, failed=0, skipped=0]
precache:  69%|██████▉   | 1387/2000 [09:29<02:47,  3.67it/s, cached=1387, failed=0, skipped=0]
precache:  69%|██████▉   | 1388/2000 [09:30<04:42,  2.17it/s, cached=1387, failed=0, skipped=0]
precache:  69%|██████▉   | 1388/2000 [09:30<04:42,  2.17it/s, cached=1388, failed=0, skipped=0]
precache:  69%|██████▉   | 1389/2000 [09:31<04:38,  2.20it/s, cached=1388, failed=0, skipped=0]
precache:  69%|██████▉   | 1389/2000 [09:31<04:38,  2.20it/s, cached=1389, failed=0, skipped=0]
precache:  70%|██████▉   | 1390/2000 [09:31<04:37,  2.20it/s, cached=1390, failed=0, skipped=0]
precache:  70%|██████▉   | 1391/2000 [09:31<04:37,  2.20it/s, cached=1391, failed=0, skipped=0]
precache:  70%|██████▉   | 1392/2000 [09:31<04:36,  2.20it/s, cached=1392, failed=0, skipped=0]
precache:  70%|██████▉   | 1393/2000 [09:31<02:27,  4.12it/s, cached=1392, failed=0, skipped=0]
precache:  70%|██████▉   | 1393/2000 [09:31<02:27,  4.12it/s, cached=1393, failed=0, skipped=0]
precache:  70%|██████▉   | 1394/2000 [09:32<04:09,  2.43it/s, cached=1393, failed=0, skipped=0]
precache:  70%|██████▉   | 1394/2000 [09:32<04:09,  2.43it/s, cached=1394, failed=0, skipped=0]
precache:  70%|██████▉   | 1395/2000 [09:33<04:24,  2.29it/s, cached=1394, failed=0, skipped=0]
precache:  70%|██████▉   | 1395/2000 [09:33<04:24,  2.29it/s, cached=1395, failed=0, skipped=0]
precache:  70%|██████▉   | 1396/2000 [09:33<04:24,  2.29it/s, cached=1396, failed=0, skipped=0]
precache:  70%|██████▉   | 1397/2000 [09:33<04:23,  2.29it/s, cached=1397, failed=0, skipped=0]
precache:  70%|██████▉   | 1398/2000 [09:33<02:35,  3.87it/s, cached=1397, failed=0, skipped=0]
precache:  70%|██████▉   | 1398/2000 [09:33<02:35,  3.87it/s, cached=1398, failed=0, skipped=0]
precache:  70%|██████▉   | 1399/2000 [09:33<02:35,  3.87it/s, cached=1399, failed=0, skipped=0]
precache:  70%|███████   | 1400/2000 [09:34<03:04,  3.25it/s, cached=1399, failed=0, skipped=0]
precache:  70%|███████   | 1400/2000 [09:34<03:04,  3.25it/s, cached=1399, failed=0, skipped=1]
precache:  70%|███████   | 1401/2000 [09:34<03:18,  3.01it/s, cached=1399, failed=0, skipped=1]
precache:  70%|███████   | 1401/2000 [09:34<03:18,  3.01it/s, cached=1400, failed=0, skipped=1]
precache:  70%|███████   | 1402/2000 [09:35<03:51,  2.58it/s, cached=1400, failed=0, skipped=1]
precache:  70%|███████   | 1402/2000 [09:35<03:51,  2.58it/s, cached=1401, failed=0, skipped=1]
precache:  70%|███████   | 1403/2000 [09:35<03:51,  2.58it/s, cached=1402, failed=0, skipped=1]
precache:  70%|███████   | 1404/2000 [09:35<03:51,  2.58it/s, cached=1403, failed=0, skipped=1]
precache:  70%|███████   | 1405/2000 [09:35<02:28,  4.00it/s, cached=1403, failed=0, skipped=1]
precache:  70%|███████   | 1405/2000 [09:35<02:28,  4.00it/s, cached=1404, failed=0, skipped=1]
precache:  70%|███████   | 1406/2000 [09:36<02:47,  3.54it/s, cached=1404, failed=0, skipped=1]
precache:  70%|███████   | 1406/2000 [09:36<02:47,  3.54it/s, cached=1405, failed=0, skipped=1]
precache:  70%|███████   | 1407/2000 [09:36<02:40,  3.70it/s, cached=1405, failed=0, skipped=1]
precache:  70%|███████   | 1407/2000 [09:36<02:40,  3.70it/s, cached=1406, failed=0, skipped=1]
precache:  70%|███████   | 1408/2000 [09:37<04:30,  2.19it/s, cached=1406, failed=0, skipped=1]
precache:  70%|███████   | 1408/2000 [09:37<04:30,  2.19it/s, cached=1407, failed=0, skipped=1]
precache:  70%|███████   | 1409/2000 [09:37<04:29,  2.19it/s, cached=1408, failed=0, skipped=1]
precache:  70%|███████   | 1410/2000 [09:37<03:01,  3.25it/s, cached=1408, failed=0, skipped=1]
precache:  70%|███████   | 1410/2000 [09:37<03:01,  3.25it/s, cached=1409, failed=0, skipped=1]
precache:  71%|███████   | 1411/2000 [09:38<02:59,  3.28it/s, cached=1409, failed=0, skipped=1]
precache:  71%|███████   | 1411/2000 [09:38<02:59,  3.28it/s, cached=1410, failed=0, skipped=1]
precache:  71%|███████   | 1412/2000 [09:39<05:01,  1.95it/s, cached=1410, failed=0, skipped=1]
precache:  71%|███████   | 1412/2000 [09:39<05:01,  1.95it/s, cached=1411, failed=0, skipped=1]
precache:  71%|███████   | 1413/2000 [09:39<05:01,  1.95it/s, cached=1412, failed=0, skipped=1]
precache:  71%|███████   | 1414/2000 [09:39<03:28,  2.82it/s, cached=1412, failed=0, skipped=1]
precache:  71%|███████   | 1414/2000 [09:39<03:28,  2.82it/s, cached=1413, failed=0, skipped=1]
precache:  71%|███████   | 1415/2000 [09:39<03:12,  3.05it/s, cached=1413, failed=0, skipped=1]
precache:  71%|███████   | 1415/2000 [09:39<03:12,  3.05it/s, cached=1414, failed=0, skipped=1]
precache:  71%|███████   | 1416/2000 [09:40<03:11,  3.04it/s, cached=1414, failed=0, skipped=1]
precache:  71%|███████   | 1416/2000 [09:40<03:11,  3.04it/s, cached=1415, failed=0, skipped=1]
precache:  71%|███████   | 1417/2000 [09:40<02:47,  3.47it/s, cached=1415, failed=0, skipped=1]
precache:  71%|███████   | 1417/2000 [09:40<02:47,  3.47it/s, cached=1416, failed=0, skipped=1]
precache:  71%|███████   | 1418/2000 [09:41<04:50,  2.00it/s, cached=1416, failed=0, skipped=1]
precache:  71%|███████   | 1418/2000 [09:41<04:50,  2.00it/s, cached=1417, failed=0, skipped=1]
precache:  71%|███████   | 1419/2000 [09:41<03:55,  2.47it/s, cached=1417, failed=0, skipped=1]
precache:  71%|███████   | 1419/2000 [09:41<03:55,  2.47it/s, cached=1418, failed=0, skipped=1]
precache:  71%|███████   | 1420/2000 [09:41<03:25,  2.83it/s, cached=1418, failed=0, skipped=1]
precache:  71%|███████   | 1420/2000 [09:41<03:25,  2.83it/s, cached=1419, failed=0, skipped=1]
precache:  71%|███████   | 1421/2000 [09:41<03:24,  2.83it/s, cached=1420, failed=0, skipped=1]
precache:  71%|███████   | 1422/2000 [09:41<02:12,  4.37it/s, cached=1420, failed=0, skipped=1]
precache:  71%|███████   | 1422/2000 [09:41<02:12,  4.37it/s, cached=1421, failed=0, skipped=1]
precache:  71%|███████   | 1423/2000 [09:41<02:05,  4.60it/s, cached=1421, failed=0, skipped=1]
precache:  71%|███████   | 1423/2000 [09:41<02:05,  4.60it/s, cached=1422, failed=0, skipped=1]
precache:  71%|███████   | 1424/2000 [09:43<04:05,  2.35it/s, cached=1422, failed=0, skipped=1]
precache:  71%|███████   | 1424/2000 [09:43<04:05,  2.35it/s, cached=1423, failed=0, skipped=1]
precache:  71%|███████▏  | 1425/2000 [09:43<04:56,  1.94it/s, cached=1423, failed=0, skipped=1]
precache:  71%|███████▏  | 1425/2000 [09:43<04:56,  1.94it/s, cached=1424, failed=0, skipped=1]
precache:  71%|███████▏  | 1426/2000 [09:43<04:55,  1.94it/s, cached=1425, failed=0, skipped=1]
precache:  71%|███████▏  | 1427/2000 [09:43<04:54,  1.94it/s, cached=1426, failed=0, skipped=1]
precache:  71%|███████▏  | 1428/2000 [09:43<04:54,  1.94it/s, cached=1427, failed=0, skipped=1]
precache:  71%|███████▏  | 1429/2000 [09:44<02:37,  3.62it/s, cached=1427, failed=0, skipped=1]
precache:  71%|███████▏  | 1429/2000 [09:44<02:37,  3.62it/s, cached=1428, failed=0, skipped=1]
precache:  72%|███████▏  | 1430/2000 [09:44<03:13,  2.95it/s, cached=1428, failed=0, skipped=1]
precache:  72%|███████▏  | 1430/2000 [09:44<03:13,  2.95it/s, cached=1429, failed=0, skipped=1]
precache:  72%|███████▏  | 1431/2000 [09:46<05:11,  1.83it/s, cached=1429, failed=0, skipped=1]
precache:  72%|███████▏  | 1431/2000 [09:46<05:11,  1.83it/s, cached=1430, failed=0, skipped=1]
precache:  72%|███████▏  | 1432/2000 [09:46<05:10,  1.83it/s, cached=1431, failed=0, skipped=1]
precache:  72%|███████▏  | 1433/2000 [09:46<03:40,  2.57it/s, cached=1431, failed=0, skipped=1]
precache:  72%|███████▏  | 1433/2000 [09:46<03:40,  2.57it/s, cached=1432, failed=0, skipped=1]
precache:  72%|███████▏  | 1434/2000 [09:46<03:21,  2.81it/s, cached=1432, failed=0, skipped=1]
precache:  72%|███████▏  | 1434/2000 [09:46<03:21,  2.81it/s, cached=1433, failed=0, skipped=1]
precache:  72%|███████▏  | 1435/2000 [09:46<03:07,  3.01it/s, cached=1433, failed=0, skipped=1]
precache:  72%|███████▏  | 1435/2000 [09:46<03:07,  3.01it/s, cached=1434, failed=0, skipped=1]
precache:  72%|███████▏  | 1436/2000 [09:47<02:58,  3.16it/s, cached=1434, failed=0, skipped=1]
precache:  72%|███████▏  | 1436/2000 [09:47<02:58,  3.16it/s, cached=1435, failed=0, skipped=1]
precache:  72%|███████▏  | 1437/2000 [09:48<05:41,  1.65it/s, cached=1435, failed=0, skipped=1]
precache:  72%|███████▏  | 1437/2000 [09:48<05:41,  1.65it/s, cached=1436, failed=0, skipped=1]
precache:  72%|███████▏  | 1438/2000 [09:48<04:30,  2.08it/s, cached=1436, failed=0, skipped=1]
precache:  72%|███████▏  | 1438/2000 [09:48<04:30,  2.08it/s, cached=1437, failed=0, skipped=1]
precache:  72%|███████▏  | 1439/2000 [09:49<04:10,  2.24it/s, cached=1437, failed=0, skipped=1]
precache:  72%|███████▏  | 1439/2000 [09:49<04:10,  2.24it/s, cached=1438, failed=0, skipped=1]
precache:  72%|███████▏  | 1440/2000 [09:49<04:09,  2.24it/s, cached=1439, failed=0, skipped=1]
precache:  72%|███████▏  | 1441/2000 [09:49<02:41,  3.46it/s, cached=1439, failed=0, skipped=1]
precache:  72%|███████▏  | 1441/2000 [09:49<02:41,  3.46it/s, cached=1440, failed=0, skipped=1]
precache:  72%|███████▏  | 1442/2000 [09:49<03:18,  2.81it/s, cached=1440, failed=0, skipped=1]
precache:  72%|███████▏  | 1442/2000 [09:49<03:18,  2.81it/s, cached=1441, failed=0, skipped=1]
precache:  72%|███████▏  | 1443/2000 [09:50<04:25,  2.10it/s, cached=1441, failed=0, skipped=1]
precache:  72%|███████▏  | 1443/2000 [09:50<04:25,  2.10it/s, cached=1442, failed=0, skipped=1]
precache:  72%|███████▏  | 1444/2000 [09:51<03:59,  2.33it/s, cached=1442, failed=0, skipped=1]
precache:  72%|███████▏  | 1444/2000 [09:51<03:59,  2.33it/s, cached=1443, failed=0, skipped=1]
precache:  72%|███████▏  | 1445/2000 [09:51<03:58,  2.33it/s, cached=1444, failed=0, skipped=1]
precache:  72%|███████▏  | 1446/2000 [09:51<02:34,  3.59it/s, cached=1444, failed=0, skipped=1]
precache:  72%|███████▏  | 1446/2000 [09:51<02:34,  3.59it/s, cached=1445, failed=0, skipped=1]
precache:  72%|███████▏  | 1447/2000 [09:51<02:18,  3.98it/s, cached=1445, failed=0, skipped=1]
precache:  72%|███████▏  | 1447/2000 [09:51<02:18,  3.98it/s, cached=1446, failed=0, skipped=1]
precache:  72%|███████▏  | 1448/2000 [09:52<03:59,  2.30it/s, cached=1446, failed=0, skipped=1]
precache:  72%|███████▏  | 1448/2000 [09:52<03:59,  2.30it/s, cached=1447, failed=0, skipped=1]
precache:  72%|███████▏  | 1449/2000 [09:52<03:59,  2.30it/s, cached=1447, failed=0, skipped=1]
precache:  72%|███████▏  | 1449/2000 [09:52<03:59,  2.30it/s, cached=1448, failed=0, skipped=1]
precache:  72%|███████▎  | 1450/2000 [09:53<03:57,  2.32it/s, cached=1448, failed=0, skipped=1]
precache:  72%|███████▎  | 1450/2000 [09:53<03:57,  2.32it/s, cached=1449, failed=0, skipped=1]
precache:  73%|███████▎  | 1451/2000 [09:53<03:56,  2.32it/s, cached=1450, failed=0, skipped=1]
precache:  73%|███████▎  | 1452/2000 [09:53<02:28,  3.69it/s, cached=1450, failed=0, skipped=1]
precache:  73%|███████▎  | 1452/2000 [09:53<02:28,  3.69it/s, cached=1451, failed=0, skipped=1]
precache:  73%|███████▎  | 1453/2000 [09:53<02:28,  3.69it/s, cached=1452, failed=0, skipped=1]
precache:  73%|███████▎  | 1454/2000 [09:54<02:56,  3.09it/s, cached=1452, failed=0, skipped=1]
precache:  73%|███████▎  | 1454/2000 [09:54<02:56,  3.09it/s, cached=1453, failed=0, skipped=1]
precache:  73%|███████▎  | 1455/2000 [09:54<03:22,  2.69it/s, cached=1453, failed=0, skipped=1]
precache:  73%|███████▎  | 1455/2000 [09:54<03:22,  2.69it/s, cached=1454, failed=0, skipped=1]
precache:  73%|███████▎  | 1456/2000 [09:55<03:45,  2.42it/s, cached=1454, failed=0, skipped=1]
precache:  73%|███████▎  | 1456/2000 [09:55<03:45,  2.42it/s, cached=1455, failed=0, skipped=1]
precache:  73%|███████▎  | 1457/2000 [09:55<03:24,  2.66it/s, cached=1455, failed=0, skipped=1]
precache:  73%|███████▎  | 1457/2000 [09:55<03:24,  2.66it/s, cached=1456, failed=0, skipped=1]
precache:  73%|███████▎  | 1458/2000 [09:55<03:24,  2.66it/s, cached=1457, failed=0, skipped=1]
precache:  73%|███████▎  | 1459/2000 [09:55<02:18,  3.90it/s, cached=1457, failed=0, skipped=1]
precache:  73%|███████▎  | 1459/2000 [09:55<02:18,  3.90it/s, cached=1458, failed=0, skipped=1]
precache:  73%|███████▎  | 1460/2000 [09:56<03:21,  2.68it/s, cached=1458, failed=0, skipped=1]
precache:  73%|███████▎  | 1460/2000 [09:56<03:21,  2.68it/s, cached=1459, failed=0, skipped=1]
precache:  73%|███████▎  | 1461/2000 [09:56<03:30,  2.57it/s, cached=1459, failed=0, skipped=1]
precache:  73%|███████▎  | 1461/2000 [09:56<03:30,  2.57it/s, cached=1460, failed=0, skipped=1]
precache:  73%|███████▎  | 1462/2000 [09:57<03:46,  2.38it/s, cached=1460, failed=0, skipped=1]
precache:  73%|███████▎  | 1462/2000 [09:57<03:46,  2.38it/s, cached=1461, failed=0, skipped=1]
precache:  73%|███████▎  | 1463/2000 [09:57<03:33,  2.52it/s, cached=1461, failed=0, skipped=1]
precache:  73%|███████▎  | 1463/2000 [09:57<03:33,  2.52it/s, cached=1462, failed=0, skipped=1]
precache:  73%|███████▎  | 1464/2000 [09:57<03:33,  2.52it/s, cached=1463, failed=0, skipped=1]
precache:  73%|███████▎  | 1465/2000 [09:57<03:32,  2.52it/s, cached=1464, failed=0, skipped=1]
precache:  73%|███████▎  | 1466/2000 [09:59<03:45,  2.37it/s, cached=1464, failed=0, skipped=1]
precache:  73%|███████▎  | 1466/2000 [09:59<03:45,  2.37it/s, cached=1465, failed=0, skipped=1]
precache:  73%|███████▎  | 1467/2000 [09:59<03:44,  2.37it/s, cached=1466, failed=0, skipped=1]
precache:  73%|███████▎  | 1468/2000 [09:59<03:00,  2.95it/s, cached=1466, failed=0, skipped=1]
precache:  73%|███████▎  | 1468/2000 [09:59<03:00,  2.95it/s, cached=1467, failed=0, skipped=1]
precache:  73%|███████▎  | 1469/2000 [09:59<02:37,  3.37it/s, cached=1467, failed=0, skipped=1]
precache:  73%|███████▎  | 1469/2000 [09:59<02:37,  3.37it/s, cached=1468, failed=0, skipped=1]
precache:  74%|███████▎  | 1470/2000 [09:59<02:37,  3.37it/s, cached=1469, failed=0, skipped=1]
precache:  74%|███████▎  | 1471/2000 [09:59<02:37,  3.37it/s, cached=1470, failed=0, skipped=1]
precache:  74%|███████▎  | 1472/2000 [10:01<03:47,  2.32it/s, cached=1470, failed=0, skipped=1]
precache:  74%|███████▎  | 1472/2000 [10:01<03:47,  2.32it/s, cached=1471, failed=0, skipped=1]
precache:  74%|███████▎  | 1473/2000 [10:01<03:47,  2.32it/s, cached=1472, failed=0, skipped=1]
precache:  74%|███████▎  | 1474/2000 [10:01<03:47,  2.32it/s, cached=1473, failed=0, skipped=1]
precache:  74%|███████▍  | 1475/2000 [10:01<02:29,  3.52it/s, cached=1473, failed=0, skipped=1]
precache:  74%|███████▍  | 1475/2000 [10:01<02:29,  3.52it/s, cached=1474, failed=0, skipped=1]
precache:  74%|███████▍  | 1476/2000 [10:01<02:15,  3.88it/s, cached=1474, failed=0, skipped=1]
precache:  74%|███████▍  | 1476/2000 [10:01<02:15,  3.88it/s, cached=1475, failed=0, skipped=1]
precache:  74%|███████▍  | 1477/2000 [10:01<02:12,  3.95it/s, cached=1475, failed=0, skipped=1]
precache:  74%|███████▍  | 1477/2000 [10:01<02:12,  3.95it/s, cached=1476, failed=0, skipped=1]
precache:  74%|███████▍  | 1478/2000 [10:03<04:50,  1.80it/s, cached=1476, failed=0, skipped=1]
precache:  74%|███████▍  | 1478/2000 [10:03<04:50,  1.80it/s, cached=1477, failed=0, skipped=1]
precache:  74%|███████▍  | 1479/2000 [10:03<04:49,  1.80it/s, cached=1478, failed=0, skipped=1]
precache:  74%|███████▍  | 1480/2000 [10:03<04:49,  1.80it/s, cached=1479, failed=0, skipped=1]
precache:  74%|███████▍  | 1481/2000 [10:03<03:04,  2.82it/s, cached=1479, failed=0, skipped=1]
precache:  74%|███████▍  | 1481/2000 [10:03<03:04,  2.82it/s, cached=1480, failed=0, skipped=1]
precache:  74%|███████▍  | 1482/2000 [10:04<03:03,  2.82it/s, cached=1481, failed=0, skipped=1]
precache:  74%|███████▍  | 1483/2000 [10:04<02:21,  3.66it/s, cached=1481, failed=0, skipped=1]
precache:  74%|███████▍  | 1483/2000 [10:04<02:21,  3.66it/s, cached=1482, failed=0, skipped=1]
precache:  74%|███████▍  | 1484/2000 [10:05<04:28,  1.92it/s, cached=1482, failed=0, skipped=1]
precache:  74%|███████▍  | 1484/2000 [10:05<04:28,  1.92it/s, cached=1483, failed=0, skipped=1]
precache:  74%|███████▍  | 1485/2000 [10:05<04:28,  1.92it/s, cached=1484, failed=0, skipped=1]
precache:  74%|███████▍  | 1486/2000 [10:05<04:27,  1.92it/s, cached=1485, failed=0, skipped=1]
precache:  74%|███████▍  | 1487/2000 [10:06<02:54,  2.94it/s, cached=1485, failed=0, skipped=1]
precache:  74%|███████▍  | 1487/2000 [10:06<02:54,  2.94it/s, cached=1486, failed=0, skipped=1]
precache:  74%|███████▍  | 1488/2000 [10:06<02:54,  2.94it/s, cached=1487, failed=0, skipped=1]
precache:  74%|███████▍  | 1489/2000 [10:06<02:31,  3.38it/s, cached=1487, failed=0, skipped=1]
precache:  74%|███████▍  | 1489/2000 [10:06<02:31,  3.38it/s, cached=1488, failed=0, skipped=1]
precache:  74%|███████▍  | 1490/2000 [10:08<04:26,  1.91it/s, cached=1488, failed=0, skipped=1]
precache:  74%|███████▍  | 1490/2000 [10:08<04:26,  1.91it/s, cached=1489, failed=0, skipped=1]
precache:  75%|███████▍  | 1491/2000 [10:08<04:04,  2.08it/s, cached=1489, failed=0, skipped=1]
precache:  75%|███████▍  | 1491/2000 [10:08<04:04,  2.08it/s, cached=1490, failed=0, skipped=1]
precache:  75%|███████▍  | 1492/2000 [10:08<04:03,  2.08it/s, cached=1491, failed=0, skipped=1]
precache:  75%|███████▍  | 1493/2000 [10:08<02:46,  3.05it/s, cached=1491, failed=0, skipped=1]
precache:  75%|███████▍  | 1493/2000 [10:08<02:46,  3.05it/s, cached=1492, failed=0, skipped=1]
precache:  75%|███████▍  | 1494/2000 [10:08<02:25,  3.48it/s, cached=1492, failed=0, skipped=1]
precache:  75%|███████▍  | 1494/2000 [10:08<02:25,  3.48it/s, cached=1493, failed=0, skipped=1]
precache:  75%|███████▍  | 1495/2000 [10:09<02:56,  2.86it/s, cached=1493, failed=0, skipped=1]
precache:  75%|███████▍  | 1495/2000 [10:09<02:56,  2.86it/s, cached=1494, failed=0, skipped=1]
precache:  75%|███████▍  | 1496/2000 [10:10<04:04,  2.06it/s, cached=1494, failed=0, skipped=1]
precache:  75%|███████▍  | 1496/2000 [10:10<04:04,  2.06it/s, cached=1495, failed=0, skipped=1]
precache:  75%|███████▍  | 1497/2000 [10:10<03:43,  2.25it/s, cached=1495, failed=0, skipped=1]
precache:  75%|███████▍  | 1497/2000 [10:10<03:43,  2.25it/s, cached=1496, failed=0, skipped=1]
precache:  75%|███████▍  | 1498/2000 [10:10<03:27,  2.42it/s, cached=1496, failed=0, skipped=1]
precache:  75%|███████▍  | 1498/2000 [10:10<03:27,  2.42it/s, cached=1497, failed=0, skipped=1]
precache:  75%|███████▍  | 1499/2000 [10:10<03:27,  2.42it/s, cached=1498, failed=0, skipped=1]
precache:  75%|███████▌  | 1500/2000 [10:10<03:26,  2.42it/s, cached=1499, failed=0, skipped=1]
precache:  75%|███████▌  | 1501/2000 [10:11<02:32,  3.28it/s, cached=1499, failed=0, skipped=1]
precache:  75%|███████▌  | 1501/2000 [10:11<02:32,  3.28it/s, cached=1500, failed=0, skipped=1]
precache:  75%|███████▌  | 1502/2000 [10:11<02:47,  2.98it/s, cached=1500, failed=0, skipped=1]
precache:  75%|███████▌  | 1502/2000 [10:11<02:47,  2.98it/s, cached=1501, failed=0, skipped=1]
precache:  75%|███████▌  | 1503/2000 [10:12<03:54,  2.12it/s, cached=1501, failed=0, skipped=1]
precache:  75%|███████▌  | 1503/2000 [10:12<03:54,  2.12it/s, cached=1502, failed=0, skipped=1]
precache:  75%|███████▌  | 1504/2000 [10:12<03:54,  2.12it/s, cached=1503, failed=0, skipped=1]
precache:  75%|███████▌  | 1505/2000 [10:12<02:36,  3.16it/s, cached=1503, failed=0, skipped=1]
precache:  75%|███████▌  | 1505/2000 [10:12<02:36,  3.16it/s, cached=1504, failed=0, skipped=1]
precache:  75%|███████▌  | 1506/2000 [10:12<02:36,  3.16it/s, cached=1505, failed=0, skipped=1]
precache:  75%|███████▌  | 1507/2000 [10:13<02:47,  2.94it/s, cached=1505, failed=0, skipped=1]
precache:  75%|███████▌  | 1507/2000 [10:13<02:47,  2.94it/s, cached=1506, failed=0, skipped=1]
precache:  75%|███████▌  | 1508/2000 [10:14<03:03,  2.68it/s, cached=1506, failed=0, skipped=1]
precache:  75%|███████▌  | 1508/2000 [10:14<03:03,  2.68it/s, cached=1507, failed=0, skipped=1]
precache:  75%|███████▌  | 1509/2000 [10:14<03:16,  2.50it/s, cached=1507, failed=0, skipped=1]
precache:  75%|███████▌  | 1509/2000 [10:14<03:16,  2.50it/s, cached=1508, failed=0, skipped=1]
precache:  76%|███████▌  | 1510/2000 [10:15<03:07,  2.61it/s, cached=1508, failed=0, skipped=1]
precache:  76%|███████▌  | 1510/2000 [10:15<03:07,  2.61it/s, cached=1509, failed=0, skipped=1]
precache:  76%|███████▌  | 1511/2000 [10:15<03:07,  2.61it/s, cached=1510, failed=0, skipped=1]
precache:  76%|███████▌  | 1512/2000 [10:15<02:08,  3.81it/s, cached=1510, failed=0, skipped=1]
precache:  76%|███████▌  | 1512/2000 [10:15<02:08,  3.81it/s, cached=1511, failed=0, skipped=1]
precache:  76%|███████▌  | 1513/2000 [10:15<02:48,  2.89it/s, cached=1511, failed=0, skipped=1]
precache:  76%|███████▌  | 1513/2000 [10:15<02:48,  2.89it/s, cached=1512, failed=0, skipped=1]
precache:  76%|███████▌  | 1514/2000 [10:16<02:40,  3.03it/s, cached=1512, failed=0, skipped=1]
precache:  76%|███████▌  | 1514/2000 [10:16<02:40,  3.03it/s, cached=1513, failed=0, skipped=1]
precache:  76%|███████▌  | 1515/2000 [10:16<03:08,  2.57it/s, cached=1513, failed=0, skipped=1]
precache:  76%|███████▌  | 1515/2000 [10:16<03:08,  2.57it/s, cached=1514, failed=0, skipped=1]
precache:  76%|███████▌  | 1516/2000 [10:16<03:08,  2.57it/s, cached=1515, failed=0, skipped=1]
precache:  76%|███████▌  | 1517/2000 [10:16<02:09,  3.74it/s, cached=1515, failed=0, skipped=1]
precache:  76%|███████▌  | 1517/2000 [10:16<02:09,  3.74it/s, cached=1516, failed=0, skipped=1]
precache:  76%|███████▌  | 1518/2000 [10:16<02:08,  3.74it/s, cached=1517, failed=0, skipped=1]
precache:  76%|███████▌  | 1519/2000 [10:18<03:52,  2.07it/s, cached=1517, failed=0, skipped=1]
precache:  76%|███████▌  | 1519/2000 [10:18<03:52,  2.07it/s, cached=1518, failed=0, skipped=1]
precache:  76%|███████▌  | 1520/2000 [10:18<03:17,  2.44it/s, cached=1518, failed=0, skipped=1]
precache:  76%|███████▌  | 1520/2000 [10:18<03:17,  2.44it/s, cached=1519, failed=0, skipped=1]
precache:  76%|███████▌  | 1521/2000 [10:19<03:15,  2.44it/s, cached=1519, failed=0, skipped=1]
precache:  76%|███████▌  | 1521/2000 [10:19<03:15,  2.44it/s, cached=1520, failed=0, skipped=1]
precache:  76%|███████▌  | 1522/2000 [10:19<03:05,  2.57it/s, cached=1520, failed=0, skipped=1]
precache:  76%|███████▌  | 1522/2000 [10:19<03:05,  2.57it/s, cached=1521, failed=0, skipped=1]
precache:  76%|███████▌  | 1523/2000 [10:19<02:29,  3.19it/s, cached=1521, failed=0, skipped=1]
precache:  76%|███████▌  | 1523/2000 [10:19<02:29,  3.19it/s, cached=1522, failed=0, skipped=1]
precache:  76%|███████▌  | 1524/2000 [10:19<02:41,  2.95it/s, cached=1522, failed=0, skipped=1]
precache:  76%|███████▌  | 1524/2000 [10:19<02:41,  2.95it/s, cached=1523, failed=0, skipped=1]
precache:  76%|███████▋  | 1525/2000 [10:20<03:32,  2.24it/s, cached=1523, failed=0, skipped=1]
precache:  76%|███████▋  | 1525/2000 [10:20<03:32,  2.24it/s, cached=1524, failed=0, skipped=1]
precache:  76%|███████▋  | 1526/2000 [10:21<03:43,  2.12it/s, cached=1524, failed=0, skipped=1]
precache:  76%|███████▋  | 1526/2000 [10:21<03:43,  2.12it/s, cached=1525, failed=0, skipped=1]
precache:  76%|███████▋  | 1527/2000 [10:21<03:43,  2.12it/s, cached=1526, failed=0, skipped=1]
precache:  76%|███████▋  | 1528/2000 [10:21<02:16,  3.46it/s, cached=1526, failed=0, skipped=1]
precache:  76%|███████▋  | 1528/2000 [10:21<02:16,  3.46it/s, cached=1527, failed=0, skipped=1]
precache:  76%|███████▋  | 1529/2000 [10:21<02:15,  3.48it/s, cached=1527, failed=0, skipped=1]
precache:  76%|███████▋  | 1529/2000 [10:21<02:15,  3.48it/s, cached=1528, failed=0, skipped=1]
precache:  76%|███████▋  | 1530/2000 [10:21<02:12,  3.56it/s, cached=1528, failed=0, skipped=1]
precache:  76%|███████▋  | 1530/2000 [10:21<02:12,  3.56it/s, cached=1529, failed=0, skipped=1]
precache:  77%|███████▋  | 1531/2000 [10:22<02:43,  2.86it/s, cached=1529, failed=0, skipped=1]
precache:  77%|███████▋  | 1531/2000 [10:22<02:43,  2.86it/s, cached=1530, failed=0, skipped=1]
precache:  77%|███████▋  | 1532/2000 [10:23<03:45,  2.07it/s, cached=1530, failed=0, skipped=1]
precache:  77%|███████▋  | 1532/2000 [10:23<03:45,  2.07it/s, cached=1531, failed=0, skipped=1]
precache:  77%|███████▋  | 1533/2000 [10:23<03:09,  2.46it/s, cached=1531, failed=0, skipped=1]
precache:  77%|███████▋  | 1533/2000 [10:23<03:09,  2.46it/s, cached=1532, failed=0, skipped=1]
precache:  77%|███████▋  | 1534/2000 [10:23<03:09,  2.46it/s, cached=1533, failed=0, skipped=1]
precache:  77%|███████▋  | 1535/2000 [10:23<03:08,  2.46it/s, cached=1534, failed=0, skipped=1]
precache:  77%|███████▋  | 1536/2000 [10:23<03:08,  2.46it/s, cached=1535, failed=0, skipped=1]
precache:  77%|███████▋  | 1537/2000 [10:24<02:25,  3.19it/s, cached=1535, failed=0, skipped=1]
precache:  77%|███████▋  | 1537/2000 [10:24<02:25,  3.19it/s, cached=1536, failed=0, skipped=1]
precache:  77%|███████▋  | 1538/2000 [10:25<03:19,  2.31it/s, cached=1536, failed=0, skipped=1]
precache:  77%|███████▋  | 1538/2000 [10:25<03:19,  2.31it/s, cached=1537, failed=0, skipped=1]
precache:  77%|███████▋  | 1539/2000 [10:25<03:19,  2.31it/s, cached=1538, failed=0, skipped=1]
precache:  77%|███████▋  | 1540/2000 [10:25<03:19,  2.31it/s, cached=1539, failed=0, skipped=1]
precache:  77%|███████▋  | 1541/2000 [10:25<02:20,  3.27it/s, cached=1539, failed=0, skipped=1]
precache:  77%|███████▋  | 1541/2000 [10:25<02:20,  3.27it/s, cached=1540, failed=0, skipped=1]
precache:  77%|███████▋  | 1542/2000 [10:26<02:19,  3.28it/s, cached=1540, failed=0, skipped=1]
precache:  77%|███████▋  | 1542/2000 [10:26<02:19,  3.28it/s, cached=1541, failed=0, skipped=1]
precache:  77%|███████▋  | 1543/2000 [10:26<02:27,  3.10it/s, cached=1541, failed=0, skipped=1]
precache:  77%|███████▋  | 1543/2000 [10:26<02:27,  3.10it/s, cached=1542, failed=0, skipped=1]
precache:  77%|███████▋  | 1544/2000 [10:27<03:11,  2.39it/s, cached=1542, failed=0, skipped=1]
precache:  77%|███████▋  | 1544/2000 [10:27<03:11,  2.39it/s, cached=1543, failed=0, skipped=1]
precache:  77%|███████▋  | 1545/2000 [10:27<02:36,  2.91it/s, cached=1543, failed=0, skipped=1]
precache:  77%|███████▋  | 1545/2000 [10:27<02:36,  2.91it/s, cached=1544, failed=0, skipped=1]
precache:  77%|███████▋  | 1546/2000 [10:27<02:36,  2.91it/s, cached=1545, failed=0, skipped=1]
precache:  77%|███████▋  | 1547/2000 [10:27<01:56,  3.88it/s, cached=1545, failed=0, skipped=1]
precache:  77%|███████▋  | 1547/2000 [10:27<01:56,  3.88it/s, cached=1546, failed=0, skipped=1]
precache:  77%|███████▋  | 1548/2000 [10:28<03:04,  2.44it/s, cached=1546, failed=0, skipped=1]
precache:  77%|███████▋  | 1548/2000 [10:28<03:04,  2.44it/s, cached=1547, failed=0, skipped=1]
precache:  77%|███████▋  | 1549/2000 [10:28<03:04,  2.44it/s, cached=1548, failed=0, skipped=1]
precache:  78%|███████▊  | 1550/2000 [10:29<02:50,  2.63it/s, cached=1548, failed=0, skipped=1]
precache:  78%|███████▊  | 1550/2000 [10:29<02:50,  2.63it/s, cached=1549, failed=0, skipped=1]
precache:  78%|███████▊  | 1551/2000 [10:29<02:50,  2.64it/s, cached=1549, failed=0, skipped=1]
precache:  78%|███████▊  | 1551/2000 [10:29<02:50,  2.64it/s, cached=1550, failed=0, skipped=1]
precache:  78%|███████▊  | 1552/2000 [10:29<02:50,  2.64it/s, cached=1551, failed=0, skipped=1]
precache:  78%|███████▊  | 1553/2000 [10:29<02:10,  3.43it/s, cached=1551, failed=0, skipped=1]
precache:  78%|███████▊  | 1553/2000 [10:29<02:10,  3.43it/s, cached=1552, failed=0, skipped=1]
precache:  78%|███████▊  | 1554/2000 [10:30<02:40,  2.77it/s, cached=1552, failed=0, skipped=1]
precache:  78%|███████▊  | 1554/2000 [10:30<02:40,  2.77it/s, cached=1553, failed=0, skipped=1]
precache:  78%|███████▊  | 1555/2000 [10:30<02:25,  3.07it/s, cached=1553, failed=0, skipped=1]
precache:  78%|███████▊  | 1555/2000 [10:30<02:25,  3.07it/s, cached=1554, failed=0, skipped=1]
precache:  78%|███████▊  | 1556/2000 [10:31<02:38,  2.81it/s, cached=1554, failed=0, skipped=1]
precache:  78%|███████▊  | 1556/2000 [10:31<02:38,  2.81it/s, cached=1555, failed=0, skipped=1]
precache:  78%|███████▊  | 1557/2000 [10:31<02:35,  2.85it/s, cached=1555, failed=0, skipped=1]
precache:  78%|███████▊  | 1557/2000 [10:31<02:35,  2.85it/s, cached=1556, failed=0, skipped=1]
precache:  78%|███████▊  | 1558/2000 [10:32<02:50,  2.59it/s, cached=1556, failed=0, skipped=1]
precache:  78%|███████▊  | 1558/2000 [10:32<02:50,  2.59it/s, cached=1557, failed=0, skipped=1]
precache:  78%|███████▊  | 1559/2000 [10:32<02:27,  2.98it/s, cached=1557, failed=0, skipped=1]
precache:  78%|███████▊  | 1559/2000 [10:32<02:27,  2.98it/s, cached=1558, failed=0, skipped=1]
precache:  78%|███████▊  | 1560/2000 [10:32<02:24,  3.05it/s, cached=1558, failed=0, skipped=1]
precache:  78%|███████▊  | 1560/2000 [10:32<02:24,  3.05it/s, cached=1559, failed=0, skipped=1]
precache:  78%|███████▊  | 1561/2000 [10:33<03:19,  2.20it/s, cached=1559, failed=0, skipped=1]
precache:  78%|███████▊  | 1561/2000 [10:33<03:19,  2.20it/s, cached=1560, failed=0, skipped=1]
precache:  78%|███████▊  | 1562/2000 [10:33<03:03,  2.39it/s, cached=1560, failed=0, skipped=1]
precache:  78%|███████▊  | 1562/2000 [10:33<03:03,  2.39it/s, cached=1561, failed=0, skipped=1]
precache:  78%|███████▊  | 1563/2000 [10:34<03:12,  2.27it/s, cached=1561, failed=0, skipped=1]
precache:  78%|███████▊  | 1563/2000 [10:34<03:12,  2.27it/s, cached=1562, failed=0, skipped=1]
precache:  78%|███████▊  | 1564/2000 [10:34<03:55,  1.85it/s, cached=1562, failed=0, skipped=1]
precache:  78%|███████▊  | 1564/2000 [10:34<03:55,  1.85it/s, cached=1563, failed=0, skipped=1]
precache:  78%|███████▊  | 1565/2000 [10:35<03:45,  1.93it/s, cached=1563, failed=0, skipped=1]
precache:  78%|███████▊  | 1565/2000 [10:35<03:45,  1.93it/s, cached=1564, failed=0, skipped=1]
precache:  78%|███████▊  | 1566/2000 [10:35<03:11,  2.26it/s, cached=1564, failed=0, skipped=1]
precache:  78%|███████▊  | 1566/2000 [10:35<03:11,  2.26it/s, cached=1565, failed=0, skipped=1]
precache:  78%|███████▊  | 1567/2000 [10:36<03:14,  2.22it/s, cached=1565, failed=0, skipped=1]
precache:  78%|███████▊  | 1567/2000 [10:36<03:14,  2.22it/s, cached=1566, failed=0, skipped=1]
precache:  78%|███████▊  | 1568/2000 [10:36<02:48,  2.56it/s, cached=1566, failed=0, skipped=1]
precache:  78%|███████▊  | 1568/2000 [10:36<02:48,  2.56it/s, cached=1567, failed=0, skipped=1]
precache:  78%|███████▊  | 1569/2000 [10:36<02:56,  2.44it/s, cached=1567, failed=0, skipped=1]
precache:  78%|███████▊  | 1569/2000 [10:36<02:56,  2.44it/s, cached=1568, failed=0, skipped=1]
precache:  78%|███████▊  | 1570/2000 [10:37<03:54,  1.83it/s, cached=1568, failed=0, skipped=1]
precache:  78%|███████▊  | 1570/2000 [10:37<03:54,  1.83it/s, cached=1569, failed=0, skipped=1]
precache:  79%|███████▊  | 1571/2000 [10:39<06:05,  1.18it/s, cached=1569, failed=0, skipped=1]
precache:  79%|███████▊  | 1571/2000 [10:39<06:05,  1.18it/s, cached=1570, failed=0, skipped=1]
precache:  79%|███████▊  | 1572/2000 [10:39<06:04,  1.18it/s, cached=1571, failed=0, skipped=1]
precache:  79%|███████▊  | 1573/2000 [10:39<06:03,  1.18it/s, cached=1572, failed=0, skipped=1]
precache:  79%|███████▊  | 1574/2000 [10:39<06:02,  1.18it/s, cached=1573, failed=0, skipped=1]
precache:  79%|███████▉  | 1575/2000 [10:39<06:01,  1.18it/s, cached=1574, failed=0, skipped=1]
precache:  79%|███████▉  | 1576/2000 [10:39<02:04,  3.40it/s, cached=1574, failed=0, skipped=1]
precache:  79%|███████▉  | 1576/2000 [10:39<02:04,  3.40it/s, cached=1575, failed=0, skipped=1]
precache:  79%|███████▉  | 1577/2000 [10:41<04:06,  1.72it/s, cached=1575, failed=0, skipped=1]
precache:  79%|███████▉  | 1577/2000 [10:41<04:06,  1.72it/s, cached=1576, failed=0, skipped=1]
precache:  79%|███████▉  | 1578/2000 [10:41<04:05,  1.72it/s, cached=1577, failed=0, skipped=1]
precache:  79%|███████▉  | 1579/2000 [10:41<02:54,  2.41it/s, cached=1577, failed=0, skipped=1]
precache:  79%|███████▉  | 1579/2000 [10:41<02:54,  2.41it/s, cached=1578, failed=0, skipped=1]
precache:  79%|███████▉  | 1580/2000 [10:41<02:54,  2.41it/s, cached=1579, failed=0, skipped=1]
precache:  79%|███████▉  | 1581/2000 [10:41<02:07,  3.28it/s, cached=1579, failed=0, skipped=1]
precache:  79%|███████▉  | 1581/2000 [10:41<02:07,  3.28it/s, cached=1580, failed=0, skipped=1]
precache:  79%|███████▉  | 1582/2000 [10:41<02:07,  3.28it/s, cached=1581, failed=0, skipped=1]
precache:  79%|███████▉  | 1583/2000 [10:43<03:11,  2.17it/s, cached=1581, failed=0, skipped=1]
precache:  79%|███████▉  | 1583/2000 [10:43<03:11,  2.17it/s, cached=1582, failed=0, skipped=1]
precache:  79%|███████▉  | 1584/2000 [10:43<03:11,  2.17it/s, cached=1583, failed=0, skipped=1]
precache:  79%|███████▉  | 1585/2000 [10:43<02:27,  2.81it/s, cached=1583, failed=0, skipped=1]
precache:  79%|███████▉  | 1585/2000 [10:43<02:27,  2.81it/s, cached=1584, failed=0, skipped=1]
precache:  79%|███████▉  | 1586/2000 [10:43<02:09,  3.21it/s, cached=1584, failed=0, skipped=1]
precache:  79%|███████▉  | 1586/2000 [10:43<02:09,  3.21it/s, cached=1585, failed=0, skipped=1]
precache:  79%|███████▉  | 1587/2000 [10:43<02:08,  3.21it/s, cached=1586, failed=0, skipped=1]
precache:  79%|███████▉  | 1588/2000 [10:44<02:37,  2.61it/s, cached=1586, failed=0, skipped=1]
precache:  79%|███████▉  | 1588/2000 [10:44<02:37,  2.61it/s, cached=1587, failed=0, skipped=1]
precache:  79%|███████▉  | 1589/2000 [10:45<02:41,  2.55it/s, cached=1587, failed=0, skipped=1]
precache:  79%|███████▉  | 1589/2000 [10:45<02:41,  2.55it/s, cached=1588, failed=0, skipped=1]
precache:  80%|███████▉  | 1590/2000 [10:45<02:18,  2.96it/s, cached=1588, failed=0, skipped=1]
precache:  80%|███████▉  | 1590/2000 [10:45<02:18,  2.96it/s, cached=1589, failed=0, skipped=1]
precache:  80%|███████▉  | 1591/2000 [10:45<01:57,  3.48it/s, cached=1589, failed=0, skipped=1]
precache:  80%|███████▉  | 1591/2000 [10:45<01:57,  3.48it/s, cached=1590, failed=0, skipped=1]
precache:  80%|███████▉  | 1592/2000 [10:45<01:49,  3.72it/s, cached=1590, failed=0, skipped=1]
precache:  80%|███████▉  | 1592/2000 [10:45<01:49,  3.72it/s, cached=1591, failed=0, skipped=1]
precache:  80%|███████▉  | 1593/2000 [10:47<03:47,  1.79it/s, cached=1591, failed=0, skipped=1]
precache:  80%|███████▉  | 1593/2000 [10:47<03:47,  1.79it/s, cached=1592, failed=0, skipped=1]
precache:  80%|███████▉  | 1594/2000 [10:47<03:32,  1.91it/s, cached=1592, failed=0, skipped=1]
precache:  80%|███████▉  | 1594/2000 [10:47<03:32,  1.91it/s, cached=1593, failed=0, skipped=1]
precache:  80%|███████▉  | 1595/2000 [10:47<03:32,  1.91it/s, cached=1594, failed=0, skipped=1]
precache:  80%|███████▉  | 1596/2000 [10:47<02:15,  2.99it/s, cached=1594, failed=0, skipped=1]
precache:  80%|███████▉  | 1596/2000 [10:47<02:15,  2.99it/s, cached=1595, failed=0, skipped=1]
precache:  80%|███████▉  | 1597/2000 [10:47<01:56,  3.45it/s, cached=1595, failed=0, skipped=1]
precache:  80%|███████▉  | 1597/2000 [10:47<01:56,  3.45it/s, cached=1596, failed=0, skipped=1]
precache:  80%|███████▉  | 1598/2000 [10:49<04:10,  1.60it/s, cached=1596, failed=0, skipped=1]
precache:  80%|███████▉  | 1598/2000 [10:49<04:10,  1.60it/s, cached=1597, failed=0, skipped=1]
precache:  80%|███████▉  | 1599/2000 [10:49<04:10,  1.60it/s, cached=1598, failed=0, skipped=1]
precache:  80%|████████  | 1600/2000 [10:49<02:34,  2.58it/s, cached=1598, failed=0, skipped=1]
precache:  80%|████████  | 1600/2000 [10:49<02:34,  2.58it/s, cached=1599, failed=0, skipped=1]
precache:  80%|████████  | 1601/2000 [10:49<02:30,  2.66it/s, cached=1599, failed=0, skipped=1]
precache:  80%|████████  | 1601/2000 [10:49<02:30,  2.66it/s, cached=1600, failed=0, skipped=1]
precache:  80%|████████  | 1602/2000 [10:50<02:18,  2.88it/s, cached=1600, failed=0, skipped=1]
precache:  80%|████████  | 1602/2000 [10:50<02:18,  2.88it/s, cached=1601, failed=0, skipped=1]
precache:  80%|████████  | 1603/2000 [10:50<02:17,  2.88it/s, cached=1602, failed=0, skipped=1]
precache:  80%|████████  | 1604/2000 [10:51<03:35,  1.83it/s, cached=1602, failed=0, skipped=1]
precache:  80%|████████  | 1604/2000 [10:51<03:35,  1.83it/s, cached=1603, failed=0, skipped=1]
precache:  80%|████████  | 1605/2000 [10:51<03:35,  1.83it/s, cached=1604, failed=0, skipped=1]
precache:  80%|████████  | 1606/2000 [10:51<02:25,  2.72it/s, cached=1604, failed=0, skipped=1]
precache:  80%|████████  | 1606/2000 [10:51<02:25,  2.72it/s, cached=1605, failed=0, skipped=1]
precache:  80%|████████  | 1607/2000 [10:52<02:26,  2.68it/s, cached=1605, failed=0, skipped=1]
precache:  80%|████████  | 1607/2000 [10:52<02:26,  2.68it/s, cached=1606, failed=0, skipped=1]
precache:  80%|████████  | 1608/2000 [10:52<02:26,  2.68it/s, cached=1607, failed=0, skipped=1]
precache:  80%|████████  | 1609/2000 [10:52<02:20,  2.78it/s, cached=1607, failed=0, skipped=1]
precache:  80%|████████  | 1609/2000 [10:52<02:20,  2.78it/s, cached=1608, failed=0, skipped=1]
precache:  80%|████████  | 1610/2000 [10:53<03:13,  2.01it/s, cached=1608, failed=0, skipped=1]
precache:  80%|████████  | 1610/2000 [10:53<03:13,  2.01it/s, cached=1609, failed=0, skipped=1]
precache:  81%|████████  | 1611/2000 [10:54<02:58,  2.18it/s, cached=1609, failed=0, skipped=1]
precache:  81%|████████  | 1611/2000 [10:54<02:58,  2.18it/s, cached=1610, failed=0, skipped=1]
precache:  81%|████████  | 1612/2000 [10:54<02:34,  2.50it/s, cached=1610, failed=0, skipped=1]
precache:  81%|████████  | 1612/2000 [10:54<02:34,  2.50it/s, cached=1611, failed=0, skipped=1]
precache:  81%|████████  | 1613/2000 [10:54<02:13,  2.89it/s, cached=1611, failed=0, skipped=1]
precache:  81%|████████  | 1613/2000 [10:54<02:13,  2.89it/s, cached=1612, failed=0, skipped=1]
precache:  81%|████████  | 1614/2000 [10:54<02:04,  3.10it/s, cached=1612, failed=0, skipped=1]
precache:  81%|████████  | 1614/2000 [10:54<02:04,  3.10it/s, cached=1613, failed=0, skipped=1]
precache:  81%|████████  | 1615/2000 [10:55<02:10,  2.96it/s, cached=1613, failed=0, skipped=1]
precache:  81%|████████  | 1615/2000 [10:55<02:10,  2.96it/s, cached=1614, failed=0, skipped=1]
precache:  81%|████████  | 1616/2000 [10:55<02:25,  2.64it/s, cached=1614, failed=0, skipped=1]
precache:  81%|████████  | 1616/2000 [10:55<02:25,  2.64it/s, cached=1615, failed=0, skipped=1]
precache:  81%|████████  | 1617/2000 [10:56<02:40,  2.38it/s, cached=1615, failed=0, skipped=1]
precache:  81%|████████  | 1617/2000 [10:56<02:40,  2.38it/s, cached=1616, failed=0, skipped=1]
precache:  81%|████████  | 1618/2000 [10:56<02:40,  2.38it/s, cached=1617, failed=0, skipped=1]
precache:  81%|████████  | 1619/2000 [10:56<01:43,  3.67it/s, cached=1617, failed=0, skipped=1]
precache:  81%|████████  | 1619/2000 [10:56<01:43,  3.67it/s, cached=1618, failed=0, skipped=1]
precache:  81%|████████  | 1620/2000 [10:57<02:12,  2.86it/s, cached=1618, failed=0, skipped=1]
precache:  81%|████████  | 1620/2000 [10:57<02:12,  2.86it/s, cached=1619, failed=0, skipped=1]
precache:  81%|████████  | 1621/2000 [10:57<01:58,  3.20it/s, cached=1619, failed=0, skipped=1]
precache:  81%|████████  | 1621/2000 [10:57<01:58,  3.20it/s, cached=1620, failed=0, skipped=1]
precache:  81%|████████  | 1622/2000 [10:58<02:35,  2.44it/s, cached=1620, failed=0, skipped=1]
precache:  81%|████████  | 1622/2000 [10:58<02:35,  2.44it/s, cached=1621, failed=0, skipped=1]
precache:  81%|████████  | 1623/2000 [10:58<02:39,  2.37it/s, cached=1621, failed=0, skipped=1]
precache:  81%|████████  | 1623/2000 [10:58<02:39,  2.37it/s, cached=1622, failed=0, skipped=1]
precache:  81%|████████  | 1624/2000 [10:58<02:38,  2.37it/s, cached=1623, failed=0, skipped=1]
precache:  81%|████████▏ | 1625/2000 [10:58<01:59,  3.15it/s, cached=1623, failed=0, skipped=1]
precache:  81%|████████▏ | 1625/2000 [10:58<01:59,  3.15it/s, cached=1624, failed=0, skipped=1]
precache:  81%|████████▏ | 1626/2000 [10:58<01:58,  3.15it/s, cached=1625, failed=0, skipped=1]
precache:  81%|████████▏ | 1627/2000 [10:59<01:41,  3.69it/s, cached=1625, failed=0, skipped=1]
precache:  81%|████████▏ | 1627/2000 [10:59<01:41,  3.69it/s, cached=1626, failed=0, skipped=1]
precache:  81%|████████▏ | 1628/2000 [11:00<02:56,  2.10it/s, cached=1626, failed=0, skipped=1]
precache:  81%|████████▏ | 1628/2000 [11:00<02:56,  2.10it/s, cached=1627, failed=0, skipped=1]
precache:  81%|████████▏ | 1629/2000 [11:00<02:56,  2.10it/s, cached=1628, failed=0, skipped=1]
precache:  82%|████████▏ | 1630/2000 [11:00<02:08,  2.88it/s, cached=1628, failed=0, skipped=1]
precache:  82%|████████▏ | 1630/2000 [11:00<02:08,  2.88it/s, cached=1629, failed=0, skipped=1]
precache:  82%|████████▏ | 1631/2000 [11:01<02:08,  2.86it/s, cached=1629, failed=0, skipped=1]
precache:  82%|████████▏ | 1631/2000 [11:01<02:08,  2.86it/s, cached=1630, failed=0, skipped=1]
precache:  82%|████████▏ | 1632/2000 [11:01<02:08,  2.86it/s, cached=1631, failed=0, skipped=1]
precache:  82%|████████▏ | 1633/2000 [11:01<02:08,  2.86it/s, cached=1632, failed=0, skipped=1]
precache:  82%|████████▏ | 1634/2000 [11:02<02:03,  2.97it/s, cached=1632, failed=0, skipped=1]
precache:  82%|████████▏ | 1634/2000 [11:02<02:03,  2.97it/s, cached=1633, failed=0, skipped=1]
precache:  82%|████████▏ | 1635/2000 [11:02<01:48,  3.35it/s, cached=1633, failed=0, skipped=1]
precache:  82%|████████▏ | 1635/2000 [11:02<01:48,  3.35it/s, cached=1634, failed=0, skipped=1]
precache:  82%|████████▏ | 1636/2000 [11:02<02:15,  2.68it/s, cached=1634, failed=0, skipped=1]
precache:  82%|████████▏ | 1636/2000 [11:02<02:15,  2.68it/s, cached=1635, failed=0, skipped=1]
precache:  82%|████████▏ | 1637/2000 [11:02<01:54,  3.18it/s, cached=1635, failed=0, skipped=1]
precache:  82%|████████▏ | 1637/2000 [11:02<01:54,  3.18it/s, cached=1636, failed=0, skipped=1]
precache:  82%|████████▏ | 1638/2000 [11:02<01:53,  3.18it/s, cached=1637, failed=0, skipped=1]
precache:  82%|████████▏ | 1639/2000 [11:03<01:53,  3.18it/s, cached=1638, failed=0, skipped=1]
precache:  82%|████████▏ | 1640/2000 [11:03<01:57,  3.07it/s, cached=1638, failed=0, skipped=1]
precache:  82%|████████▏ | 1640/2000 [11:03<01:57,  3.07it/s, cached=1639, failed=0, skipped=1]
precache:  82%|████████▏ | 1641/2000 [11:03<01:56,  3.07it/s, cached=1640, failed=0, skipped=1]
precache:  82%|████████▏ | 1642/2000 [11:04<02:14,  2.66it/s, cached=1640, failed=0, skipped=1]
precache:  82%|████████▏ | 1642/2000 [11:04<02:14,  2.66it/s, cached=1641, failed=0, skipped=1]
precache:  82%|████████▏ | 1643/2000 [11:04<02:14,  2.66it/s, cached=1642, failed=0, skipped=1]
precache:  82%|████████▏ | 1644/2000 [11:05<01:41,  3.50it/s, cached=1642, failed=0, skipped=1]
precache:  82%|████████▏ | 1644/2000 [11:05<01:41,  3.50it/s, cached=1643, failed=0, skipped=1]
precache:  82%|████████▏ | 1645/2000 [11:05<01:41,  3.49it/s, cached=1643, failed=0, skipped=1]
precache:  82%|████████▏ | 1645/2000 [11:05<01:41,  3.49it/s, cached=1644, failed=0, skipped=1]
precache:  82%|████████▏ | 1646/2000 [11:05<01:58,  2.98it/s, cached=1644, failed=0, skipped=1]
precache:  82%|████████▏ | 1646/2000 [11:05<01:58,  2.98it/s, cached=1645, failed=0, skipped=1]
precache:  82%|████████▏ | 1647/2000 [11:06<01:43,  3.40it/s, cached=1645, failed=0, skipped=1]
precache:  82%|████████▏ | 1647/2000 [11:06<01:43,  3.40it/s, cached=1646, failed=0, skipped=1]
precache:  82%|████████▏ | 1648/2000 [11:06<02:33,  2.29it/s, cached=1646, failed=0, skipped=1]
precache:  82%|████████▏ | 1648/2000 [11:06<02:33,  2.29it/s, cached=1647, failed=0, skipped=1]
precache:  82%|████████▏ | 1649/2000 [11:07<02:33,  2.29it/s, cached=1648, failed=0, skipped=1]
precache:  82%|████████▎ | 1650/2000 [11:07<01:59,  2.92it/s, cached=1648, failed=0, skipped=1]
precache:  82%|████████▎ | 1650/2000 [11:07<01:59,  2.92it/s, cached=1649, failed=0, skipped=1]
precache:  83%|████████▎ | 1651/2000 [11:07<01:56,  3.00it/s, cached=1649, failed=0, skipped=1]
precache:  83%|████████▎ | 1651/2000 [11:07<01:56,  3.00it/s, cached=1650, failed=0, skipped=1]
precache:  83%|████████▎ | 1652/2000 [11:08<02:33,  2.26it/s, cached=1650, failed=0, skipped=1]
precache:  83%|████████▎ | 1652/2000 [11:08<02:33,  2.26it/s, cached=1651, failed=0, skipped=1]
precache:  83%|████████▎ | 1653/2000 [11:08<02:33,  2.26it/s, cached=1652, failed=0, skipped=1]
precache:  83%|████████▎ | 1654/2000 [11:08<01:54,  3.02it/s, cached=1652, failed=0, skipped=1]
precache:  83%|████████▎ | 1654/2000 [11:08<01:54,  3.02it/s, cached=1653, failed=0, skipped=1]
precache:  83%|████████▎ | 1655/2000 [11:08<01:54,  3.02it/s, cached=1654, failed=0, skipped=1]
precache:  83%|████████▎ | 1656/2000 [11:09<01:23,  4.10it/s, cached=1654, failed=0, skipped=1]
precache:  83%|████████▎ | 1656/2000 [11:09<01:23,  4.10it/s, cached=1655, failed=0, skipped=1]
precache:  83%|████████▎ | 1657/2000 [11:09<01:26,  3.94it/s, cached=1655, failed=0, skipped=1]
precache:  83%|████████▎ | 1657/2000 [11:09<01:26,  3.94it/s, cached=1656, failed=0, skipped=1]
precache:  83%|████████▎ | 1658/2000 [11:10<03:04,  1.85it/s, cached=1656, failed=0, skipped=1]
precache:  83%|████████▎ | 1658/2000 [11:10<03:04,  1.85it/s, cached=1657, failed=0, skipped=1]
precache:  83%|████████▎ | 1659/2000 [11:10<03:04,  1.85it/s, cached=1658, failed=0, skipped=1]
precache:  83%|████████▎ | 1660/2000 [11:10<01:58,  2.86it/s, cached=1658, failed=0, skipped=1]
precache:  83%|████████▎ | 1660/2000 [11:10<01:58,  2.86it/s, cached=1659, failed=0, skipped=1]
precache:  83%|████████▎ | 1661/2000 [11:11<02:25,  2.33it/s, cached=1659, failed=0, skipped=1]
precache:  83%|████████▎ | 1661/2000 [11:11<02:25,  2.33it/s, cached=1660, failed=0, skipped=1]
precache:  83%|████████▎ | 1662/2000 [11:11<02:24,  2.33it/s, cached=1661, failed=0, skipped=1]
precache:  83%|████████▎ | 1663/2000 [11:11<02:24,  2.33it/s, cached=1662, failed=0, skipped=1]
precache:  83%|████████▎ | 1664/2000 [11:12<01:52,  2.99it/s, cached=1662, failed=0, skipped=1]
precache:  83%|████████▎ | 1664/2000 [11:12<01:52,  2.99it/s, cached=1663, failed=0, skipped=1]
precache:  83%|████████▎ | 1665/2000 [11:12<01:52,  2.99it/s, cached=1664, failed=0, skipped=1]
precache:  83%|████████▎ | 1666/2000 [11:12<01:26,  3.88it/s, cached=1664, failed=0, skipped=1]
precache:  83%|████████▎ | 1666/2000 [11:12<01:26,  3.88it/s, cached=1665, failed=0, skipped=1]
precache:  83%|████████▎ | 1667/2000 [11:14<02:50,  1.95it/s, cached=1665, failed=0, skipped=1]
precache:  83%|████████▎ | 1667/2000 [11:14<02:50,  1.95it/s, cached=1666, failed=0, skipped=1]
precache:  83%|████████▎ | 1668/2000 [11:14<02:29,  2.22it/s, cached=1666, failed=0, skipped=1]
precache:  83%|████████▎ | 1668/2000 [11:14<02:29,  2.22it/s, cached=1667, failed=0, skipped=1]
precache:  83%|████████▎ | 1669/2000 [11:14<02:28,  2.22it/s, cached=1668, failed=0, skipped=1]
precache:  84%|████████▎ | 1670/2000 [11:14<02:28,  2.22it/s, cached=1669, failed=0, skipped=1]
precache:  84%|████████▎ | 1671/2000 [11:14<01:24,  3.92it/s, cached=1669, failed=0, skipped=1]
precache:  84%|████████▎ | 1671/2000 [11:14<01:24,  3.92it/s, cached=1670, failed=0, skipped=1]
precache:  84%|████████▎ | 1672/2000 [11:14<01:23,  3.92it/s, cached=1671, failed=0, skipped=1]
precache:  84%|████████▎ | 1673/2000 [11:16<02:27,  2.22it/s, cached=1671, failed=0, skipped=1]
precache:  84%|████████▎ | 1673/2000 [11:16<02:27,  2.22it/s, cached=1672, failed=0, skipped=1]
precache:  84%|████████▎ | 1674/2000 [11:16<02:07,  2.57it/s, cached=1672, failed=0, skipped=1]
precache:  84%|████████▎ | 1674/2000 [11:16<02:07,  2.57it/s, cached=1673, failed=0, skipped=1]
precache:  84%|████████▍ | 1675/2000 [11:16<02:06,  2.57it/s, cached=1674, failed=0, skipped=1]
precache:  84%|████████▍ | 1676/2000 [11:16<02:06,  2.57it/s, cached=1675, failed=0, skipped=1]
precache:  84%|████████▍ | 1677/2000 [11:16<01:15,  4.26it/s, cached=1675, failed=0, skipped=1]
precache:  84%|████████▍ | 1677/2000 [11:16<01:15,  4.26it/s, cached=1676, failed=0, skipped=1]
precache:  84%|████████▍ | 1678/2000 [11:16<01:15,  4.26it/s, cached=1677, failed=0, skipped=1]
precache:  84%|████████▍ | 1679/2000 [11:18<02:22,  2.26it/s, cached=1677, failed=0, skipped=1]
precache:  84%|████████▍ | 1679/2000 [11:18<02:22,  2.26it/s, cached=1678, failed=0, skipped=1]
precache:  84%|████████▍ | 1680/2000 [11:18<02:21,  2.26it/s, cached=1679, failed=0, skipped=1]
precache:  84%|████████▍ | 1681/2000 [11:18<01:55,  2.77it/s, cached=1679, failed=0, skipped=1]
precache:  84%|████████▍ | 1681/2000 [11:18<01:55,  2.77it/s, cached=1680, failed=0, skipped=1]
precache:  84%|████████▍ | 1682/2000 [11:18<01:41,  3.14it/s, cached=1680, failed=0, skipped=1]
precache:  84%|████████▍ | 1682/2000 [11:18<01:41,  3.14it/s, cached=1681, failed=0, skipped=1]
precache:  84%|████████▍ | 1683/2000 [11:18<01:41,  3.14it/s, cached=1682, failed=0, skipped=1]
precache:  84%|████████▍ | 1684/2000 [11:19<01:20,  3.94it/s, cached=1682, failed=0, skipped=1]
precache:  84%|████████▍ | 1684/2000 [11:19<01:20,  3.94it/s, cached=1683, failed=0, skipped=1]
precache:  84%|████████▍ | 1685/2000 [11:20<02:24,  2.18it/s, cached=1683, failed=0, skipped=1]
precache:  84%|████████▍ | 1685/2000 [11:20<02:24,  2.18it/s, cached=1684, failed=0, skipped=1]
precache:  84%|████████▍ | 1686/2000 [11:20<02:24,  2.18it/s, cached=1685, failed=0, skipped=1]
precache:  84%|████████▍ | 1687/2000 [11:20<01:48,  2.90it/s, cached=1685, failed=0, skipped=1]
precache:  84%|████████▍ | 1687/2000 [11:20<01:48,  2.90it/s, cached=1686, failed=0, skipped=1]
precache:  84%|████████▍ | 1688/2000 [11:20<01:47,  2.90it/s, cached=1687, failed=0, skipped=1]
precache:  84%|████████▍ | 1689/2000 [11:21<01:33,  3.33it/s, cached=1687, failed=0, skipped=1]
precache:  84%|████████▍ | 1689/2000 [11:21<01:33,  3.33it/s, cached=1688, failed=0, skipped=1]
precache:  84%|████████▍ | 1690/2000 [11:21<01:28,  3.51it/s, cached=1688, failed=0, skipped=1]
precache:  84%|████████▍ | 1690/2000 [11:21<01:28,  3.51it/s, cached=1689, failed=0, skipped=1]
precache:  85%|████████▍ | 1691/2000 [11:22<02:05,  2.46it/s, cached=1689, failed=0, skipped=1]
precache:  85%|████████▍ | 1691/2000 [11:22<02:05,  2.46it/s, cached=1690, failed=0, skipped=1]
precache:  85%|████████▍ | 1692/2000 [11:22<02:30,  2.05it/s, cached=1690, failed=0, skipped=1]
precache:  85%|████████▍ | 1692/2000 [11:22<02:30,  2.05it/s, cached=1691, failed=0, skipped=1]
precache:  85%|████████▍ | 1693/2000 [11:23<02:01,  2.54it/s, cached=1691, failed=0, skipped=1]
precache:  85%|████████▍ | 1693/2000 [11:23<02:01,  2.54it/s, cached=1692, failed=0, skipped=1]
precache:  85%|████████▍ | 1694/2000 [11:23<02:00,  2.54it/s, cached=1693, failed=0, skipped=1]
precache:  85%|████████▍ | 1695/2000 [11:23<01:17,  3.95it/s, cached=1693, failed=0, skipped=1]
precache:  85%|████████▍ | 1695/2000 [11:23<01:17,  3.95it/s, cached=1694, failed=0, skipped=1]
precache:  85%|████████▍ | 1696/2000 [11:23<01:19,  3.81it/s, cached=1694, failed=0, skipped=1]
precache:  85%|████████▍ | 1696/2000 [11:23<01:19,  3.81it/s, cached=1695, failed=0, skipped=1]
precache:  85%|████████▍ | 1697/2000 [11:24<02:12,  2.28it/s, cached=1695, failed=0, skipped=1]
precache:  85%|████████▍ | 1697/2000 [11:24<02:12,  2.28it/s, cached=1696, failed=0, skipped=1]
precache:  85%|████████▍ | 1698/2000 [11:24<02:10,  2.31it/s, cached=1696, failed=0, skipped=1]
precache:  85%|████████▍ | 1698/2000 [11:24<02:10,  2.31it/s, cached=1697, failed=0, skipped=1]
precache:  85%|████████▍ | 1699/2000 [11:24<01:47,  2.79it/s, cached=1697, failed=0, skipped=1]
precache:  85%|████████▍ | 1699/2000 [11:24<01:47,  2.79it/s, cached=1698, failed=0, skipped=1]
precache:  85%|████████▌ | 1700/2000 [11:25<01:32,  3.23it/s, cached=1698, failed=0, skipped=1]
precache:  85%|████████▌ | 1700/2000 [11:25<01:32,  3.23it/s, cached=1699, failed=0, skipped=1]
precache:  85%|████████▌ | 1701/2000 [11:25<01:15,  3.98it/s, cached=1699, failed=0, skipped=1]
precache:  85%|████████▌ | 1701/2000 [11:25<01:15,  3.98it/s, cached=1700, failed=0, skipped=1]
precache:  85%|████████▌ | 1702/2000 [11:25<01:11,  4.16it/s, cached=1700, failed=0, skipped=1]
precache:  85%|████████▌ | 1702/2000 [11:25<01:11,  4.16it/s, cached=1701, failed=0, skipped=1]
precache:  85%|████████▌ | 1703/2000 [11:26<02:25,  2.04it/s, cached=1701, failed=0, skipped=1]
precache:  85%|████████▌ | 1703/2000 [11:26<02:25,  2.04it/s, cached=1702, failed=0, skipped=1]
precache:  85%|████████▌ | 1704/2000 [11:26<02:02,  2.41it/s, cached=1702, failed=0, skipped=1]
precache:  85%|████████▌ | 1704/2000 [11:26<02:02,  2.41it/s, cached=1703, failed=0, skipped=1]
precache:  85%|████████▌ | 1705/2000 [11:26<02:02,  2.41it/s, cached=1704, failed=0, skipped=1]
precache:  85%|████████▌ | 1706/2000 [11:27<01:37,  3.01it/s, cached=1704, failed=0, skipped=1]
precache:  85%|████████▌ | 1706/2000 [11:27<01:37,  3.01it/s, cached=1705, failed=0, skipped=1]
precache:  85%|████████▌ | 1707/2000 [11:27<01:24,  3.45it/s, cached=1705, failed=0, skipped=1]
precache:  85%|████████▌ | 1707/2000 [11:27<01:24,  3.45it/s, cached=1706, failed=0, skipped=1]
precache:  85%|████████▌ | 1708/2000 [11:27<01:24,  3.45it/s, cached=1707, failed=0, skipped=1]
precache:  85%|████████▌ | 1709/2000 [11:28<02:03,  2.35it/s, cached=1707, failed=0, skipped=1]
precache:  85%|████████▌ | 1709/2000 [11:28<02:03,  2.35it/s, cached=1708, failed=0, skipped=1]
precache:  86%|████████▌ | 1710/2000 [11:28<02:03,  2.35it/s, cached=1709, failed=0, skipped=1]
precache:  86%|████████▌ | 1711/2000 [11:28<01:35,  3.04it/s, cached=1709, failed=0, skipped=1]
precache:  86%|████████▌ | 1711/2000 [11:28<01:35,  3.04it/s, cached=1710, failed=0, skipped=1]
precache:  86%|████████▌ | 1712/2000 [11:29<01:48,  2.66it/s, cached=1710, failed=0, skipped=1]
precache:  86%|████████▌ | 1712/2000 [11:29<01:48,  2.66it/s, cached=1711, failed=0, skipped=1]
precache:  86%|████████▌ | 1713/2000 [11:29<01:47,  2.66it/s, cached=1712, failed=0, skipped=1]
precache:  86%|████████▌ | 1714/2000 [11:29<01:16,  3.75it/s, cached=1712, failed=0, skipped=1]
precache:  86%|████████▌ | 1714/2000 [11:29<01:16,  3.75it/s, cached=1713, failed=0, skipped=1]
precache:  86%|████████▌ | 1715/2000 [11:30<01:41,  2.80it/s, cached=1713, failed=0, skipped=1]
precache:  86%|████████▌ | 1715/2000 [11:30<01:41,  2.80it/s, cached=1714, failed=0, skipped=1]
precache:  86%|████████▌ | 1716/2000 [11:30<01:31,  3.10it/s, cached=1714, failed=0, skipped=1]
precache:  86%|████████▌ | 1716/2000 [11:30<01:31,  3.10it/s, cached=1715, failed=0, skipped=1]
precache:  86%|████████▌ | 1717/2000 [11:31<01:55,  2.45it/s, cached=1715, failed=0, skipped=1]
precache:  86%|████████▌ | 1717/2000 [11:31<01:55,  2.45it/s, cached=1716, failed=0, skipped=1]
precache:  86%|████████▌ | 1718/2000 [11:31<01:54,  2.45it/s, cached=1717, failed=0, skipped=1]
precache:  86%|████████▌ | 1719/2000 [11:31<01:32,  3.04it/s, cached=1717, failed=0, skipped=1]
precache:  86%|████████▌ | 1719/2000 [11:31<01:32,  3.04it/s, cached=1718, failed=0, skipped=1]
precache:  86%|████████▌ | 1720/2000 [11:31<01:20,  3.46it/s, cached=1718, failed=0, skipped=1]
precache:  86%|████████▌ | 1720/2000 [11:31<01:20,  3.46it/s, cached=1719, failed=0, skipped=1]
precache:  86%|████████▌ | 1721/2000 [11:32<01:23,  3.36it/s, cached=1719, failed=0, skipped=1]
precache:  86%|████████▌ | 1721/2000 [11:32<01:23,  3.36it/s, cached=1720, failed=0, skipped=1]
precache:  86%|████████▌ | 1722/2000 [11:32<01:18,  3.54it/s, cached=1720, failed=0, skipped=1]
precache:  86%|████████▌ | 1722/2000 [11:32<01:18,  3.54it/s, cached=1721, failed=0, skipped=1]
precache:  86%|████████▌ | 1723/2000 [11:33<01:41,  2.73it/s, cached=1721, failed=0, skipped=1]
precache:  86%|████████▌ | 1723/2000 [11:33<01:41,  2.73it/s, cached=1722, failed=0, skipped=1]
precache:  86%|████████▌ | 1724/2000 [11:33<01:32,  2.98it/s, cached=1722, failed=0, skipped=1]
precache:  86%|████████▌ | 1724/2000 [11:33<01:32,  2.98it/s, cached=1723, failed=0, skipped=1]
precache:  86%|████████▋ | 1725/2000 [11:33<01:14,  3.71it/s, cached=1723, failed=0, skipped=1]
precache:  86%|████████▋ | 1725/2000 [11:33<01:14,  3.71it/s, cached=1724, failed=0, skipped=1]
precache:  86%|████████▋ | 1726/2000 [11:34<01:41,  2.69it/s, cached=1724, failed=0, skipped=1]
precache:  86%|████████▋ | 1726/2000 [11:34<01:41,  2.69it/s, cached=1725, failed=0, skipped=1]
precache:  86%|████████▋ | 1727/2000 [11:34<01:41,  2.69it/s, cached=1726, failed=0, skipped=1]
precache:  86%|████████▋ | 1728/2000 [11:35<02:10,  2.09it/s, cached=1726, failed=0, skipped=1]
precache:  86%|████████▋ | 1728/2000 [11:35<02:10,  2.09it/s, cached=1727, failed=0, skipped=1]
precache:  86%|████████▋ | 1729/2000 [11:35<01:53,  2.39it/s, cached=1727, failed=0, skipped=1]
precache:  86%|████████▋ | 1729/2000 [11:35<01:53,  2.39it/s, cached=1728, failed=0, skipped=1]
precache:  86%|████████▋ | 1730/2000 [11:35<01:53,  2.39it/s, cached=1729, failed=0, skipped=1]
precache:  87%|████████▋ | 1731/2000 [11:35<01:26,  3.09it/s, cached=1729, failed=0, skipped=1]
precache:  87%|████████▋ | 1731/2000 [11:35<01:26,  3.09it/s, cached=1730, failed=0, skipped=1]
precache:  87%|████████▋ | 1732/2000 [11:36<01:40,  2.66it/s, cached=1730, failed=0, skipped=1]
precache:  87%|████████▋ | 1732/2000 [11:36<01:40,  2.66it/s, cached=1731, failed=0, skipped=1]
precache:  87%|████████▋ | 1733/2000 [11:36<01:22,  3.22it/s, cached=1731, failed=0, skipped=1]
precache:  87%|████████▋ | 1733/2000 [11:36<01:22,  3.22it/s, cached=1732, failed=0, skipped=1]
precache:  87%|████████▋ | 1734/2000 [11:37<02:35,  1.71it/s, cached=1732, failed=0, skipped=1]
precache:  87%|████████▋ | 1734/2000 [11:37<02:35,  1.71it/s, cached=1733, failed=0, skipped=1]
precache:  87%|████████▋ | 1735/2000 [11:38<02:20,  1.89it/s, cached=1733, failed=0, skipped=1]
precache:  87%|████████▋ | 1735/2000 [11:38<02:20,  1.89it/s, cached=1734, failed=0, skipped=1]
precache:  87%|████████▋ | 1736/2000 [11:38<02:12,  1.99it/s, cached=1734, failed=0, skipped=1]
precache:  87%|████████▋ | 1736/2000 [11:38<02:12,  1.99it/s, cached=1735, failed=0, skipped=1]
precache:  87%|████████▋ | 1737/2000 [11:38<02:11,  1.99it/s, cached=1736, failed=0, skipped=1]
precache:  87%|████████▋ | 1738/2000 [11:38<02:11,  1.99it/s, cached=1737, failed=0, skipped=1]
precache:  87%|████████▋ | 1739/2000 [11:38<01:10,  3.71it/s, cached=1737, failed=0, skipped=1]
precache:  87%|████████▋ | 1739/2000 [11:38<01:10,  3.71it/s, cached=1738, failed=0, skipped=1]
precache:  87%|████████▋ | 1740/2000 [11:40<01:55,  2.25it/s, cached=1738, failed=0, skipped=1]
precache:  87%|████████▋ | 1740/2000 [11:40<01:55,  2.25it/s, cached=1739, failed=0, skipped=1]
precache:  87%|████████▋ | 1741/2000 [11:40<01:54,  2.25it/s, cached=1740, failed=0, skipped=1]
precache:  87%|████████▋ | 1742/2000 [11:40<01:41,  2.54it/s, cached=1740, failed=0, skipped=1]
precache:  87%|████████▋ | 1742/2000 [11:40<01:41,  2.54it/s, cached=1741, failed=0, skipped=1]
precache:  87%|████████▋ | 1743/2000 [11:40<01:41,  2.54it/s, cached=1742, failed=0, skipped=1]
precache:  87%|████████▋ | 1744/2000 [11:41<01:22,  3.10it/s, cached=1742, failed=0, skipped=1]
precache:  87%|████████▋ | 1744/2000 [11:41<01:22,  3.10it/s, cached=1743, failed=0, skipped=1]
precache:  87%|████████▋ | 1745/2000 [11:41<01:11,  3.57it/s, cached=1743, failed=0, skipped=1]
precache:  87%|████████▋ | 1745/2000 [11:41<01:11,  3.57it/s, cached=1744, failed=0, skipped=1]
precache:  87%|████████▋ | 1746/2000 [11:42<02:21,  1.80it/s, cached=1744, failed=0, skipped=1]
precache:  87%|████████▋ | 1746/2000 [11:42<02:21,  1.80it/s, cached=1745, failed=0, skipped=1]
precache:  87%|████████▋ | 1747/2000 [11:42<02:20,  1.80it/s, cached=1746, failed=0, skipped=1]
precache:  87%|████████▋ | 1748/2000 [11:42<01:31,  2.77it/s, cached=1746, failed=0, skipped=1]
precache:  87%|████████▋ | 1748/2000 [11:42<01:31,  2.77it/s, cached=1747, failed=0, skipped=1]
precache:  87%|████████▋ | 1749/2000 [11:42<01:19,  3.15it/s, cached=1747, failed=0, skipped=1]
precache:  87%|████████▋ | 1749/2000 [11:42<01:19,  3.15it/s, cached=1748, failed=0, skipped=1]
precache:  88%|████████▊ | 1750/2000 [11:42<01:19,  3.15it/s, cached=1749, failed=0, skipped=1]
precache:  88%|████████▊ | 1751/2000 [11:43<01:05,  3.79it/s, cached=1749, failed=0, skipped=1]
precache:  88%|████████▊ | 1751/2000 [11:43<01:05,  3.79it/s, cached=1750, failed=0, skipped=1]
precache:  88%|████████▊ | 1752/2000 [11:44<01:48,  2.28it/s, cached=1750, failed=0, skipped=1]
precache:  88%|████████▊ | 1752/2000 [11:44<01:48,  2.28it/s, cached=1751, failed=0, skipped=1]
precache:  88%|████████▊ | 1753/2000 [11:44<01:48,  2.28it/s, cached=1752, failed=0, skipped=1]
precache:  88%|████████▊ | 1754/2000 [11:44<01:18,  3.14it/s, cached=1752, failed=0, skipped=1]
precache:  88%|████████▊ | 1754/2000 [11:44<01:18,  3.14it/s, cached=1753, failed=0, skipped=1]
precache:  88%|████████▊ | 1755/2000 [11:44<01:18,  3.14it/s, cached=1754, failed=0, skipped=1]
precache:  88%|████████▊ | 1756/2000 [11:44<01:00,  4.03it/s, cached=1754, failed=0, skipped=1]
precache:  88%|████████▊ | 1756/2000 [11:44<01:00,  4.03it/s, cached=1755, failed=0, skipped=1]
precache:  88%|████████▊ | 1757/2000 [11:45<01:27,  2.79it/s, cached=1755, failed=0, skipped=1]
precache:  88%|████████▊ | 1757/2000 [11:45<01:27,  2.79it/s, cached=1756, failed=0, skipped=1]
precache:  88%|████████▊ | 1758/2000 [11:46<01:47,  2.25it/s, cached=1756, failed=0, skipped=1]
precache:  88%|████████▊ | 1758/2000 [11:46<01:47,  2.25it/s, cached=1757, failed=0, skipped=1]
precache:  88%|████████▊ | 1759/2000 [11:46<01:38,  2.45it/s, cached=1757, failed=0, skipped=1]
precache:  88%|████████▊ | 1759/2000 [11:46<01:38,  2.45it/s, cached=1758, failed=0, skipped=1]
precache:  88%|████████▊ | 1760/2000 [11:46<01:31,  2.63it/s, cached=1758, failed=0, skipped=1]
precache:  88%|████████▊ | 1760/2000 [11:46<01:31,  2.63it/s, cached=1759, failed=0, skipped=1]
precache:  88%|████████▊ | 1761/2000 [11:47<01:16,  3.13it/s, cached=1759, failed=0, skipped=1]
precache:  88%|████████▊ | 1761/2000 [11:47<01:16,  3.13it/s, cached=1760, failed=0, skipped=1]
precache:  88%|████████▊ | 1762/2000 [11:47<01:10,  3.37it/s, cached=1760, failed=0, skipped=1]
precache:  88%|████████▊ | 1762/2000 [11:47<01:10,  3.37it/s, cached=1761, failed=0, skipped=1]
precache:  88%|████████▊ | 1763/2000 [11:47<01:31,  2.60it/s, cached=1761, failed=0, skipped=1]
precache:  88%|████████▊ | 1763/2000 [11:47<01:31,  2.60it/s, cached=1762, failed=0, skipped=1]
precache:  88%|████████▊ | 1764/2000 [11:48<01:41,  2.33it/s, cached=1762, failed=0, skipped=1]
precache:  88%|████████▊ | 1764/2000 [11:48<01:41,  2.33it/s, cached=1763, failed=0, skipped=1]
precache:  88%|████████▊ | 1765/2000 [11:48<01:31,  2.56it/s, cached=1763, failed=0, skipped=1]
precache:  88%|████████▊ | 1765/2000 [11:48<01:31,  2.56it/s, cached=1764, failed=0, skipped=1]
precache:  88%|████████▊ | 1766/2000 [11:49<01:51,  2.09it/s, cached=1764, failed=0, skipped=1]
precache:  88%|████████▊ | 1766/2000 [11:49<01:51,  2.09it/s, cached=1765, failed=0, skipped=1]
precache:  88%|████████▊ | 1767/2000 [11:49<01:51,  2.09it/s, cached=1766, failed=0, skipped=1]
precache:  88%|████████▊ | 1768/2000 [11:49<01:06,  3.51it/s, cached=1766, failed=0, skipped=1]
precache:  88%|████████▊ | 1768/2000 [11:49<01:06,  3.51it/s, cached=1767, failed=0, skipped=1]
precache:  88%|████████▊ | 1769/2000 [11:50<01:14,  3.11it/s, cached=1767, failed=0, skipped=1]
precache:  88%|████████▊ | 1769/2000 [11:50<01:14,  3.11it/s, cached=1768, failed=0, skipped=1]
precache:  88%|████████▊ | 1770/2000 [11:50<01:18,  2.92it/s, cached=1768, failed=0, skipped=1]
precache:  88%|████████▊ | 1770/2000 [11:50<01:18,  2.92it/s, cached=1769, failed=0, skipped=1]
precache:  89%|████████▊ | 1771/2000 [11:50<01:07,  3.37it/s, cached=1769, failed=0, skipped=1]
precache:  89%|████████▊ | 1771/2000 [11:50<01:07,  3.37it/s, cached=1770, failed=0, skipped=1]
precache:  89%|████████▊ | 1772/2000 [11:51<01:31,  2.50it/s, cached=1770, failed=0, skipped=1]
precache:  89%|████████▊ | 1772/2000 [11:51<01:31,  2.50it/s, cached=1771, failed=0, skipped=1]
precache:  89%|████████▊ | 1773/2000 [11:51<01:30,  2.50it/s, cached=1772, failed=0, skipped=1]
precache:  89%|████████▊ | 1774/2000 [11:51<00:55,  4.06it/s, cached=1772, failed=0, skipped=1]
precache:  89%|████████▊ | 1774/2000 [11:51<00:55,  4.06it/s, cached=1773, failed=0, skipped=1]
precache:  89%|████████▉ | 1775/2000 [11:51<00:56,  4.00it/s, cached=1773, failed=0, skipped=1]
precache:  89%|████████▉ | 1775/2000 [11:51<00:56,  4.00it/s, cached=1774, failed=0, skipped=1]
precache:  89%|████████▉ | 1776/2000 [11:52<01:29,  2.51it/s, cached=1774, failed=0, skipped=1]
precache:  89%|████████▉ | 1776/2000 [11:52<01:29,  2.51it/s, cached=1775, failed=0, skipped=1]
precache:  89%|████████▉ | 1777/2000 [11:52<01:28,  2.51it/s, cached=1776, failed=0, skipped=1]
precache:  89%|████████▉ | 1778/2000 [11:53<01:22,  2.70it/s, cached=1776, failed=0, skipped=1]
precache:  89%|████████▉ | 1778/2000 [11:53<01:22,  2.70it/s, cached=1777, failed=0, skipped=1]
precache:  89%|████████▉ | 1779/2000 [11:53<01:11,  3.10it/s, cached=1777, failed=0, skipped=1]
precache:  89%|████████▉ | 1779/2000 [11:53<01:11,  3.10it/s, cached=1778, failed=0, skipped=1]
precache:  89%|████████▉ | 1780/2000 [11:53<01:10,  3.10it/s, cached=1779, failed=0, skipped=1]
precache:  89%|████████▉ | 1781/2000 [11:53<00:55,  3.94it/s, cached=1779, failed=0, skipped=1]
precache:  89%|████████▉ | 1781/2000 [11:53<00:55,  3.94it/s, cached=1780, failed=0, skipped=1]
precache:  89%|████████▉ | 1782/2000 [11:54<01:42,  2.13it/s, cached=1780, failed=0, skipped=1]
precache:  89%|████████▉ | 1782/2000 [11:54<01:42,  2.13it/s, cached=1781, failed=0, skipped=1]
precache:  89%|████████▉ | 1783/2000 [11:54<01:41,  2.13it/s, cached=1782, failed=0, skipped=1]
precache:  89%|████████▉ | 1784/2000 [11:54<01:07,  3.22it/s, cached=1782, failed=0, skipped=1]
precache:  89%|████████▉ | 1784/2000 [11:54<01:07,  3.22it/s, cached=1783, failed=0, skipped=1]
precache:  89%|████████▉ | 1785/2000 [11:55<00:57,  3.73it/s, cached=1783, failed=0, skipped=1]
precache:  89%|████████▉ | 1785/2000 [11:55<00:57,  3.73it/s, cached=1784, failed=0, skipped=1]
precache:  89%|████████▉ | 1786/2000 [11:55<00:57,  3.69it/s, cached=1784, failed=0, skipped=1]
precache:  89%|████████▉ | 1786/2000 [11:55<00:57,  3.69it/s, cached=1785, failed=0, skipped=1]
precache:  89%|████████▉ | 1787/2000 [11:55<00:57,  3.69it/s, cached=1786, failed=0, skipped=1]
precache:  89%|████████▉ | 1788/2000 [11:56<01:42,  2.06it/s, cached=1786, failed=0, skipped=1]
precache:  89%|████████▉ | 1788/2000 [11:56<01:42,  2.06it/s, cached=1787, failed=0, skipped=1]
precache:  89%|████████▉ | 1789/2000 [11:57<01:24,  2.49it/s, cached=1787, failed=0, skipped=1]
precache:  89%|████████▉ | 1789/2000 [11:57<01:24,  2.49it/s, cached=1788, failed=0, skipped=1]
precache:  90%|████████▉ | 1790/2000 [11:57<01:13,  2.84it/s, cached=1788, failed=0, skipped=1]
precache:  90%|████████▉ | 1790/2000 [11:57<01:13,  2.84it/s, cached=1789, failed=0, skipped=1]
precache:  90%|████████▉ | 1791/2000 [11:57<01:13,  2.84it/s, cached=1790, failed=0, skipped=1]
precache:  90%|████████▉ | 1792/2000 [11:57<01:13,  2.84it/s, cached=1791, failed=0, skipped=1]
precache:  90%|████████▉ | 1793/2000 [11:57<00:49,  4.16it/s, cached=1791, failed=0, skipped=1]
precache:  90%|████████▉ | 1793/2000 [11:57<00:49,  4.16it/s, cached=1792, failed=0, skipped=1]
precache:  90%|████████▉ | 1794/2000 [11:59<01:39,  2.06it/s, cached=1792, failed=0, skipped=1]
precache:  90%|████████▉ | 1794/2000 [11:59<01:39,  2.06it/s, cached=1793, failed=0, skipped=1]
precache:  90%|████████▉ | 1795/2000 [11:59<01:31,  2.24it/s, cached=1793, failed=0, skipped=1]
precache:  90%|████████▉ | 1795/2000 [11:59<01:31,  2.24it/s, cached=1794, failed=0, skipped=1]
precache:  90%|████████▉ | 1796/2000 [11:59<01:31,  2.24it/s, cached=1795, failed=0, skipped=1]
precache:  90%|████████▉ | 1797/2000 [11:59<01:02,  3.25it/s, cached=1795, failed=0, skipped=1]
precache:  90%|████████▉ | 1797/2000 [11:59<01:02,  3.25it/s, cached=1796, failed=0, skipped=1]
precache:  90%|████████▉ | 1798/2000 [11:59<01:02,  3.25it/s, cached=1797, failed=0, skipped=1]
precache:  90%|████████▉ | 1799/2000 [11:59<00:47,  4.20it/s, cached=1797, failed=0, skipped=1]
precache:  90%|████████▉ | 1799/2000 [11:59<00:47,  4.20it/s, cached=1798, failed=0, skipped=1]
precache:  90%|█████████ | 1800/2000 [12:01<01:50,  1.81it/s, cached=1798, failed=0, skipped=1]
precache:  90%|█████████ | 1800/2000 [12:01<01:50,  1.81it/s, cached=1799, failed=0, skipped=1]
precache:  90%|█████████ | 1801/2000 [12:01<01:30,  2.19it/s, cached=1799, failed=0, skipped=1]
precache:  90%|█████████ | 1801/2000 [12:01<01:30,  2.19it/s, cached=1800, failed=0, skipped=1]
precache:  90%|█████████ | 1802/2000 [12:01<01:14,  2.67it/s, cached=1800, failed=0, skipped=1]
precache:  90%|█████████ | 1802/2000 [12:01<01:14,  2.67it/s, cached=1801, failed=0, skipped=1]
precache:  90%|█████████ | 1803/2000 [12:02<01:10,  2.80it/s, cached=1801, failed=0, skipped=1]
precache:  90%|█████████ | 1803/2000 [12:02<01:10,  2.80it/s, cached=1802, failed=0, skipped=1]
precache:  90%|█████████ | 1804/2000 [12:02<01:10,  2.80it/s, cached=1803, failed=0, skipped=1]
precache:  90%|█████████ | 1805/2000 [12:02<01:09,  2.80it/s, cached=1804, failed=0, skipped=1]
precache:  90%|█████████ | 1806/2000 [12:03<01:09,  2.78it/s, cached=1804, failed=0, skipped=1]
precache:  90%|█████████ | 1806/2000 [12:03<01:09,  2.78it/s, cached=1805, failed=0, skipped=1]
precache:  90%|█████████ | 1807/2000 [12:04<01:29,  2.15it/s, cached=1805, failed=0, skipped=1]
precache:  90%|█████████ | 1807/2000 [12:04<01:29,  2.15it/s, cached=1806, failed=0, skipped=1]
precache:  90%|█████████ | 1808/2000 [12:04<01:29,  2.15it/s, cached=1807, failed=0, skipped=1]
precache:  90%|█████████ | 1809/2000 [12:04<01:28,  2.15it/s, cached=1808, failed=0, skipped=1]
precache:  90%|█████████ | 1810/2000 [12:04<00:51,  3.70it/s, cached=1808, failed=0, skipped=1]
precache:  90%|█████████ | 1810/2000 [12:04<00:51,  3.70it/s, cached=1809, failed=0, skipped=1]
precache:  91%|█████████ | 1811/2000 [12:04<00:45,  4.15it/s, cached=1809, failed=0, skipped=1]
precache:  91%|█████████ | 1811/2000 [12:04<00:45,  4.15it/s, cached=1810, failed=0, skipped=1]
precache:  91%|█████████ | 1812/2000 [12:05<00:59,  3.14it/s, cached=1810, failed=0, skipped=1]
precache:  91%|█████████ | 1812/2000 [12:05<00:59,  3.14it/s, cached=1811, failed=0, skipped=1]
precache:  91%|█████████ | 1813/2000 [12:06<01:29,  2.08it/s, cached=1811, failed=0, skipped=1]
precache:  91%|█████████ | 1813/2000 [12:06<01:29,  2.08it/s, cached=1812, failed=0, skipped=1]
precache:  91%|█████████ | 1814/2000 [12:06<01:29,  2.08it/s, cached=1813, failed=0, skipped=1]
precache:  91%|█████████ | 1815/2000 [12:06<01:28,  2.08it/s, cached=1814, failed=0, skipped=1]
precache:  91%|█████████ | 1816/2000 [12:06<01:28,  2.08it/s, cached=1815, failed=0, skipped=1]
precache:  91%|█████████ | 1817/2000 [12:06<00:44,  4.11it/s, cached=1815, failed=0, skipped=1]
precache:  91%|█████████ | 1817/2000 [12:06<00:44,  4.11it/s, cached=1816, failed=0, skipped=1]
precache:  91%|█████████ | 1818/2000 [12:07<01:01,  2.95it/s, cached=1816, failed=0, skipped=1]
precache:  91%|█████████ | 1818/2000 [12:07<01:01,  2.95it/s, cached=1817, failed=0, skipped=1]
precache:  91%|█████████ | 1819/2000 [12:08<01:27,  2.06it/s, cached=1817, failed=0, skipped=1]
precache:  91%|█████████ | 1819/2000 [12:08<01:27,  2.06it/s, cached=1818, failed=0, skipped=1]
precache:  91%|█████████ | 1820/2000 [12:08<01:16,  2.34it/s, cached=1818, failed=0, skipped=1]
precache:  91%|█████████ | 1820/2000 [12:08<01:16,  2.34it/s, cached=1819, failed=0, skipped=1]
precache:  91%|█████████ | 1821/2000 [12:08<01:16,  2.34it/s, cached=1820, failed=0, skipped=1]
precache:  91%|█████████ | 1822/2000 [12:08<00:52,  3.39it/s, cached=1820, failed=0, skipped=1]
precache:  91%|█████████ | 1822/2000 [12:08<00:52,  3.39it/s, cached=1821, failed=0, skipped=1]
precache:  91%|█████████ | 1823/2000 [12:08<00:52,  3.39it/s, cached=1822, failed=0, skipped=1]
precache:  91%|█████████ | 1824/2000 [12:08<00:45,  3.84it/s, cached=1822, failed=0, skipped=1]
precache:  91%|█████████ | 1824/2000 [12:08<00:45,  3.84it/s, cached=1823, failed=0, skipped=1]
precache:  91%|█████████▏| 1825/2000 [12:10<01:33,  1.87it/s, cached=1823, failed=0, skipped=1]
precache:  91%|█████████▏| 1825/2000 [12:10<01:33,  1.87it/s, cached=1824, failed=0, skipped=1]
precache:  91%|█████████▏| 1826/2000 [12:10<01:33,  1.87it/s, cached=1825, failed=0, skipped=1]
precache:  91%|█████████▏| 1827/2000 [12:10<01:32,  1.87it/s, cached=1826, failed=0, skipped=1]
precache:  91%|█████████▏| 1828/2000 [12:10<00:53,  3.19it/s, cached=1826, failed=0, skipped=1]
precache:  91%|█████████▏| 1828/2000 [12:10<00:53,  3.19it/s, cached=1827, failed=0, skipped=1]
precache:  91%|█████████▏| 1829/2000 [12:10<00:53,  3.19it/s, cached=1828, failed=0, skipped=1]
precache:  92%|█████████▏| 1830/2000 [12:11<00:59,  2.87it/s, cached=1828, failed=0, skipped=1]
precache:  92%|█████████▏| 1830/2000 [12:11<00:59,  2.87it/s, cached=1829, failed=0, skipped=1]
precache:  92%|█████████▏| 1831/2000 [12:12<01:11,  2.37it/s, cached=1829, failed=0, skipped=1]
precache:  92%|█████████▏| 1831/2000 [12:12<01:11,  2.37it/s, cached=1830, failed=0, skipped=1]
precache:  92%|█████████▏| 1832/2000 [12:12<01:00,  2.78it/s, cached=1830, failed=0, skipped=1]
precache:  92%|█████████▏| 1832/2000 [12:12<01:00,  2.78it/s, cached=1831, failed=0, skipped=1]
precache:  92%|█████████▏| 1833/2000 [12:12<00:56,  2.95it/s, cached=1831, failed=0, skipped=1]
precache:  92%|█████████▏| 1833/2000 [12:12<00:56,  2.95it/s, cached=1832, failed=0, skipped=1]
precache:  92%|█████████▏| 1834/2000 [12:12<00:56,  2.95it/s, cached=1833, failed=0, skipped=1]
precache:  92%|█████████▏| 1835/2000 [12:12<00:38,  4.30it/s, cached=1833, failed=0, skipped=1]
precache:  92%|█████████▏| 1835/2000 [12:12<00:38,  4.30it/s, cached=1834, failed=0, skipped=1]
precache:  92%|█████████▏| 1836/2000 [12:13<00:55,  2.96it/s, cached=1834, failed=0, skipped=1]
precache:  92%|█████████▏| 1836/2000 [12:13<00:55,  2.96it/s, cached=1835, failed=0, skipped=1]
precache:  92%|█████████▏| 1837/2000 [12:14<01:13,  2.21it/s, cached=1835, failed=0, skipped=1]
precache:  92%|█████████▏| 1837/2000 [12:14<01:13,  2.21it/s, cached=1836, failed=0, skipped=1]
precache:  92%|█████████▏| 1838/2000 [12:14<01:13,  2.21it/s, cached=1837, failed=0, skipped=1]
precache:  92%|█████████▏| 1839/2000 [12:14<00:48,  3.35it/s, cached=1837, failed=0, skipped=1]
precache:  92%|█████████▏| 1839/2000 [12:14<00:48,  3.35it/s, cached=1838, failed=0, skipped=1]
precache:  92%|█████████▏| 1840/2000 [12:14<00:45,  3.53it/s, cached=1838, failed=0, skipped=1]
precache:  92%|█████████▏| 1840/2000 [12:14<00:45,  3.53it/s, cached=1839, failed=0, skipped=1]
precache:  92%|█████████▏| 1841/2000 [12:14<00:45,  3.53it/s, cached=1840, failed=0, skipped=1]
precache:  92%|█████████▏| 1842/2000 [12:15<00:45,  3.47it/s, cached=1840, failed=0, skipped=1]
precache:  92%|█████████▏| 1842/2000 [12:15<00:45,  3.47it/s, cached=1841, failed=0, skipped=1]
precache:  92%|█████████▏| 1843/2000 [12:16<01:02,  2.49it/s, cached=1841, failed=0, skipped=1]
precache:  92%|█████████▏| 1843/2000 [12:16<01:02,  2.49it/s, cached=1842, failed=0, skipped=1]
precache:  92%|█████████▏| 1844/2000 [12:16<00:56,  2.77it/s, cached=1842, failed=0, skipped=1]
precache:  92%|█████████▏| 1844/2000 [12:16<00:56,  2.77it/s, cached=1843, failed=0, skipped=1]
precache:  92%|█████████▏| 1845/2000 [12:16<00:52,  2.98it/s, cached=1843, failed=0, skipped=1]
precache:  92%|█████████▏| 1845/2000 [12:16<00:52,  2.98it/s, cached=1844, failed=0, skipped=1]
precache:  92%|█████████▏| 1846/2000 [12:16<00:51,  2.98it/s, cached=1845, failed=0, skipped=1]
precache:  92%|█████████▏| 1847/2000 [12:16<00:39,  3.88it/s, cached=1845, failed=0, skipped=1]
precache:  92%|█████████▏| 1847/2000 [12:16<00:39,  3.88it/s, cached=1846, failed=0, skipped=1]
precache:  92%|█████████▏| 1848/2000 [12:17<00:45,  3.34it/s, cached=1846, failed=0, skipped=1]
precache:  92%|█████████▏| 1848/2000 [12:17<00:45,  3.34it/s, cached=1847, failed=0, skipped=1]
precache:  92%|█████████▏| 1849/2000 [12:18<01:03,  2.39it/s, cached=1847, failed=0, skipped=1]
precache:  92%|█████████▏| 1849/2000 [12:18<01:03,  2.39it/s, cached=1848, failed=0, skipped=1]
precache:  92%|█████████▎| 1850/2000 [12:18<00:50,  2.96it/s, cached=1848, failed=0, skipped=1]
precache:  92%|█████████▎| 1850/2000 [12:18<00:50,  2.96it/s, cached=1849, failed=0, skipped=1]
precache:  93%|█████████▎| 1851/2000 [12:18<00:41,  3.56it/s, cached=1849, failed=0, skipped=1]
precache:  93%|█████████▎| 1851/2000 [12:18<00:41,  3.56it/s, cached=1850, failed=0, skipped=1]
precache:  93%|█████████▎| 1852/2000 [12:18<00:37,  4.00it/s, cached=1850, failed=0, skipped=1]
precache:  93%|█████████▎| 1852/2000 [12:18<00:37,  4.00it/s, cached=1851, failed=0, skipped=1]
precache:  93%|█████████▎| 1853/2000 [12:18<00:34,  4.24it/s, cached=1851, failed=0, skipped=1]
precache:  93%|█████████▎| 1853/2000 [12:18<00:34,  4.24it/s, cached=1852, failed=0, skipped=1]
precache:  93%|█████████▎| 1854/2000 [12:20<01:29,  1.64it/s, cached=1852, failed=0, skipped=1]
precache:  93%|█████████▎| 1854/2000 [12:20<01:29,  1.64it/s, cached=1853, failed=0, skipped=1]
precache:  93%|█████████▎| 1855/2000 [12:20<01:28,  1.64it/s, cached=1854, failed=0, skipped=1]
precache:  93%|█████████▎| 1856/2000 [12:20<01:01,  2.33it/s, cached=1854, failed=0, skipped=1]
precache:  93%|█████████▎| 1856/2000 [12:20<01:01,  2.33it/s, cached=1855, failed=0, skipped=1]
precache:  93%|█████████▎| 1857/2000 [12:20<01:01,  2.33it/s, cached=1856, failed=0, skipped=1]
precache:  93%|█████████▎| 1858/2000 [12:20<00:40,  3.55it/s, cached=1856, failed=0, skipped=1]
precache:  93%|█████████▎| 1858/2000 [12:20<00:40,  3.55it/s, cached=1857, failed=0, skipped=1]
precache:  93%|█████████▎| 1859/2000 [12:21<01:00,  2.34it/s, cached=1857, failed=0, skipped=1]
precache:  93%|█████████▎| 1859/2000 [12:21<01:00,  2.34it/s, cached=1858, failed=0, skipped=1]
precache:  93%|█████████▎| 1860/2000 [12:22<01:01,  2.29it/s, cached=1858, failed=0, skipped=1]
precache:  93%|█████████▎| 1860/2000 [12:22<01:01,  2.29it/s, cached=1859, failed=0, skipped=1]
precache:  93%|█████████▎| 1861/2000 [12:22<01:05,  2.13it/s, cached=1859, failed=0, skipped=1]
precache:  93%|█████████▎| 1861/2000 [12:22<01:05,  2.13it/s, cached=1860, failed=0, skipped=1]
precache:  93%|█████████▎| 1862/2000 [12:22<01:04,  2.13it/s, cached=1861, failed=0, skipped=1]
precache:  93%|█████████▎| 1863/2000 [12:22<00:40,  3.34it/s, cached=1861, failed=0, skipped=1]
precache:  93%|█████████▎| 1863/2000 [12:22<00:40,  3.34it/s, cached=1862, failed=0, skipped=1]
precache:  93%|█████████▎| 1864/2000 [12:23<00:40,  3.34it/s, cached=1863, failed=0, skipped=1]
precache:  93%|█████████▎| 1865/2000 [12:24<00:57,  2.35it/s, cached=1863, failed=0, skipped=1]
precache:  93%|█████████▎| 1865/2000 [12:24<00:57,  2.35it/s, cached=1864, failed=0, skipped=1]
precache:  93%|█████████▎| 1866/2000 [12:24<00:50,  2.66it/s, cached=1864, failed=0, skipped=1]
precache:  93%|█████████▎| 1866/2000 [12:24<00:50,  2.66it/s, cached=1865, failed=0, skipped=1]
precache:  93%|█████████▎| 1867/2000 [12:25<00:57,  2.31it/s, cached=1865, failed=0, skipped=1]
precache:  93%|█████████▎| 1867/2000 [12:25<00:57,  2.31it/s, cached=1866, failed=0, skipped=1]
precache:  93%|█████████▎| 1868/2000 [12:25<00:57,  2.31it/s, cached=1867, failed=0, skipped=1]
precache:  93%|█████████▎| 1869/2000 [12:25<00:56,  2.31it/s, cached=1868, failed=0, skipped=1]
precache:  94%|█████████▎| 1870/2000 [12:25<00:30,  4.27it/s, cached=1868, failed=0, skipped=1]
precache:  94%|█████████▎| 1870/2000 [12:25<00:30,  4.27it/s, cached=1869, failed=0, skipped=1]
precache:  94%|█████████▎| 1871/2000 [12:26<00:30,  4.27it/s, cached=1870, failed=0, skipped=1]
precache:  94%|█████████▎| 1872/2000 [12:26<00:49,  2.57it/s, cached=1870, failed=0, skipped=1]
precache:  94%|█████████▎| 1872/2000 [12:26<00:49,  2.57it/s, cached=1871, failed=0, skipped=1]
precache:  94%|█████████▎| 1873/2000 [12:27<00:53,  2.40it/s, cached=1871, failed=0, skipped=1]
precache:  94%|█████████▎| 1873/2000 [12:27<00:53,  2.40it/s, cached=1872, failed=0, skipped=1]
precache:  94%|█████████▎| 1874/2000 [12:27<00:52,  2.40it/s, cached=1873, failed=0, skipped=1]
precache:  94%|█████████▍| 1875/2000 [12:27<00:37,  3.33it/s, cached=1873, failed=0, skipped=1]
precache:  94%|█████████▍| 1875/2000 [12:27<00:37,  3.33it/s, cached=1874, failed=0, skipped=1]
precache:  94%|█████████▍| 1876/2000 [12:27<00:34,  3.61it/s, cached=1874, failed=0, skipped=1]
precache:  94%|█████████▍| 1876/2000 [12:27<00:34,  3.61it/s, cached=1875, failed=0, skipped=1]
precache:  94%|█████████▍| 1877/2000 [12:28<00:51,  2.41it/s, cached=1875, failed=0, skipped=1]
precache:  94%|█████████▍| 1877/2000 [12:28<00:51,  2.41it/s, cached=1876, failed=0, skipped=1]
precache:  94%|█████████▍| 1878/2000 [12:28<00:56,  2.17it/s, cached=1876, failed=0, skipped=1]
precache:  94%|█████████▍| 1878/2000 [12:28<00:56,  2.17it/s, cached=1877, failed=0, skipped=1]
precache:  94%|█████████▍| 1879/2000 [12:29<00:55,  2.17it/s, cached=1878, failed=0, skipped=1]
precache:  94%|█████████▍| 1880/2000 [12:29<00:35,  3.39it/s, cached=1878, failed=0, skipped=1]
precache:  94%|█████████▍| 1880/2000 [12:29<00:35,  3.39it/s, cached=1879, failed=0, skipped=1]
precache:  94%|█████████▍| 1881/2000 [12:29<00:35,  3.39it/s, cached=1880, failed=0, skipped=1]
precache:  94%|█████████▍| 1882/2000 [12:29<00:35,  3.29it/s, cached=1880, failed=0, skipped=1]
precache:  94%|█████████▍| 1882/2000 [12:29<00:35,  3.29it/s, cached=1881, failed=0, skipped=1]
precache:  94%|█████████▍| 1883/2000 [12:30<00:45,  2.56it/s, cached=1881, failed=0, skipped=1]
precache:  94%|█████████▍| 1883/2000 [12:30<00:45,  2.56it/s, cached=1882, failed=0, skipped=1]
precache:  94%|█████████▍| 1884/2000 [12:30<00:47,  2.45it/s, cached=1882, failed=0, skipped=1]
precache:  94%|█████████▍| 1884/2000 [12:30<00:47,  2.45it/s, cached=1883, failed=0, skipped=1]
precache:  94%|█████████▍| 1885/2000 [12:30<00:46,  2.45it/s, cached=1884, failed=0, skipped=1]
precache:  94%|█████████▍| 1886/2000 [12:31<00:30,  3.69it/s, cached=1884, failed=0, skipped=1]
precache:  94%|█████████▍| 1886/2000 [12:31<00:30,  3.69it/s, cached=1885, failed=0, skipped=1]
precache:  94%|█████████▍| 1887/2000 [12:31<00:30,  3.69it/s, cached=1886, failed=0, skipped=1]
precache:  94%|█████████▍| 1888/2000 [12:31<00:33,  3.30it/s, cached=1886, failed=0, skipped=1]
precache:  94%|█████████▍| 1888/2000 [12:31<00:33,  3.30it/s, cached=1887, failed=0, skipped=1]
precache:  94%|█████████▍| 1889/2000 [12:32<00:48,  2.29it/s, cached=1887, failed=0, skipped=1]
precache:  94%|█████████▍| 1889/2000 [12:32<00:48,  2.29it/s, cached=1888, failed=0, skipped=1]
precache:  94%|█████████▍| 1890/2000 [12:33<00:48,  2.27it/s, cached=1888, failed=0, skipped=1]
precache:  94%|█████████▍| 1890/2000 [12:33<00:48,  2.27it/s, cached=1889, failed=0, skipped=1]
precache:  95%|█████████▍| 1891/2000 [12:33<00:47,  2.27it/s, cached=1890, failed=0, skipped=1]
precache:  95%|█████████▍| 1892/2000 [12:33<00:31,  3.43it/s, cached=1890, failed=0, skipped=1]
precache:  95%|█████████▍| 1892/2000 [12:33<00:31,  3.43it/s, cached=1891, failed=0, skipped=1]
precache:  95%|█████████▍| 1893/2000 [12:33<00:27,  3.91it/s, cached=1891, failed=0, skipped=1]
precache:  95%|█████████▍| 1893/2000 [12:33<00:27,  3.91it/s, cached=1892, failed=0, skipped=1]
precache:  95%|█████████▍| 1894/2000 [12:34<00:38,  2.76it/s, cached=1892, failed=0, skipped=1]
precache:  95%|█████████▍| 1894/2000 [12:34<00:38,  2.76it/s, cached=1893, failed=0, skipped=1]
precache:  95%|█████████▍| 1895/2000 [12:34<00:50,  2.08it/s, cached=1893, failed=0, skipped=1]
precache:  95%|█████████▍| 1895/2000 [12:34<00:50,  2.08it/s, cached=1894, failed=0, skipped=1]
precache:  95%|█████████▍| 1896/2000 [12:35<00:54,  1.90it/s, cached=1894, failed=0, skipped=1]
precache:  95%|█████████▍| 1896/2000 [12:35<00:54,  1.90it/s, cached=1895, failed=0, skipped=1]
precache:  95%|█████████▍| 1897/2000 [12:35<00:42,  2.40it/s, cached=1895, failed=0, skipped=1]
precache:  95%|█████████▍| 1897/2000 [12:35<00:42,  2.40it/s, cached=1896, failed=0, skipped=1]
precache:  95%|█████████▍| 1898/2000 [12:35<00:42,  2.40it/s, cached=1897, failed=0, skipped=1]
precache:  95%|█████████▍| 1899/2000 [12:36<00:36,  2.78it/s, cached=1897, failed=0, skipped=1]
precache:  95%|█████████▍| 1899/2000 [12:36<00:36,  2.78it/s, cached=1898, failed=0, skipped=1]
precache:  95%|█████████▌| 1900/2000 [12:37<00:44,  2.27it/s, cached=1898, failed=0, skipped=1]
precache:  95%|█████████▌| 1900/2000 [12:37<00:44,  2.27it/s, cached=1899, failed=0, skipped=1]
precache:  95%|█████████▌| 1901/2000 [12:37<00:40,  2.42it/s, cached=1899, failed=0, skipped=1]
precache:  95%|█████████▌| 1901/2000 [12:37<00:40,  2.42it/s, cached=1900, failed=0, skipped=1]
precache:  95%|█████████▌| 1902/2000 [12:37<00:44,  2.22it/s, cached=1900, failed=0, skipped=1]
precache:  95%|█████████▌| 1902/2000 [12:37<00:44,  2.22it/s, cached=1901, failed=0, skipped=1]
precache:  95%|█████████▌| 1903/2000 [12:38<00:40,  2.42it/s, cached=1901, failed=0, skipped=1]
precache:  95%|█████████▌| 1903/2000 [12:38<00:40,  2.42it/s, cached=1902, failed=0, skipped=1]
precache:  95%|█████████▌| 1904/2000 [12:38<00:43,  2.20it/s, cached=1902, failed=0, skipped=1]
precache:  95%|█████████▌| 1904/2000 [12:38<00:43,  2.20it/s, cached=1903, failed=0, skipped=1]
precache:  95%|█████████▌| 1905/2000 [12:39<00:40,  2.36it/s, cached=1903, failed=0, skipped=1]
precache:  95%|█████████▌| 1905/2000 [12:39<00:40,  2.36it/s, cached=1904, failed=0, skipped=1]
precache:  95%|█████████▌| 1906/2000 [12:39<00:31,  3.02it/s, cached=1904, failed=0, skipped=1]
precache:  95%|█████████▌| 1906/2000 [12:39<00:31,  3.02it/s, cached=1905, failed=0, skipped=1]
precache:  95%|█████████▌| 1907/2000 [12:39<00:25,  3.70it/s, cached=1905, failed=0, skipped=1]
precache:  95%|█████████▌| 1907/2000 [12:39<00:25,  3.70it/s, cached=1906, failed=0, skipped=1]
precache:  95%|█████████▌| 1908/2000 [12:40<00:38,  2.39it/s, cached=1906, failed=0, skipped=1]
precache:  95%|█████████▌| 1908/2000 [12:40<00:38,  2.39it/s, cached=1907, failed=0, skipped=1]
precache:  95%|█████████▌| 1909/2000 [12:40<00:46,  1.98it/s, cached=1907, failed=0, skipped=1]
precache:  95%|█████████▌| 1909/2000 [12:40<00:46,  1.98it/s, cached=1908, failed=0, skipped=1]
precache:  96%|█████████▌| 1910/2000 [12:40<00:34,  2.59it/s, cached=1908, failed=0, skipped=1]
precache:  96%|█████████▌| 1910/2000 [12:40<00:34,  2.59it/s, cached=1909, failed=0, skipped=1]
precache:  96%|█████████▌| 1911/2000 [12:40<00:34,  2.59it/s, cached=1910, failed=0, skipped=1]
precache:  96%|█████████▌| 1912/2000 [12:41<00:25,  3.40it/s, cached=1910, failed=0, skipped=1]
precache:  96%|█████████▌| 1912/2000 [12:41<00:25,  3.40it/s, cached=1911, failed=0, skipped=1]
precache:  96%|█████████▌| 1913/2000 [12:41<00:23,  3.74it/s, cached=1911, failed=0, skipped=1]
precache:  96%|█████████▌| 1913/2000 [12:41<00:23,  3.74it/s, cached=1912, failed=0, skipped=1]
precache:  96%|█████████▌| 1914/2000 [12:42<00:43,  1.98it/s, cached=1912, failed=0, skipped=1]
precache:  96%|█████████▌| 1914/2000 [12:42<00:43,  1.98it/s, cached=1913, failed=0, skipped=1]
precache:  96%|█████████▌| 1915/2000 [12:42<00:35,  2.41it/s, cached=1913, failed=0, skipped=1]
precache:  96%|█████████▌| 1915/2000 [12:42<00:35,  2.41it/s, cached=1914, failed=0, skipped=1]
precache:  96%|█████████▌| 1916/2000 [12:43<00:29,  2.81it/s, cached=1914, failed=0, skipped=1]
precache:  96%|█████████▌| 1916/2000 [12:43<00:29,  2.81it/s, cached=1915, failed=0, skipped=1]
precache:  96%|█████████▌| 1917/2000 [12:43<00:27,  3.05it/s, cached=1915, failed=0, skipped=1]
precache:  96%|█████████▌| 1917/2000 [12:43<00:27,  3.05it/s, cached=1916, failed=0, skipped=1]
precache:  96%|█████████▌| 1918/2000 [12:43<00:35,  2.34it/s, cached=1916, failed=0, skipped=1]
precache:  96%|█████████▌| 1918/2000 [12:43<00:35,  2.34it/s, cached=1917, failed=0, skipped=1]
precache:  96%|█████████▌| 1919/2000 [12:44<00:29,  2.70it/s, cached=1917, failed=0, skipped=1]
precache:  96%|█████████▌| 1919/2000 [12:44<00:29,  2.70it/s, cached=1918, failed=0, skipped=1]
precache:  96%|█████████▌| 1920/2000 [12:45<00:40,  1.98it/s, cached=1918, failed=0, skipped=1]
precache:  96%|█████████▌| 1920/2000 [12:45<00:40,  1.98it/s, cached=1919, failed=0, skipped=1]
precache:  96%|█████████▌| 1921/2000 [12:45<00:39,  1.98it/s, cached=1920, failed=0, skipped=1]
precache:  96%|█████████▌| 1922/2000 [12:45<00:24,  3.18it/s, cached=1920, failed=0, skipped=1]
precache:  96%|█████████▌| 1922/2000 [12:45<00:24,  3.18it/s, cached=1921, failed=0, skipped=1]
precache:  96%|█████████▌| 1923/2000 [12:45<00:24,  3.18it/s, cached=1922, failed=0, skipped=1]
precache:  96%|█████████▌| 1924/2000 [12:45<00:26,  2.92it/s, cached=1922, failed=0, skipped=1]
precache:  96%|█████████▌| 1924/2000 [12:45<00:26,  2.92it/s, cached=1923, failed=0, skipped=1]
precache:  96%|█████████▋| 1925/2000 [12:46<00:24,  3.11it/s, cached=1923, failed=0, skipped=1]
precache:  96%|█████████▋| 1925/2000 [12:46<00:24,  3.11it/s, cached=1924, failed=0, skipped=1]
precache:  96%|█████████▋| 1926/2000 [12:46<00:30,  2.44it/s, cached=1924, failed=0, skipped=1]
precache:  96%|█████████▋| 1926/2000 [12:46<00:30,  2.44it/s, cached=1925, failed=0, skipped=1]
precache:  96%|█████████▋| 1927/2000 [12:47<00:27,  2.70it/s, cached=1925, failed=0, skipped=1]
precache:  96%|█████████▋| 1927/2000 [12:47<00:27,  2.70it/s, cached=1926, failed=0, skipped=1]
precache:  96%|█████████▋| 1928/2000 [12:47<00:26,  2.70it/s, cached=1927, failed=0, skipped=1]
precache:  96%|█████████▋| 1929/2000 [12:47<00:19,  3.62it/s, cached=1927, failed=0, skipped=1]
precache:  96%|█████████▋| 1929/2000 [12:47<00:19,  3.62it/s, cached=1928, failed=0, skipped=1]
precache:  96%|█████████▋| 1930/2000 [12:47<00:19,  3.56it/s, cached=1928, failed=0, skipped=1]
precache:  96%|█████████▋| 1930/2000 [12:47<00:19,  3.56it/s, cached=1929, failed=0, skipped=1]
precache:  97%|█████████▋| 1931/2000 [12:48<00:26,  2.63it/s, cached=1929, failed=0, skipped=1]
precache:  97%|█████████▋| 1931/2000 [12:48<00:26,  2.63it/s, cached=1930, failed=0, skipped=1]
precache:  97%|█████████▋| 1932/2000 [12:48<00:22,  3.04it/s, cached=1930, failed=0, skipped=1]
precache:  97%|█████████▋| 1932/2000 [12:48<00:22,  3.04it/s, cached=1931, failed=0, skipped=1]
precache:  97%|█████████▋| 1933/2000 [12:49<00:27,  2.47it/s, cached=1931, failed=0, skipped=1]
precache:  97%|█████████▋| 1933/2000 [12:49<00:27,  2.47it/s, cached=1932, failed=0, skipped=1]
precache:  97%|█████████▋| 1934/2000 [12:49<00:26,  2.47it/s, cached=1933, failed=0, skipped=1]
precache:  97%|█████████▋| 1935/2000 [12:49<00:23,  2.76it/s, cached=1933, failed=0, skipped=1]
precache:  97%|█████████▋| 1935/2000 [12:49<00:23,  2.76it/s, cached=1934, failed=0, skipped=1]
precache:  97%|█████████▋| 1936/2000 [12:49<00:19,  3.28it/s, cached=1934, failed=0, skipped=1]
precache:  97%|█████████▋| 1936/2000 [12:49<00:19,  3.28it/s, cached=1935, failed=0, skipped=1]
precache:  97%|█████████▋| 1937/2000 [12:50<00:25,  2.47it/s, cached=1935, failed=0, skipped=1]
precache:  97%|█████████▋| 1937/2000 [12:50<00:25,  2.47it/s, cached=1936, failed=0, skipped=1]
precache:  97%|█████████▋| 1938/2000 [12:50<00:25,  2.47it/s, cached=1937, failed=0, skipped=1]
precache:  97%|█████████▋| 1939/2000 [12:51<00:22,  2.74it/s, cached=1937, failed=0, skipped=1]
precache:  97%|█████████▋| 1939/2000 [12:51<00:22,  2.74it/s, cached=1938, failed=0, skipped=1]
precache:  97%|█████████▋| 1940/2000 [12:51<00:19,  3.09it/s, cached=1938, failed=0, skipped=1]
precache:  97%|█████████▋| 1940/2000 [12:51<00:19,  3.09it/s, cached=1939, failed=0, skipped=1]
precache:  97%|█████████▋| 1941/2000 [12:51<00:16,  3.66it/s, cached=1939, failed=0, skipped=1]
precache:  97%|█████████▋| 1941/2000 [12:51<00:16,  3.66it/s, cached=1940, failed=0, skipped=1]
precache:  97%|█████████▋| 1942/2000 [12:51<00:16,  3.54it/s, cached=1940, failed=0, skipped=1]
precache:  97%|█████████▋| 1942/2000 [12:51<00:16,  3.54it/s, cached=1941, failed=0, skipped=1]
precache:  97%|█████████▋| 1943/2000 [12:52<00:18,  3.07it/s, cached=1941, failed=0, skipped=1]
precache:  97%|█████████▋| 1943/2000 [12:52<00:18,  3.07it/s, cached=1942, failed=0, skipped=1]
precache:  97%|█████████▋| 1944/2000 [12:52<00:18,  3.07it/s, cached=1943, failed=0, skipped=1]
precache:  97%|█████████▋| 1945/2000 [12:53<00:19,  2.79it/s, cached=1943, failed=0, skipped=1]
precache:  97%|█████████▋| 1945/2000 [12:53<00:19,  2.79it/s, cached=1944, failed=0, skipped=1]
precache:  97%|█████████▋| 1946/2000 [12:53<00:19,  2.79it/s, cached=1945, failed=0, skipped=1]
precache:  97%|█████████▋| 1947/2000 [12:53<00:14,  3.74it/s, cached=1945, failed=0, skipped=1]
precache:  97%|█████████▋| 1947/2000 [12:53<00:14,  3.74it/s, cached=1946, failed=0, skipped=1]
precache:  97%|█████████▋| 1948/2000 [12:54<00:19,  2.61it/s, cached=1946, failed=0, skipped=1]
precache:  97%|█████████▋| 1948/2000 [12:54<00:19,  2.61it/s, cached=1947, failed=0, skipped=1]
precache:  97%|█████████▋| 1949/2000 [12:54<00:22,  2.30it/s, cached=1947, failed=0, skipped=1]
precache:  97%|█████████▋| 1949/2000 [12:54<00:22,  2.30it/s, cached=1948, failed=0, skipped=1]
precache:  98%|█████████▊| 1950/2000 [12:54<00:21,  2.30it/s, cached=1949, failed=0, skipped=1]
precache:  98%|█████████▊| 1951/2000 [12:55<00:16,  2.89it/s, cached=1949, failed=0, skipped=1]
precache:  98%|█████████▊| 1951/2000 [12:55<00:16,  2.89it/s, cached=1950, failed=0, skipped=1]
precache:  98%|█████████▊| 1952/2000 [12:55<00:14,  3.40it/s, cached=1950, failed=0, skipped=1]
precache:  98%|█████████▊| 1952/2000 [12:55<00:14,  3.40it/s, cached=1951, failed=0, skipped=1]
precache:  98%|█████████▊| 1953/2000 [12:55<00:13,  3.40it/s, cached=1952, failed=0, skipped=1]
precache:  98%|█████████▊| 1954/2000 [12:56<00:20,  2.30it/s, cached=1952, failed=0, skipped=1]
precache:  98%|█████████▊| 1954/2000 [12:56<00:20,  2.30it/s, cached=1953, failed=0, skipped=1]
precache:  98%|█████████▊| 1955/2000 [12:56<00:16,  2.65it/s, cached=1953, failed=0, skipped=1]
precache:  98%|█████████▊| 1955/2000 [12:56<00:16,  2.65it/s, cached=1954, failed=0, skipped=1]
precache:  98%|█████████▊| 1956/2000 [12:56<00:13,  3.18it/s, cached=1954, failed=0, skipped=1]
precache:  98%|█████████▊| 1956/2000 [12:56<00:13,  3.18it/s, cached=1955, failed=0, skipped=1]
precache:  98%|█████████▊| 1957/2000 [12:57<00:19,  2.17it/s, cached=1955, failed=0, skipped=1]
precache:  98%|█████████▊| 1957/2000 [12:57<00:19,  2.17it/s, cached=1956, failed=0, skipped=1]
precache:  98%|█████████▊| 1958/2000 [12:57<00:15,  2.66it/s, cached=1956, failed=0, skipped=1]
precache:  98%|█████████▊| 1958/2000 [12:57<00:15,  2.66it/s, cached=1957, failed=0, skipped=1]
precache:  98%|█████████▊| 1959/2000 [12:58<00:12,  3.27it/s, cached=1957, failed=0, skipped=1]
precache:  98%|█████████▊| 1959/2000 [12:58<00:12,  3.27it/s, cached=1958, failed=0, skipped=1]
precache:  98%|█████████▊| 1960/2000 [12:58<00:17,  2.33it/s, cached=1958, failed=0, skipped=1]
precache:  98%|█████████▊| 1960/2000 [12:58<00:17,  2.33it/s, cached=1959, failed=0, skipped=1]
precache:  98%|█████████▊| 1961/2000 [12:59<00:14,  2.74it/s, cached=1959, failed=0, skipped=1]
precache:  98%|█████████▊| 1961/2000 [12:59<00:14,  2.74it/s, cached=1960, failed=0, skipped=1]
precache:  98%|█████████▊| 1962/2000 [12:59<00:12,  2.98it/s, cached=1960, failed=0, skipped=1]
precache:  98%|█████████▊| 1962/2000 [12:59<00:12,  2.98it/s, cached=1961, failed=0, skipped=1]
precache:  98%|█████████▊| 1963/2000 [12:59<00:13,  2.79it/s, cached=1961, failed=0, skipped=1]
precache:  98%|█████████▊| 1963/2000 [12:59<00:13,  2.79it/s, cached=1962, failed=0, skipped=1]
precache:  98%|█████████▊| 1964/2000 [12:59<00:11,  3.27it/s, cached=1962, failed=0, skipped=1]
precache:  98%|█████████▊| 1964/2000 [12:59<00:11,  3.27it/s, cached=1963, failed=0, skipped=1]
precache:  98%|█████████▊| 1965/2000 [13:00<00:10,  3.37it/s, cached=1963, failed=0, skipped=1]
precache:  98%|█████████▊| 1965/2000 [13:00<00:10,  3.37it/s, cached=1964, failed=0, skipped=1]
precache:  98%|█████████▊| 1966/2000 [13:00<00:14,  2.36it/s, cached=1964, failed=0, skipped=1]
precache:  98%|█████████▊| 1966/2000 [13:00<00:14,  2.36it/s, cached=1965, failed=0, skipped=1]
precache:  98%|█████████▊| 1967/2000 [13:01<00:11,  2.81it/s, cached=1965, failed=0, skipped=1]
precache:  98%|█████████▊| 1967/2000 [13:01<00:11,  2.81it/s, cached=1966, failed=0, skipped=1]
precache:  98%|█████████▊| 1968/2000 [13:01<00:11,  2.77it/s, cached=1966, failed=0, skipped=1]
precache:  98%|█████████▊| 1968/2000 [13:01<00:11,  2.77it/s, cached=1967, failed=0, skipped=1]
precache:  98%|█████████▊| 1969/2000 [13:01<00:09,  3.22it/s, cached=1967, failed=0, skipped=1]
precache:  98%|█████████▊| 1969/2000 [13:01<00:09,  3.22it/s, cached=1968, failed=0, skipped=1]
precache:  98%|█████████▊| 1970/2000 [13:01<00:08,  3.71it/s, cached=1968, failed=0, skipped=1]
precache:  98%|█████████▊| 1970/2000 [13:01<00:08,  3.71it/s, cached=1969, failed=0, skipped=1]
precache:  99%|█████████▊| 1971/2000 [13:02<00:09,  3.10it/s, cached=1969, failed=0, skipped=1]
precache:  99%|█████████▊| 1971/2000 [13:02<00:09,  3.10it/s, cached=1970, failed=0, skipped=1]
precache:  99%|█████████▊| 1972/2000 [13:02<00:10,  2.76it/s, cached=1970, failed=0, skipped=1]
precache:  99%|█████████▊| 1972/2000 [13:02<00:10,  2.76it/s, cached=1971, failed=0, skipped=1]
precache:  99%|█████████▊| 1973/2000 [13:03<00:12,  2.09it/s, cached=1971, failed=0, skipped=1]
precache:  99%|█████████▊| 1973/2000 [13:03<00:12,  2.09it/s, cached=1972, failed=0, skipped=1]
precache:  99%|█████████▊| 1974/2000 [13:03<00:12,  2.09it/s, cached=1973, failed=0, skipped=1]
precache:  99%|█████████▉| 1975/2000 [13:03<00:07,  3.15it/s, cached=1973, failed=0, skipped=1]
precache:  99%|█████████▉| 1975/2000 [13:03<00:07,  3.15it/s, cached=1974, failed=0, skipped=1]
precache:  99%|█████████▉| 1976/2000 [13:03<00:07,  3.39it/s, cached=1974, failed=0, skipped=1]
precache:  99%|█████████▉| 1976/2000 [13:03<00:07,  3.39it/s, cached=1975, failed=0, skipped=1]
precache:  99%|█████████▉| 1977/2000 [13:04<00:05,  4.00it/s, cached=1975, failed=0, skipped=1]
precache:  99%|█████████▉| 1977/2000 [13:04<00:05,  4.00it/s, cached=1976, failed=0, skipped=1]
precache:  99%|█████████▉| 1978/2000 [13:04<00:07,  2.96it/s, cached=1976, failed=0, skipped=1]
precache:  99%|█████████▉| 1978/2000 [13:04<00:07,  2.96it/s, cached=1977, failed=0, skipped=1]
precache:  99%|█████████▉| 1979/2000 [13:05<00:09,  2.28it/s, cached=1977, failed=0, skipped=1]
precache:  99%|█████████▉| 1979/2000 [13:05<00:09,  2.28it/s, cached=1978, failed=0, skipped=1]
precache:  99%|█████████▉| 1980/2000 [13:06<00:09,  2.04it/s, cached=1978, failed=0, skipped=1]
precache:  99%|█████████▉| 1980/2000 [13:06<00:09,  2.04it/s, cached=1979, failed=0, skipped=1]
precache:  99%|█████████▉| 1981/2000 [13:06<00:09,  2.04it/s, cached=1980, failed=0, skipped=1]
precache:  99%|█████████▉| 1982/2000 [13:06<00:05,  3.04it/s, cached=1980, failed=0, skipped=1]
precache:  99%|█████████▉| 1982/2000 [13:06<00:05,  3.04it/s, cached=1981, failed=0, skipped=1]
precache:  99%|█████████▉| 1983/2000 [13:06<00:05,  3.04it/s, cached=1982, failed=0, skipped=1]
precache:  99%|█████████▉| 1984/2000 [13:06<00:04,  3.94it/s, cached=1982, failed=0, skipped=1]
precache:  99%|█████████▉| 1984/2000 [13:06<00:04,  3.94it/s, cached=1983, failed=0, skipped=1]
precache:  99%|█████████▉| 1985/2000 [13:07<00:05,  2.73it/s, cached=1983, failed=0, skipped=1]
precache:  99%|█████████▉| 1985/2000 [13:07<00:05,  2.73it/s, cached=1984, failed=0, skipped=1]
precache:  99%|█████████▉| 1986/2000 [13:07<00:05,  2.40it/s, cached=1984, failed=0, skipped=1]
precache:  99%|█████████▉| 1986/2000 [13:07<00:05,  2.40it/s, cached=1985, failed=0, skipped=1]
precache:  99%|█████████▉| 1987/2000 [13:07<00:05,  2.40it/s, cached=1986, failed=0, skipped=1]
precache:  99%|█████████▉| 1988/2000 [13:08<00:03,  3.64it/s, cached=1986, failed=0, skipped=1]
precache:  99%|█████████▉| 1988/2000 [13:08<00:03,  3.64it/s, cached=1987, failed=0, skipped=1]
precache:  99%|█████████▉| 1989/2000 [13:08<00:02,  4.07it/s, cached=1987, failed=0, skipped=1]
precache:  99%|█████████▉| 1989/2000 [13:08<00:02,  4.07it/s, cached=1988, failed=0, skipped=1]
precache: 100%|█████████▉| 1990/2000 [13:08<00:02,  3.88it/s, cached=1988, failed=0, skipped=1]
precache: 100%|█████████▉| 1990/2000 [13:08<00:02,  3.88it/s, cached=1989, failed=0, skipped=1]
precache: 100%|█████████▉| 1991/2000 [13:09<00:04,  1.87it/s, cached=1989, failed=0, skipped=1]
precache: 100%|█████████▉| 1991/2000 [13:09<00:04,  1.87it/s, cached=1990, failed=0, skipped=1]
precache: 100%|█████████▉| 1992/2000 [13:09<00:03,  2.26it/s, cached=1990, failed=0, skipped=1]
precache: 100%|█████████▉| 1992/2000 [13:09<00:03,  2.26it/s, cached=1991, failed=0, skipped=1]
precache: 100%|█████████▉| 1993/2000 [13:09<00:03,  2.26it/s, cached=1992, failed=0, skipped=1]
precache: 100%|█████████▉| 1994/2000 [13:10<00:01,  3.10it/s, cached=1992, failed=0, skipped=1]
precache: 100%|█████████▉| 1994/2000 [13:10<00:01,  3.10it/s, cached=1993, failed=0, skipped=1]
precache: 100%|█████████▉| 1995/2000 [13:10<00:01,  2.87it/s, cached=1993, failed=0, skipped=1]
precache: 100%|█████████▉| 1995/2000 [13:10<00:01,  2.87it/s, cached=1994, failed=0, skipped=1]
precache: 100%|█████████▉| 1996/2000 [13:11<00:01,  2.88it/s, cached=1994, failed=0, skipped=1]
precache: 100%|█████████▉| 1996/2000 [13:11<00:01,  2.88it/s, cached=1995, failed=0, skipped=1]
precache: 100%|█████████▉| 1997/2000 [13:11<00:01,  2.29it/s, cached=1995, failed=0, skipped=1]
precache: 100%|█████████▉| 1997/2000 [13:11<00:01,  2.29it/s, cached=1996, failed=0, skipped=1]
precache: 100%|█████████▉| 1998/2000 [13:11<00:00,  2.29it/s, cached=1997, failed=0, skipped=1]
precache: 100%|█████████▉| 1999/2000 [13:11<00:00,  3.42it/s, cached=1997, failed=0, skipped=1]
precache: 100%|█████████▉| 1999/2000 [13:11<00:00,  3.42it/s, cached=1998, failed=0, skipped=1]
precache: 100%|██████████| 2000/2000 [13:12<00:00,  3.05it/s, cached=1998, failed=0, skipped=1]
precache: 100%|██████████| 2000/2000 [13:12<00:00,  3.05it/s, cached=1999, failed=0, skipped=1]

Done. cached=1999 skipped(already)=1 failed=0
precache: 100%|██████████| 2000/2000 [13:23<00:00,  2.49it/s, cached=1999, failed=0, skipped=1]
