clip_id,video_path,label,manipulation_type,method,source,target1,target2,race,gender,split
D__id01691__00045_id01691_wavtolip,raw\FakeAVCeleb_v1.2\FakeVideo-FakeAudio\African\men\id01691\00045_id01691_wavtolip.mp4,1,FakeVideo-FakeAudio,wav2lip,id01691,id01691,-,African,men,train
D__id04221__00053_id01035_6EWG3Ywu3jg_id04073_wavtolip,raw\FakeAVCeleb_v1.2\FakeVideo-FakeAudio\Caucasian (American)\men\id04221\00053_id01035_6EWG3Ywu3jg_id04073_wavtolip.mp4,1,FakeVideo-FakeAudio,fsgan-wav2lip,id04221,id01035,id04073,Caucasian (American),men,train
A__id00428__00017,raw\FakeAVCeleb_v1.2\RealVideo-RealAudio\Caucasian (American)\women\id00428\00017.mp4,0,RealVideo-RealAudio,real,id00428,-,-,Caucasian (American),women,train
D__id07182__00040_id07463_AAYjDglMf2Q_id07768_wavtolip,raw\FakeAVCeleb_v1.2\FakeVideo-FakeAudio\Asian (South)\men\id07182\00040_id07463_AAYjDglMf2Q_id07768_wavtolip.mp4,1,FakeVideo-FakeAudio,fsgan-wav2lip,id07182,id07463,id07768,Asian (South),men,train
A__id00946__00126,raw\FakeAVCeleb_v1.2\RealVideo-RealAudio\Caucasian (European)\men\id00946\00126.mp4,0,RealVideo-RealAudio,real,id00946,-,-,Caucasian (European),men,train
C__id00634__00078_0,raw\FakeAVCeleb_v1.2\FakeVideo-RealAudio\Caucasian (European)\women\id00634\00078_0.mp4,1,FakeVideo-RealAudio,faceswap,id00634,0.mp4,-,Caucasian (European),women,train
A__id09181__00048,raw\FakeAVCeleb_v1.2\RealVideo-RealAudio\Asian (East)\women\id09181\00048.mp4,0,RealVideo-RealAudio,real,id09181,-,-,Asian (East),women,train
C__id00021__00010_id00088_6WIDWxr8vuU_faceswap,raw\FakeAVCeleb_v1.2\FakeVideo-RealAudio\Caucasian (American)\men\id00021\00010_id00088_6WIDWxr8vuU_faceswap.mp4,1,FakeVideo-RealAudio,faceswap,id00021,id00088,-,Caucasian (American),men,train
D__id01178__00028_id05252_CMxIX3absYM_faceswap_id01838_wavtolip,raw\FakeAVCeleb_v1.2\FakeVideo-FakeAudio\African\women\id01178\00028_id05252_CMxIX3absYM_faceswap_id01838_wavtolip.mp4,1,FakeVideo-FakeAudio,faceswap-wav2lip,id01178,id05252,faceswap,African,women,train
D__id02005__00052_id00166_PQV2ZbJBLNk_id01236_wavtolip,raw\FakeAVCeleb_v1.2\FakeVideo-FakeAudio\African\men\id02005\00052_id00166_PQV2ZbJBLNk_id01236_wavtolip.mp4,1,FakeVideo-FakeAudio,fsgan-wav2lip,id02005,id00166,id01236,African,men,train
D__id01154__00118_id00919_XDUn0Pskyrk_id00305_wavtolip,raw\FakeAVCeleb_v1.2\FakeVideo-FakeAudio\Caucasian (European)\men\id01154\00118_id00919_XDUn0Pskyrk_id00305_wavtolip.mp4,1,FakeVideo-FakeAudio,fsgan-wav2lip,id01154,id00919,id00305,Caucasian (European),men,train
D__id03656__00052_id00359_wavtolip,raw\FakeAVCeleb_v1.2\FakeVideo-FakeAudio\African\women\id03656\00052_id00359_wavtolip.mp4,1,FakeVideo-FakeAudio,wav2lip,id03656,id00359,-,African,women,train
D__id00374__00311_id00491_wavtolip,raw\FakeAVCeleb_v1.2\FakeVideo-FakeAudio\Caucasian (European)\women\id00374\00311_id00491_wavtolip.mp4,1,FakeVideo-FakeAudio,wav2lip,id00374,id00491,-,Caucasian (European),women,train
D__id08299__00110_id00597_wavtolip,raw\FakeAVCeleb_v1.2\FakeVideo-FakeAudio\Asian (East)\men\id08299\00110_id00597_wavtolip.mp4,1,FakeVideo-FakeAudio,wav2lip,id08299,id00597,-,Asian (East),men,train
C__id01154__00118_id00548_wavtolip,raw\FakeAVCeleb_v1.2\FakeVideo-RealAudio\Caucasian (European)\men\id01154\00118_id00548_wavtolip.mp4,1,FakeVideo-RealAudio,wav2lip,id01154,id00548,-,Caucasian (European),men,train
D__id00591__00001_id00581_wavtolip,raw\FakeAVCeleb_v1.2\FakeVideo-FakeAudio\Caucasian (European)\women\id00591\00001_id00581_wavtolip.mp4,1,FakeVideo-FakeAudio,wav2lip,id00591,id00581,-,Caucasian (European),women,train
D__id09181__00048_id07739_TmuvLVNBm8o_id06158_wavtolip,raw\FakeAVCeleb_v1.2\FakeVideo-FakeAudio\Asian (East)\women\id09181\00048_id07739_TmuvLVNBm8o_id06158_wavtolip.mp4,1,FakeVideo-FakeAudio,fsgan-wav2lip,id09181,id07739,id06158,Asian (East),women,train
C__id03649__00001_id00634_z5t9oJizDQg_faceswap,raw\FakeAVCeleb_v1.2\FakeVideo-RealAudio\Caucasian (European)\women\id03649\00001_id00634_z5t9oJizDQg_faceswap.mp4,1,FakeVideo-RealAudio,faceswap,id03649,id00634,-,Caucasian (European),women,train
A__id00373__00028,raw\FakeAVCeleb_v1.2\RealVideo-RealAudio\Caucasian (European)\women\id00373\00028.mp4,0,RealVideo-RealAudio,real,id00373,-,-,Caucasian (European),women,train
A__id00345__00243,raw\FakeAVCeleb_v1.2\RealVideo-RealAudio\Caucasian (American)\men\id00345\00243.mp4,0,RealVideo-RealAudio,real,id00345,-,-,Caucasian (American),men,train
A__id01933__00028,raw\FakeAVCeleb_v1.2\RealVideo-RealAudio\African\men\id01933\00028.mp4,0,RealVideo-RealAudio,real,id01933,-,-,African,men,train
A__id00306__00015,raw\FakeAVCeleb_v1.2\RealVideo-RealAudio\Caucasian (European)\men\id00306\00015.mp4,0,RealVideo-RealAudio,real,id00306,-,-,Caucasian (European),men,train
A__id01098__00044,raw\FakeAVCeleb_v1.2\RealVideo-RealAudio\Caucasian (European)\men\id01098\00044.mp4,0,RealVideo-RealAudio,real,id01098,-,-,Caucasian (European),men,train
D__id06066__00028_id01281_wavtolip,raw\FakeAVCeleb_v1.2\FakeVideo-FakeAudio\Asian (East)\women\id06066\00028_id01281_wavtolip.mp4,1,FakeVideo-FakeAudio,wav2lip,id06066,id01281,-,Asian (East),women,train
A__id02617__00028,raw\FakeAVCeleb_v1.2\RealVideo-RealAudio\African\women\id02617\00028.mp4,0,RealVideo-RealAudio,real,id02617,-,-,African,women,train
A__id02838__00080,raw\FakeAVCeleb_v1.2\RealVideo-RealAudio\African\women\id02838\00080.mp4,0,RealVideo-RealAudio,real,id02838,-,-,African,women,train
A__id01661__00059,raw\FakeAVCeleb_v1.2\RealVideo-RealAudio\African\women\id01661\00059.mp4,0,RealVideo-RealAudio,real,id01661,-,-,African,women,train
C__id00634__00078_id01001_wavtolip,raw\FakeAVCeleb_v1.2\FakeVideo-RealAudio\Caucasian (European)\women\id00634\00078_id01001_wavtolip.mp4,1,FakeVideo-RealAudio,wav2lip,id00634,id01001,-,Caucasian (European),women,train
C__id01157__00048_id00225_wavtolip,raw\FakeAVCeleb_v1.2\FakeVideo-RealAudio\Caucasian (European)\men\id01157\00048_id00225_wavtolip.mp4,1,FakeVideo-RealAudio,wav2lip,id01157,id00225,-,Caucasian (European),men,train
D__id00403__00052_id00374_w1qI7y9AGTc_id00271_wavtolip,raw\FakeAVCeleb_v1.2\FakeVideo-FakeAudio\Caucasian (European)\women\id00403\00052_id00374_w1qI7y9AGTc_id00271_wavtolip.mp4,1,FakeVideo-FakeAudio,fsgan-wav2lip,id00403,id00374,id00271,Caucasian (European),women,train
C__id00591__00001_id00188_e-vm5FB3idA,raw\FakeAVCeleb_v1.2\FakeVideo-RealAudio\Caucasian (European)\women\id00591\00001_id00188_e-vm5FB3idA.mp4,1,FakeVideo-RealAudio,fsgan,id00591,id00188,-,Caucasian (European),women,train
D__id00363__00014_id09175_wavtolip,raw\FakeAVCeleb_v1.2\FakeVideo-FakeAudio\Asian (East)\women\id00363\00014_id09175_wavtolip.mp4,1,FakeVideo-FakeAudio,wav2lip,id00363,id09175,-,Asian (East),women,train
D__id01238__00037_id00025_wavtolip,raw\FakeAVCeleb_v1.2\FakeVideo-FakeAudio\Caucasian (American)\women\id01238\00037_id00025_wavtolip.mp4,1,FakeVideo-FakeAudio,wav2lip,id01238,id00025,-,Caucasian (American),women,train
C__id01521__00109_id01779_HgyHpDEo_jk,raw\FakeAVCeleb_v1.2\FakeVideo-RealAudio\African\men\id01521\00109_id01779_HgyHpDEo_jk.mp4,1,FakeVideo-RealAudio,fsgan,id01521,id01779,-,African,men,train
A__id04219__00130,raw\FakeAVCeleb_v1.2\RealVideo-RealAudio\Caucasian (American)\men\id04219\00130.mp4,0,RealVideo-RealAudio,real,id04219,-,-,Caucasian (American),men,train
C__id05743__00015_id08299_wavtolip,raw\FakeAVCeleb_v1.2\FakeVideo-RealAudio\Asian (East)\men\id05743\00015_id08299_wavtolip.mp4,1,FakeVideo-RealAudio,wav2lip,id05743,id08299,-,Asian (East),men,train
A__id01157__00048,raw\FakeAVCeleb_v1.2\RealVideo-RealAudio\Caucasian (European)\men\id01157\00048.mp4,0,RealVideo-RealAudio,real,id01157,-,-,Caucasian (European),men,train
C__id01610__00090_id04727_wavtolip,raw\FakeAVCeleb_v1.2\FakeVideo-RealAudio\African\men\id01610\00090_id04727_wavtolip.mp4,1,FakeVideo-RealAudio,wav2lip,id01610,id04727,-,African,men,train
C__id00266__00470_id00358_wavtolip,raw\FakeAVCeleb_v1.2\FakeVideo-RealAudio\Caucasian (European)\men\id00266\00470_id00358_wavtolip.mp4,1,FakeVideo-RealAudio,wav2lip,id00266,id00358,-,Caucasian (European),men,train
C__id08313__00202_id04562_wavtolip,raw\FakeAVCeleb_v1.2\FakeVideo-RealAudio\Asian (South)\men\id08313\00202_id04562_wavtolip.mp4,1,FakeVideo-RealAudio,wav2lip,id08313,id04562,-,Asian (South),men,train
A__id04939__00174,raw\FakeAVCeleb_v1.2\RealVideo-RealAudio\African\women\id04939\00174.mp4,0,RealVideo-RealAudio,real,id04939,-,-,African,women,train
D__id01907__00148_id05235_ASy8lP3SRtw_faceswap_id03656_wavtolip,raw\FakeAVCeleb_v1.2\FakeVideo-FakeAudio\African\women\id01907\00148_id05235_ASy8lP3SRtw_faceswap_id03656_wavtolip.mp4,1,FakeVideo-FakeAudio,faceswap-wav2lip,id01907,id05235,faceswap,African,women,train
C__id04583__00077_id06343_wavtolip,raw\FakeAVCeleb_v1.2\FakeVideo-RealAudio\Asian (South)\women\id04583\00077_id06343_wavtolip.mp4,1,FakeVideo-RealAudio,wav2lip,id04583,id06343,-,Asian (South),women,train
C__id04490__00054_id05435_OvX-Jv_whcU,raw\FakeAVCeleb_v1.2\FakeVideo-RealAudio\Asian (South)\women\id04490\00054_id05435_OvX-Jv_whcU.mp4,1,FakeVideo-RealAudio,fsgan,id04490,id05435,-,Asian (South),women,train
D__id05251__00033_id00371_wavtolip,raw\FakeAVCeleb_v1.2\FakeVideo-FakeAudio\African\women\id05251\00033_id00371_wavtolip.mp4,1,FakeVideo-FakeAudio,wav2lip,id05251,id00371,-,African,women,train
C__id00266__00470_id00554_wavtolip,raw\FakeAVCeleb_v1.2\FakeVideo-RealAudio\Caucasian (European)\men\id00266\00470_id00554_wavtolip.mp4,1,FakeVideo-RealAudio,wav2lip,id00266,id00554,-,Caucasian (European),men,train
C__id00185__00015_id00909_wavtolip,raw\FakeAVCeleb_v1.2\FakeVideo-RealAudio\Caucasian (European)\men\id00185\00015_id00909_wavtolip.mp4,1,FakeVideo-RealAudio,wav2lip,id00185,id00909,-,Caucasian (European),men,train
C__id02005__00052_id00476_wavtolip,raw\FakeAVCeleb_v1.2\FakeVideo-RealAudio\African\men\id02005\00052_id00476_wavtolip.mp4,1,FakeVideo-RealAudio,wav2lip,id02005,id00476,-,African,men,train
A__id00169__00021,raw\FakeAVCeleb_v1.2\RealVideo-RealAudio\Caucasian (American)\men\id00169\00021.mp4,0,RealVideo-RealAudio,real,id00169,-,-,Caucasian (American),men,train
D__id00594__00005_id00709_Rh23ELMGsIQ_id01156_wavtolip,raw\FakeAVCeleb_v1.2\FakeVideo-FakeAudio\Caucasian (European)\men\id00594\00005_id00709_Rh23ELMGsIQ_id01156_wavtolip.mp4,1,FakeVideo-FakeAudio,fsgan-wav2lip,id00594,id00709,id01156,Caucasian (European),men,train
D__id06428__00043_id07051_d1c0Pl2aP_4_faceswap_id03985_wavtolip,raw\FakeAVCeleb_v1.2\FakeVideo-FakeAudio\Asian (South)\women\id06428\00043_id07051_d1c0Pl2aP_4_faceswap_id03985_wavtolip.mp4,1,FakeVideo-FakeAudio,faceswap-wav2lip,id06428,id07051,faceswap,Asian (South),women,train
A__id05252__00052,raw\FakeAVCeleb_v1.2\RealVideo-RealAudio\African\women\id05252\00052.mp4,0,RealVideo-RealAudio,real,id05252,-,-,African,women,train
D__id00025__00025_id00848_o1_9Cu3YMN0_id00428_wavtolip,raw\FakeAVCeleb_v1.2\FakeVideo-FakeAudio\Caucasian (American)\women\id00025\00025_id00848_o1_9Cu3YMN0_id00428_wavtolip.mp4,1,FakeVideo-FakeAudio,fsgan-wav2lip,id00025,id00848,9Cu3YMN0,Caucasian (American),women,train
D__id00708__00043_id00696_wavtolip,raw\FakeAVCeleb_v1.2\FakeVideo-FakeAudio\Caucasian (American)\men\id00708\00043_id00696_wavtolip.mp4,1,FakeVideo-FakeAudio,wav2lip,id00708,id00696,-,Caucasian (American),men,train
B__id04216__00470_fake,raw\FakeAVCeleb_v1.2\RealVideo-FakeAudio\Caucasian (American)\men\id04216\00470_fake.mp4,1,RealVideo-FakeAudio,rtvc,id04216,fake.mp4,-,Caucasian (American),men,train
D__id07768__00143_id00857_yJ7bbvwL4kU_id07179_wavtolip,raw\FakeAVCeleb_v1.2\FakeVideo-FakeAudio\Asian (South)\men\id07768\00143_id00857_yJ7bbvwL4kU_id07179_wavtolip.mp4,1,FakeVideo-FakeAudio,fsgan-wav2lip,id07768,id00857,id07179,Asian (South),men,train
A__id07078__00405,raw\FakeAVCeleb_v1.2\RealVideo-RealAudio\Asian (South)\women\id07078\00405.mp4,0,RealVideo-RealAudio,real,id07078,-,-,Asian (South),women,train
C__id00261__00048_id00180_wavtolip,raw\FakeAVCeleb_v1.2\FakeVideo-RealAudio\Caucasian (American)\women\id00261\00048_id00180_wavtolip.mp4,1,FakeVideo-RealAudio,wav2lip,id00261,id00180,-,Caucasian (American),women,train
A__id03941__00021,raw\FakeAVCeleb_v1.2\RealVideo-RealAudio\Caucasian (European)\women\id03941\00021.mp4,0,RealVideo-RealAudio,real,id03941,-,-,Caucasian (European),women,train
C__id01238__00037_id00462_EMnGfAq9gg4,raw\FakeAVCeleb_v1.2\FakeVideo-RealAudio\Caucasian (American)\women\id01238\00037_id00462_EMnGfAq9gg4.mp4,1,FakeVideo-RealAudio,fsgan,id01238,id00462,-,Caucasian (American),women,train
A__id00292__00072,raw\FakeAVCeleb_v1.2\RealVideo-RealAudio\Caucasian (European)\men\id00292\00072.mp4,0,RealVideo-RealAudio,real,id00292,-,-,Caucasian (European),men,train
A__id06388__00005,raw\FakeAVCeleb_v1.2\RealVideo-RealAudio\Asian (East)\women\id06388\00005.mp4,0,RealVideo-RealAudio,real,id06388,-,-,Asian (East),women,train
C__id07049__00043_id01026_rM4ZERt7oM0,raw\FakeAVCeleb_v1.2\FakeVideo-RealAudio\Asian (South)\women\id07049\00043_id01026_rM4ZERt7oM0.mp4,1,FakeVideo-RealAudio,fsgan,id07049,id01026,-,Asian (South),women,train
D__id00305__00113_id00192_wavtolip,raw\FakeAVCeleb_v1.2\FakeVideo-FakeAudio\Caucasian (European)\men\id00305\00113_id00192_wavtolip.mp4,1,FakeVideo-FakeAudio,wav2lip,id00305,id00192,-,Caucasian (European),men,train
D__id04374__00032_id02838_kaCQlSGlLe8_id01783_wavtolip,raw\FakeAVCeleb_v1.2\FakeVideo-FakeAudio\African\women\id04374\00032_id02838_kaCQlSGlLe8_id01783_wavtolip.mp4,1,FakeVideo-FakeAudio,fsgan-wav2lip,id04374,id02838,id01783,African,women,train
D__id00180__00206_id00835_zWTp4szbb5k_id03556_wavtolip,raw\FakeAVCeleb_v1.2\FakeVideo-FakeAudio\Caucasian (American)\women\id00180\00206_id00835_zWTp4szbb5k_id03556_wavtolip.mp4,1,FakeVideo-FakeAudio,fsgan-wav2lip,id00180,id00835,id03556,Caucasian (American),women,train
C__id00098__00004_id00616_xT51pPmksJw_faceswap,raw\FakeAVCeleb_v1.2\FakeVideo-RealAudio\Caucasian (American)\women\id00098\00004_id00616_xT51pPmksJw_faceswap.mp4,1,FakeVideo-RealAudio,faceswap,id00098,id00616,-,Caucasian (American),women,train
A__id00569__00239,raw\FakeAVCeleb_v1.2\RealVideo-RealAudio\Caucasian (European)\women\id00569\00239.mp4,0,RealVideo-RealAudio,real,id00569,-,-,Caucasian (European),women,train
A__id07236__00143,raw\FakeAVCeleb_v1.2\RealVideo-RealAudio\Asian (South)\women\id07236\00143.mp4,0,RealVideo-RealAudio,real,id07236,-,-,Asian (South),women,train
D__id04939__00174_id00592_wavtolip,raw\FakeAVCeleb_v1.2\FakeVideo-FakeAudio\African\women\id04939\00174_id00592_wavtolip.mp4,1,FakeVideo-FakeAudio,wav2lip,id04939,id00592,-,African,women,train
C__id03747__00273_id04055_wavtolip,raw\FakeAVCeleb_v1.2\FakeVideo-RealAudio\African\women\id03747\00273_id04055_wavtolip.mp4,1,FakeVideo-RealAudio,wav2lip,id03747,id04055,-,African,women,train
C__id01227__00052_id02466_wavtolip,raw\FakeAVCeleb_v1.2\FakeVideo-RealAudio\Caucasian (American)\women\id01227\00052_id02466_wavtolip.mp4,1,FakeVideo-RealAudio,wav2lip,id01227,id02466,-,Caucasian (American),women,train
D__id07182__00040_id06753_wavtolip,raw\FakeAVCeleb_v1.2\FakeVideo-FakeAudio\Asian (South)\men\id07182\00040_id06753_wavtolip.mp4,1,FakeVideo-FakeAudio,wav2lip,id07182,id06753,-,Asian (South),men,train
D__id01610__00090_id01236_7WdumGR5-JM_faceswap_id01392_wavtolip,raw\FakeAVCeleb_v1.2\FakeVideo-FakeAudio\African\men\id01610\00090_id01236_7WdumGR5-JM_faceswap_id01392_wavtolip.mp4,1,FakeVideo-FakeAudio,faceswap-wav2lip,id01610,id01236,faceswap,African,men,train
A__id00634__00078,raw\FakeAVCeleb_v1.2\RealVideo-RealAudio\Caucasian (European)\women\id00634\00078.mp4,0,RealVideo-RealAudio,real,id00634,-,-,Caucasian (European),women,train
A__id00234__00063,raw\FakeAVCeleb_v1.2\RealVideo-RealAudio\Caucasian (European)\women\id00234\00063.mp4,0,RealVideo-RealAudio,real,id00234,-,-,Caucasian (European),women,train
D__id00332__00293_id00496_wavtolip,raw\FakeAVCeleb_v1.2\FakeVideo-FakeAudio\Caucasian (European)\women\id00332\00293_id00496_wavtolip.mp4,1,FakeVideo-FakeAudio,wav2lip,id00332,id00496,-,Caucasian (European),women,train
A__id01532__00065,raw\FakeAVCeleb_v1.2\RealVideo-RealAudio\African\women\id01532\00065.mp4,0,RealVideo-RealAudio,real,id01532,-,-,African,women,train
D__id03858__00092_id00379_wavtolip,raw\FakeAVCeleb_v1.2\FakeVideo-FakeAudio\Caucasian (European)\women\id03858\00092_id00379_wavtolip.mp4,1,FakeVideo-FakeAudio,wav2lip,id03858,id00379,-,Caucasian (European),women,train
C__id00696__00005_id00049_S_EHTUF-mQY,raw\FakeAVCeleb_v1.2\FakeVideo-RealAudio\Caucasian (American)\men\id00696\00005_id00049_S_EHTUF-mQY.mp4,1,FakeVideo-RealAudio,fsgan,id00696,id00049,-,Caucasian (American),men,train
C__id00042__00028_id00569_gSynmpwioV4,raw\FakeAVCeleb_v1.2\FakeVideo-RealAudio\Caucasian (European)\women\id00042\00028_id00569_gSynmpwioV4.mp4,1,FakeVideo-RealAudio,fsgan,id00042,id00569,-,Caucasian (European),women,train
D__id00769__00015_id07165_wavtolip,raw\FakeAVCeleb_v1.2\FakeVideo-FakeAudio\Asian (South)\men\id00769\00015_id07165_wavtolip.mp4,1,FakeVideo-FakeAudio,wav2lip,id00769,id07165,-,Asian (South),men,train
D__id00484__00202_id00232_wavtolip,raw\FakeAVCeleb_v1.2\FakeVideo-FakeAudio\Caucasian (European)\women\id00484\00202_id00232_wavtolip.mp4,1,FakeVideo-FakeAudio,wav2lip,id00484,id00232,-,Caucasian (European),women,train
C__id06470__00052_id04691_wavtolip,raw\FakeAVCeleb_v1.2\FakeVideo-RealAudio\Asian (East)\men\id06470\00052_id04691_wavtolip.mp4,1,FakeVideo-RealAudio,wav2lip,id06470,id04691,-,Asian (East),men,train
C__id00781__00092_id01610_wavtolip,raw\FakeAVCeleb_v1.2\FakeVideo-RealAudio\African\men\id00781\00092_id01610_wavtolip.mp4,1,FakeVideo-RealAudio,wav2lip,id00781,id01610,-,African,men,train
D__id00100__00028_id00097_PchMB8-P1lw_id00398_wavtolip,raw\FakeAVCeleb_v1.2\FakeVideo-FakeAudio\Caucasian (American)\women\id00100\00028_id00097_PchMB8-P1lw_id00398_wavtolip.mp4,1,FakeVideo-FakeAudio,fsgan-wav2lip,id00100,id00097,id00398,Caucasian (American),women,train
C__id00265__00130_id00709_wavtolip,raw\FakeAVCeleb_v1.2\FakeVideo-RealAudio\Caucasian (European)\men\id00265\00130_id00709_wavtolip.mp4,1,FakeVideo-RealAudio,wav2lip,id00265,id00709,-,Caucasian (European),men,train
A__id00484__00202,raw\FakeAVCeleb_v1.2\RealVideo-RealAudio\Caucasian (European)\women\id00484\00202.mp4,0,RealVideo-RealAudio,real,id00484,-,-,Caucasian (European),women,train
D__id01838__00126_id03569_YO0EpPm9p-8_id04547_wavtolip,raw\FakeAVCeleb_v1.2\FakeVideo-FakeAudio\African\women\id01838\00126_id03569_YO0EpPm9p-8_id04547_wavtolip.mp4,1,FakeVideo-FakeAudio,fsgan-wav2lip,id01838,id03569,id04547,African,women,train
D__id00306__00015_id01058_2DKbOjf3Wyo_id00171_wavtolip,raw\FakeAVCeleb_v1.2\FakeVideo-FakeAudio\Caucasian (European)\men\id00306\00015_id01058_2DKbOjf3Wyo_id00171_wavtolip.mp4,1,FakeVideo-FakeAudio,fsgan-wav2lip,id00306,id01058,id00171,Caucasian (European),men,train
A__id04736__00083,raw\FakeAVCeleb_v1.2\RealVideo-RealAudio\African\women\id04736\00083.mp4,0,RealVideo-RealAudio,real,id04736,-,-,African,women,train
C__id06427__00138_id06061_TckvmWR97vo,raw\FakeAVCeleb_v1.2\FakeVideo-RealAudio\Asian (East)\women\id06427\00138_id06061_TckvmWR97vo.mp4,1,FakeVideo-RealAudio,fsgan,id06427,id06061,-,Asian (East),women,train
C__id00076__00109_id01076_wavtolip,raw\FakeAVCeleb_v1.2\FakeVideo-RealAudio\African\men\id00076\00109_id01076_wavtolip.mp4,1,FakeVideo-RealAudio,wav2lip,id00076,id01076,-,African,men,train
D__id04073__00021_id00943_wavtolip,raw\FakeAVCeleb_v1.2\FakeVideo-FakeAudio\Caucasian (American)\men\id04073\00021_id00943_wavtolip.mp4,1,FakeVideo-FakeAudio,wav2lip,id04073,id00943,-,Caucasian (American),men,train
D__id00395__00420_id00823_KgExwCvgrUk_id03589_wavtolip,raw\FakeAVCeleb_v1.2\FakeVideo-FakeAudio\Caucasian (European)\women\id00395\00420_id00823_KgExwCvgrUk_id03589_wavtolip.mp4,1,FakeVideo-FakeAudio,fsgan-wav2lip,id00395,id00823,id03589,Caucasian (European),women,train
C__id04529__00186_id07008_hbwmyKv9Hio,raw\FakeAVCeleb_v1.2\FakeVideo-RealAudio\Asian (South)\women\id04529\00186_id07008_hbwmyKv9Hio.mp4,1,FakeVideo-RealAudio,fsgan,id04529,id07008,-,Asian (South),women,train
D__id00431__00039_id00841_wavtolip,raw\FakeAVCeleb_v1.2\FakeVideo-FakeAudio\Caucasian (American)\women\id00431\00039_id00841_wavtolip.mp4,1,FakeVideo-FakeAudio,wav2lip,id00431,id00841,-,Caucasian (American),women,train
C__id02268__00036_id02494_lObg47hQleE,raw\FakeAVCeleb_v1.2\FakeVideo-RealAudio\African\men\id02268\00036_id02494_lObg47hQleE.mp4,1,FakeVideo-RealAudio,fsgan,id02268,id02494,-,African,men,train
A__id02296__00019,raw\FakeAVCeleb_v1.2\RealVideo-RealAudio\African\men\id02296\00019.mp4,0,RealVideo-RealAudio,real,id02296,-,-,African,men,train
C__id01157__00048_id00963_wavtolip,raw\FakeAVCeleb_v1.2\FakeVideo-RealAudio\Caucasian (European)\men\id01157\00048_id00963_wavtolip.mp4,1,FakeVideo-RealAudio,wav2lip,id01157,id00963,-,Caucasian (European),men,train
D__id01123__00072_id01157_wavtolip,raw\FakeAVCeleb_v1.2\FakeVideo-FakeAudio\Caucasian (European)\men\id01123\00072_id01157_wavtolip.mp4,1,FakeVideo-FakeAudio,wav2lip,id01123,id01157,-,Caucasian (European),men,train
A__id06807__00015,raw\FakeAVCeleb_v1.2\RealVideo-RealAudio\Asian (East)\men\id06807\00015.mp4,0,RealVideo-RealAudio,real,id06807,-,-,Asian (East),men,train
C__id00192__00078_id00694_fIQsOJG81w4,raw\FakeAVCeleb_v1.2\FakeVideo-RealAudio\Caucasian (European)\men\id00192\00078_id00694_fIQsOJG81w4.mp4,1,FakeVideo-RealAudio,fsgan,id00192,id00694,-,Caucasian (European),men,train
D__id04727__00007_id01637_wavtolip,raw\FakeAVCeleb_v1.2\FakeVideo-FakeAudio\African\men\id04727\00007_id01637_wavtolip.mp4,1,FakeVideo-FakeAudio,wav2lip,id04727,id01637,-,African,men,train
D__id00287__00005_id00262_3p7sRWAAh1Q_faceswap_id00271_wavtolip,raw\FakeAVCeleb_v1.2\FakeVideo-FakeAudio\Caucasian (European)\women\id00287\00005_id00262_3p7sRWAAh1Q_faceswap_id00271_wavtolip.mp4,1,FakeVideo-FakeAudio,faceswap-wav2lip,id00287,id00262,faceswap,Caucasian (European),women,train
D__id00100__00028_id01231_wavtolip,raw\FakeAVCeleb_v1.2\FakeVideo-FakeAudio\Caucasian (American)\women\id00100\00028_id01231_wavtolip.mp4,1,FakeVideo-FakeAudio,wav2lip,id00100,id01231,-,Caucasian (American),women,train
C__id03205__00150_id00305_LdcY3ILdQrE,raw\FakeAVCeleb_v1.2\FakeVideo-RealAudio\Caucasian (European)\men\id03205\00150_id00305_LdcY3ILdQrE.mp4,1,FakeVideo-RealAudio,fsgan,id03205,id00305,-,Caucasian (European),men,train
D__id02005__00052_id02342_RJPBPhJB8TA_faceswap_id01544_wavtolip,raw\FakeAVCeleb_v1.2\FakeVideo-FakeAudio\African\men\id02005\00052_id02342_RJPBPhJB8TA_faceswap_id01544_wavtolip.mp4,1,FakeVideo-FakeAudio,faceswap-wav2lip,id02005,id02342,faceswap,African,men,train
C__id00569__00239_id01002_eQTviHjyISo,raw\FakeAVCeleb_v1.2\FakeVideo-RealAudio\Caucasian (European)\women\id00569\00239_id01002_eQTviHjyISo.mp4,1,FakeVideo-RealAudio,fsgan,id00569,id01002,-,Caucasian (European),women,train
C__id00220__00027_id01178_6XpgYMiKxhc,raw\FakeAVCeleb_v1.2\FakeVideo-RealAudio\African\women\id00220\00027_id01178_6XpgYMiKxhc.mp4,1,FakeVideo-RealAudio,fsgan,id00220,id01178,-,African,women,train
D__id00225__00078_id00519_riI0J9g9OG4_id00265_wavtolip,raw\FakeAVCeleb_v1.2\FakeVideo-FakeAudio\Caucasian (European)\men\id00225\00078_id00519_riI0J9g9OG4_id00265_wavtolip.mp4,1,FakeVideo-FakeAudio,fsgan-wav2lip,id00225,id00519,id00265,Caucasian (European),men,train
B__id06437__00028_fake,raw\FakeAVCeleb_v1.2\RealVideo-FakeAudio\Asian (South)\women\id06437\00028_fake.mp4,1,RealVideo-FakeAudio,rtvc,id06437,fake.mp4,-,Asian (South),women,train
C__id00415__00017_id00963_wavtolip,raw\FakeAVCeleb_v1.2\FakeVideo-RealAudio\Caucasian (European)\men\id00415\00017_id00963_wavtolip.mp4,1,FakeVideo-RealAudio,wav2lip,id00415,id00963,-,Caucasian (European),men,train
A__id03379__00032,raw\FakeAVCeleb_v1.2\RealVideo-RealAudio\Asian (East)\women\id03379\00032.mp4,0,RealVideo-RealAudio,real,id03379,-,-,Asian (East),women,train
D__id02005__00052_id01637_5VjcPZm8knM_id01170_wavtolip,raw\FakeAVCeleb_v1.2\FakeVideo-FakeAudio\African\men\id02005\00052_id01637_5VjcPZm8knM_id01170_wavtolip.mp4,1,FakeVideo-FakeAudio,fsgan-wav2lip,id02005,id01637,id01170,African,men,train
D__id06428__00043_id06232_wavtolip,raw\FakeAVCeleb_v1.2\FakeVideo-FakeAudio\Asian (South)\women\id06428\00043_id06232_wavtolip.mp4,1,FakeVideo-FakeAudio,wav2lip,id06428,id06232,-,Asian (South),women,train
D__id05931__00013_id01026_rM4ZERt7oM0_faceswap_id07008_wavtolip,raw\FakeAVCeleb_v1.2\FakeVideo-FakeAudio\Asian (South)\women\id05931\00013_id01026_rM4ZERt7oM0_faceswap_id07008_wavtolip.mp4,1,FakeVideo-FakeAudio,faceswap-wav2lip,id05931,id01026,faceswap,Asian (South),women,train
A__id06269__00005,raw\FakeAVCeleb_v1.2\RealVideo-RealAudio\Asian (East)\men\id06269\00005.mp4,0,RealVideo-RealAudio,real,id06269,-,-,Asian (East),men,train
A__id06054__00010,raw\FakeAVCeleb_v1.2\RealVideo-RealAudio\Asian (East)\women\id06054\00010.mp4,0,RealVideo-RealAudio,real,id06054,-,-,Asian (East),women,train
D__id03707__00055_id02466_VOgaA7O5yWY_id00383_wavtolip,raw\FakeAVCeleb_v1.2\FakeVideo-FakeAudio\Caucasian (American)\women\id03707\00055_id02466_VOgaA7O5yWY_id00383_wavtolip.mp4,1,FakeVideo-FakeAudio,fsgan-wav2lip,id03707,id02466,id00383,Caucasian (American),women,train
D__id03569__00065_id00371_wavtolip,raw\FakeAVCeleb_v1.2\FakeVideo-FakeAudio\African\women\id03569\00065_id00371_wavtolip.mp4,1,FakeVideo-FakeAudio,wav2lip,id03569,id00371,-,African,women,train
C__id00944__00135_id00830_rfl3Teg9uew,raw\FakeAVCeleb_v1.2\FakeVideo-RealAudio\African\men\id00944\00135_id00830_rfl3Teg9uew.mp4,1,FakeVideo-RealAudio,fsgan,id00944,id00830,-,African,men,train
D__id01002__00043_id00633_UXrTMta1EDM_faceswap_id00042_wavtolip,raw\FakeAVCeleb_v1.2\FakeVideo-FakeAudio\Caucasian (European)\women\id01002\00043_id00633_UXrTMta1EDM_faceswap_id00042_wavtolip.mp4,1,FakeVideo-FakeAudio,faceswap-wav2lip,id01002,id00633,faceswap,Caucasian (European),women,train
D__id04537__00083_1_id00082_wavtolip,raw\FakeAVCeleb_v1.2\FakeVideo-FakeAudio\Asian (South)\men\id04537\00083_1_id00082_wavtolip.mp4,1,FakeVideo-FakeAudio,faceswap-wav2lip,id04537,1,-,Asian (South),men,train
A__id01099__00206,raw\FakeAVCeleb_v1.2\RealVideo-RealAudio\Caucasian (European)\men\id01099\00206.mp4,0,RealVideo-RealAudio,real,id01099,-,-,Caucasian (European),men,train
A__id03816__00093,raw\FakeAVCeleb_v1.2\RealVideo-RealAudio\Caucasian (European)\women\id03816\00093.mp4,0,RealVideo-RealAudio,real,id03816,-,-,Caucasian (European),women,train
A__id04547__00052,raw\FakeAVCeleb_v1.2\RealVideo-RealAudio\African\women\id04547\00052.mp4,0,RealVideo-RealAudio,real,id04547,-,-,African,women,train
A__id07210__00005,raw\FakeAVCeleb_v1.2\RealVideo-RealAudio\Asian (South)\men\id07210\00005.mp4,0,RealVideo-RealAudio,real,id07210,-,-,Asian (South),men,train
A__id01002__00043,raw\FakeAVCeleb_v1.2\RealVideo-RealAudio\Caucasian (European)\women\id01002\00043.mp4,0,RealVideo-RealAudio,real,id01002,-,-,Caucasian (European),women,train
C__id01210__00283_id01096_wavtolip,raw\FakeAVCeleb_v1.2\FakeVideo-RealAudio\Caucasian (American)\men\id01210\00283_id01096_wavtolip.mp4,1,FakeVideo-RealAudio,wav2lip,id01210,id01096,-,Caucasian (American),men,train
D__id01597__00005_1_id01544_wavtolip,raw\FakeAVCeleb_v1.2\FakeVideo-FakeAudio\African\men\id01597\00005_1_id01544_wavtolip.mp4,1,FakeVideo-FakeAudio,faceswap-wav2lip,id01597,1,-,African,men,train
D__id00739__00005_id04529_wavtolip,raw\FakeAVCeleb_v1.2\FakeVideo-FakeAudio\Asian (South)\women\id00739\00005_id04529_wavtolip.mp4,1,FakeVideo-FakeAudio,wav2lip,id00739,id04529,-,Asian (South),women,train
A__id02005__00052,raw\FakeAVCeleb_v1.2\RealVideo-RealAudio\African\men\id02005\00052.mp4,0,RealVideo-RealAudio,real,id02005,-,-,African,men,train
C__id04689__00005_id04547_wavtolip,raw\FakeAVCeleb_v1.2\FakeVideo-RealAudio\African\women\id04689\00005_id04547_wavtolip.mp4,1,FakeVideo-RealAudio,wav2lip,id04689,id04547,-,African,women,train
D__id03180__00039_id07194_wavtolip,raw\FakeAVCeleb_v1.2\FakeVideo-FakeAudio\Asian (South)\men\id03180\00039_id07194_wavtolip.mp4,1,FakeVideo-FakeAudio,wav2lip,id03180,id07194,-,Asian (South),men,train
D__id03658__00077_id04245_nQD_PRlBDyw_id02617_wavtolip,raw\FakeAVCeleb_v1.2\FakeVideo-FakeAudio\African\women\id03658\00077_id04245_nQD_PRlBDyw_id02617_wavtolip.mp4,1,FakeVideo-FakeAudio,fsgan-wav2lip,id03658,id04245,PRlBDyw,African,women,train
D__id01239__00280_id01192_kAht8HG7-1s_id00971_wavtolip,raw\FakeAVCeleb_v1.2\FakeVideo-FakeAudio\Caucasian (American)\men\id01239\00280_id01192_kAht8HG7-1s_id00971_wavtolip.mp4,1,FakeVideo-FakeAudio,fsgan-wav2lip,id01239,id01192,id00971,Caucasian (American),men,train
C__id06225__00005_id09181_ypUYBHscgD8,raw\FakeAVCeleb_v1.2\FakeVideo-RealAudio\Asian (East)\women\id06225\00005_id09181_ypUYBHscgD8.mp4,1,FakeVideo-RealAudio,fsgan,id06225,id09181,-,Asian (East),women,train
C__id00042__00028_id03651_EjcoRkL6loI,raw\FakeAVCeleb_v1.2\FakeVideo-RealAudio\Caucasian (European)\women\id00042\00028_id03651_EjcoRkL6loI.mp4,1,FakeVideo-RealAudio,fsgan,id00042,id03651,-,Caucasian (European),women,train
D__id07108__00412_id04599_Q60DPi5Nhmk_id04601_wavtolip,raw\FakeAVCeleb_v1.2\FakeVideo-FakeAudio\Asian (South)\men\id07108\00412_id04599_Q60DPi5Nhmk_id04601_wavtolip.mp4,1,FakeVideo-FakeAudio,fsgan-wav2lip,id07108,id04599,id04601,Asian (South),men,train
C__id01248__00005_id00231_wavtolip,raw\FakeAVCeleb_v1.2\FakeVideo-RealAudio\Caucasian (American)\women\id01248\00005_id00231_wavtolip.mp4,1,FakeVideo-RealAudio,wav2lip,id01248,id00231,-,Caucasian (American),women,train
A__id07108__00412,raw\FakeAVCeleb_v1.2\RealVideo-RealAudio\Asian (South)\men\id07108\00412.mp4,0,RealVideo-RealAudio,real,id07108,-,-,Asian (South),men,train
D__id00368__00078_id01156_wavtolip,raw\FakeAVCeleb_v1.2\FakeVideo-FakeAudio\Caucasian (European)\men\id00368\00078_id01156_wavtolip.mp4,1,FakeVideo-FakeAudio,wav2lip,id00368,id01156,-,Caucasian (European),men,train
C__id03599__00072_id08457_vFyjAJwQulM,raw\FakeAVCeleb_v1.2\FakeVideo-RealAudio\Asian (South)\men\id03599\00072_id08457_vFyjAJwQulM.mp4,1,FakeVideo-RealAudio,fsgan,id03599,id08457,-,Asian (South),men,train
C__id09175__00072_id00579_wavtolip,raw\FakeAVCeleb_v1.2\FakeVideo-RealAudio\Asian (East)\women\id09175\00072_id00579_wavtolip.mp4,1,FakeVideo-RealAudio,wav2lip,id09175,id00579,-,Asian (East),women,train
D__id00403__00052_id00484_u7YTz8eFZv0_id00188_wavtolip,raw\FakeAVCeleb_v1.2\FakeVideo-FakeAudio\Caucasian (European)\women\id00403\00052_id00484_u7YTz8eFZv0_id00188_wavtolip.mp4,1,FakeVideo-FakeAudio,fsgan-wav2lip,id00403,id00484,id00188,Caucasian (European),women,train
A__id03599__00072,raw\FakeAVCeleb_v1.2\RealVideo-RealAudio\Asian (South)\men\id03599\00072.mp4,0,RealVideo-RealAudio,real,id03599,-,-,Asian (South),men,train
D__id00582__00006_id03379_A32nCObAHiI_faceswap_id06158_wavtolip,raw\FakeAVCeleb_v1.2\FakeVideo-FakeAudio\Asian (East)\women\id00582\00006_id03379_A32nCObAHiI_faceswap_id06158_wavtolip.mp4,1,FakeVideo-FakeAudio,faceswap-wav2lip,id00582,id03379,faceswap,Asian (East),women,train
D__id00345__00243_id00088_6WIDWxr8vuU_id03668_wavtolip,raw\FakeAVCeleb_v1.2\FakeVideo-FakeAudio\Caucasian (American)\men\id00345\00243_id00088_6WIDWxr8vuU_id03668_wavtolip.mp4,1,FakeVideo-FakeAudio,fsgan-wav2lip,id00345,id00088,id03668,Caucasian (American),men,train
C__id06388__00005_id06060_wavtolip,raw\FakeAVCeleb_v1.2\FakeVideo-RealAudio\Asian (East)\women\id06388\00005_id06060_wavtolip.mp4,1,FakeVideo-RealAudio,wav2lip,id06388,id06060,-,Asian (East),women,train
D__id04736__00083_id05251_wavtolip,raw\FakeAVCeleb_v1.2\FakeVideo-FakeAudio\African\women\id04736\00083_id05251_wavtolip.mp4,1,FakeVideo-FakeAudio,wav2lip,id04736,id05251,-,African,women,train
C__id00328__00092_id00068_wavtolip,raw\FakeAVCeleb_v1.2\FakeVideo-RealAudio\Caucasian (European)\women\id00328\00092_id00068_wavtolip.mp4,1,FakeVideo-RealAudio,wav2lip,id00328,id00068,-,Caucasian (European),women,train
D__id01528__00017_id01236_7WdumGR5-JM_id02342_wavtolip,raw\FakeAVCeleb_v1.2\FakeVideo-FakeAudio\African\men\id01528\00017_id01236_7WdumGR5-JM_id02342_wavtolip.mp4,1,FakeVideo-FakeAudio,fsgan-wav2lip,id01528,id01236,id02342,African,men,train
D__id07686__00254_id03897_wavtolip,raw\FakeAVCeleb_v1.2\FakeVideo-FakeAudio\Asian (South)\women\id07686\00254_id03897_wavtolip.mp4,1,FakeVideo-FakeAudio,wav2lip,id07686,id03897,-,Asian (South),women,train
C__id03205__00150_id00919_XDUn0Pskyrk,raw\FakeAVCeleb_v1.2\FakeVideo-RealAudio\Caucasian (European)\men\id03205\00150_id00919_XDUn0Pskyrk.mp4,1,FakeVideo-RealAudio,fsgan,id03205,id00919,-,Caucasian (European),men,train
D__id00535__00005_id00694_fIQsOJG81w4_id00055_wavtolip,raw\FakeAVCeleb_v1.2\FakeVideo-FakeAudio\Caucasian (European)\men\id00535\00005_id00694_fIQsOJG81w4_id00055_wavtolip.mp4,1,FakeVideo-FakeAudio,fsgan-wav2lip,id00535,id00694,id00055,Caucasian (European),men,train
D__id02948__00298_id00371_wavtolip,raw\FakeAVCeleb_v1.2\FakeVideo-FakeAudio\African\women\id02948\00298_id00371_wavtolip.mp4,1,FakeVideo-FakeAudio,wav2lip,id02948,id00371,-,African,women,train
D__id01236__00005_id00987_wavtolip,raw\FakeAVCeleb_v1.2\FakeVideo-FakeAudio\African\men\id01236\00005_id00987_wavtolip.mp4,1,FakeVideo-FakeAudio,wav2lip,id01236,id00987,-,African,men,train
C__id01192__00217_id01105_qxMlGJlyfA8,raw\FakeAVCeleb_v1.2\FakeVideo-RealAudio\Caucasian (American)\men\id01192\00217_id01105_qxMlGJlyfA8.mp4,1,FakeVideo-RealAudio,fsgan,id01192,id01105,-,Caucasian (American),men,train
C__id06334__00015_id07179_P5-oEyX0x1M,raw\FakeAVCeleb_v1.2\FakeVideo-RealAudio\Asian (South)\men\id06334\00015_id07179_P5-oEyX0x1M.mp4,1,FakeVideo-RealAudio,fsgan,id06334,id07179,-,Asian (South),men,train
D__id00231__00037_id01248_wavtolip,raw\FakeAVCeleb_v1.2\FakeVideo-FakeAudio\Caucasian (American)\women\id00231\00037_id01248_wavtolip.mp4,1,FakeVideo-FakeAudio,wav2lip,id00231,id01248,-,Caucasian (American),women,train
C__id03620__00081_id00589_wavtolip,raw\FakeAVCeleb_v1.2\FakeVideo-RealAudio\Caucasian (European)\women\id03620\00081_id00589_wavtolip.mp4,1,FakeVideo-RealAudio,wav2lip,id03620,id00589,-,Caucasian (European),women,train
D__id05931__00013_id01026_rM4ZERt7oM0_faceswap_id06232_wavtolip,raw\FakeAVCeleb_v1.2\FakeVideo-FakeAudio\Asian (South)\women\id05931\00013_id01026_rM4ZERt7oM0_faceswap_id06232_wavtolip.mp4,1,FakeVideo-FakeAudio,faceswap-wav2lip,id05931,id01026,faceswap,Asian (South),women,train
D__id01207__00320_id00781_wavtolip,raw\FakeAVCeleb_v1.2\FakeVideo-FakeAudio\African\men\id01207\00320_id00781_wavtolip.mp4,1,FakeVideo-FakeAudio,wav2lip,id01207,id00781,-,African,men,train
C__id05435__00107_id07377_wavtolip,raw\FakeAVCeleb_v1.2\FakeVideo-RealAudio\Asian (South)\women\id05435\00107_id07377_wavtolip.mp4,1,FakeVideo-RealAudio,wav2lip,id05435,id07377,-,Asian (South),women,train
A__id04490__00054,raw\FakeAVCeleb_v1.2\RealVideo-RealAudio\Asian (South)\women\id04490\00054.mp4,0,RealVideo-RealAudio,real,id04490,-,-,Asian (South),women,train
A__id04245__00072,raw\FakeAVCeleb_v1.2\RealVideo-RealAudio\African\women\id04245\00072.mp4,0,RealVideo-RealAudio,real,id04245,-,-,African,women,train
C__id01182__00167_id00943_wavtolip,raw\FakeAVCeleb_v1.2\FakeVideo-RealAudio\Caucasian (American)\men\id01182\00167_id00943_wavtolip.mp4,1,FakeVideo-RealAudio,wav2lip,id01182,id00943,-,Caucasian (American),men,train
C__id05479__05479_id05479_wavtolip,raw\FakeAVCeleb_v1.2\FakeVideo-RealAudio\Asian (East)\men\id05479\05479_id05479_wavtolip.mp4,1,FakeVideo-RealAudio,wav2lip,id05479,id05479,-,Asian (East),men,train
D__id00018__00181_id00264_wavtolip,raw\FakeAVCeleb_v1.2\FakeVideo-FakeAudio\Caucasian (American)\men\id00018\00181_id00264_wavtolip.mp4,1,FakeVideo-FakeAudio,wav2lip,id00018,id00264,-,Caucasian (American),men,train
A__id01610__00090,raw\FakeAVCeleb_v1.2\RealVideo-RealAudio\African\men\id01610\00090.mp4,0,RealVideo-RealAudio,real,id01610,-,-,African,men,train
A__id00145__00043,raw\FakeAVCeleb_v1.2\RealVideo-RealAudio\Caucasian (American)\women\id00145\00043.mp4,0,RealVideo-RealAudio,real,id00145,-,-,Caucasian (American),women,train
C__id07768__00143_id04537_G1e1UFopjfI,raw\FakeAVCeleb_v1.2\FakeVideo-RealAudio\Asian (South)\men\id07768\00143_id04537_G1e1UFopjfI.mp4,1,FakeVideo-RealAudio,fsgan,id07768,id04537,-,Asian (South),men,train
C__id00478__00206_id02051_wavtolip,raw\FakeAVCeleb_v1.2\FakeVideo-RealAudio\African\men\id00478\00206_id02051_wavtolip.mp4,1,FakeVideo-RealAudio,wav2lip,id00478,id02051,-,African,men,train
C__id05435__00107_id04530_wavtolip,raw\FakeAVCeleb_v1.2\FakeVideo-RealAudio\Asian (South)\women\id05435\00107_id04530_wavtolip.mp4,1,FakeVideo-RealAudio,wav2lip,id05435,id04530,-,Asian (South),women,train
D__id00830__00143_id04727_wavtolip,raw\FakeAVCeleb_v1.2\FakeVideo-FakeAudio\African\men\id00830\00143_id04727_wavtolip.mp4,1,FakeVideo-FakeAudio,wav2lip,id00830,id04727,-,African,men,train
A__id00043__00135,raw\FakeAVCeleb_v1.2\RealVideo-RealAudio\Asian (South)\women\id00043\00135.mp4,0,RealVideo-RealAudio,real,id00043,-,-,Asian (South),women,train
D__id04687__00066_id02493_zYAm6W46Mcg_faceswap_id04726_wavtolip,raw\FakeAVCeleb_v1.2\FakeVideo-FakeAudio\Asian (East)\men\id04687\00066_id02493_zYAm6W46Mcg_faceswap_id04726_wavtolip.mp4,1,FakeVideo-FakeAudio,faceswap-wav2lip,id04687,id02493,faceswap,Asian (East),men,train
D__id01212__00183_id04222_EAw7MSynKF8_id03028_wavtolip,raw\FakeAVCeleb_v1.2\FakeVideo-FakeAudio\Asian (East)\men\id01212\00183_id04222_EAw7MSynKF8_id03028_wavtolip.mp4,1,FakeVideo-FakeAudio,fsgan-wav2lip,id01212,id04222,id03028,Asian (East),men,train
C__id01052__00076_id00709_wavtolip,raw\FakeAVCeleb_v1.2\FakeVideo-RealAudio\Caucasian (European)\men\id01052\00076_id00709_wavtolip.mp4,1,FakeVideo-RealAudio,wav2lip,id01052,id00709,-,Caucasian (European),men,train
C__id04530__00231_id03897_wavtolip,raw\FakeAVCeleb_v1.2\FakeVideo-RealAudio\Asian (South)\women\id04530\00231_id03897_wavtolip.mp4,1,FakeVideo-RealAudio,wav2lip,id04530,id03897,-,Asian (South),women,train
D__id04537__00083_id00033_gduDuRWhnlQ_id00732_wavtolip,raw\FakeAVCeleb_v1.2\FakeVideo-FakeAudio\Asian (South)\men\id04537\00083_id00033_gduDuRWhnlQ_id00732_wavtolip.mp4,1,FakeVideo-FakeAudio,fsgan-wav2lip,id04537,id00033,id00732,Asian (South),men,train
D__id00055__00120_id00415_saYfEadFy_s_id01052_wavtolip,raw\FakeAVCeleb_v1.2\FakeVideo-FakeAudio\Caucasian (European)\men\id00055\00120_id00415_saYfEadFy_s_id01052_wavtolip.mp4,1,FakeVideo-FakeAudio,fsgan-wav2lip,id00055,id00415,id01052,Caucasian (European),men,train
C__id03696__00160_id00428_wavtolip,raw\FakeAVCeleb_v1.2\FakeVideo-RealAudio\Caucasian (American)\women\id03696\00160_id00428_wavtolip.mp4,1,FakeVideo-RealAudio,wav2lip,id03696,id00428,-,Caucasian (American),women,train
D__id08397__00167_id06061_TckvmWR97vo_faceswap_id07739_wavtolip,raw\FakeAVCeleb_v1.2\FakeVideo-FakeAudio\Asian (East)\women\id08397\00167_id06061_TckvmWR97vo_faceswap_id07739_wavtolip.mp4,1,FakeVideo-FakeAudio,faceswap-wav2lip,id08397,id06061,faceswap,Asian (East),women,train
D__id01170__00021_id01610_l8zb_iaDJJA_id01856_wavtolip,raw\FakeAVCeleb_v1.2\FakeVideo-FakeAudio\African\men\id01170\00021_id01610_l8zb_iaDJJA_id01856_wavtolip.mp4,1,FakeVideo-FakeAudio,fsgan-wav2lip,id01170,id01610,iaDJJA,African,men,train
C__id03559__00023_id06428_wavtolip,raw\FakeAVCeleb_v1.2\FakeVideo-RealAudio\Asian (South)\women\id03559\00023_id06428_wavtolip.mp4,1,FakeVideo-RealAudio,wav2lip,id03559,id06428,-,Asian (South),women,train
C__id03889__00052_id01589_ZCwF6XVRiAU_faceswap,raw\FakeAVCeleb_v1.2\FakeVideo-RealAudio\Asian (East)\men\id03889\00052_id01589_ZCwF6XVRiAU_faceswap.mp4,1,FakeVideo-RealAudio,faceswap,id03889,id01589,-,Asian (East),men,train
C__id00261__00048_id00261_wavtolip,raw\FakeAVCeleb_v1.2\FakeVideo-RealAudio\Caucasian (American)\women\id00261\00048_id00261_wavtolip.mp4,1,FakeVideo-RealAudio,wav2lip,id00261,id00261,-,Caucasian (American),women,train
A__id00777__00160,raw\FakeAVCeleb_v1.2\RealVideo-RealAudio\Caucasian (American)\men\id00777\00160.mp4,0,RealVideo-RealAudio,real,id00777,-,-,Caucasian (American),men,train
C__id07236__00143_id00149_wavtolip,raw\FakeAVCeleb_v1.2\FakeVideo-RealAudio\Asian (South)\women\id07236\00143_id00149_wavtolip.mp4,1,FakeVideo-RealAudio,wav2lip,id07236,id00149,-,Asian (South),women,train
D__id01035__00012_3_id01096_wavtolip,raw\FakeAVCeleb_v1.2\FakeVideo-FakeAudio\Caucasian (American)\men\id01035\00012_3_id01096_wavtolip.mp4,1,FakeVideo-FakeAudio,faceswap-wav2lip,id01035,3,-,Caucasian (American),men,train
D__id02553__00043_id02332_hlo8q3-L9vI_faceswap_id04726_wavtolip,raw\FakeAVCeleb_v1.2\FakeVideo-FakeAudio\Asian (East)\men\id02553\00043_id02332_hlo8q3-L9vI_faceswap_id04726_wavtolip.mp4,1,FakeVideo-FakeAudio,faceswap-wav2lip,id02553,id02332,faceswap,Asian (East),men,train
A__id06158__00015,raw\FakeAVCeleb_v1.2\RealVideo-RealAudio\Asian (East)\women\id06158\00015.mp4,0,RealVideo-RealAudio,real,id06158,-,-,Asian (East),women,train
D__id01211__00023_id00021_wavtolip,raw\FakeAVCeleb_v1.2\FakeVideo-FakeAudio\Caucasian (American)\men\id01211\00023_id00021_wavtolip.mp4,1,FakeVideo-FakeAudio,wav2lip,id01211,id00021,-,Caucasian (American),men,train
A__id00261__00048,raw\FakeAVCeleb_v1.2\RealVideo-RealAudio\Caucasian (American)\women\id00261\00048.mp4,0,RealVideo-RealAudio,real,id00261,-,-,Caucasian (American),women,train
D__id04111__00015_id02493_zYAm6W46Mcg_id06776_wavtolip,raw\FakeAVCeleb_v1.2\FakeVideo-FakeAudio\Asian (East)\men\id04111\00015_id02493_zYAm6W46Mcg_id06776_wavtolip.mp4,1,FakeVideo-FakeAudio,fsgan-wav2lip,id04111,id02493,id06776,Asian (East),men,train
C__id08397__00167_id07739_TmuvLVNBm8o,raw\FakeAVCeleb_v1.2\FakeVideo-RealAudio\Asian (East)\women\id08397\00167_id07739_TmuvLVNBm8o.mp4,1,FakeVideo-RealAudio,fsgan,id08397,id07739,-,Asian (East),women,train
D__id04726__00245_2_id02553_wavtolip,raw\FakeAVCeleb_v1.2\FakeVideo-FakeAudio\Asian (East)\men\id04726\00245_2_id02553_wavtolip.mp4,1,FakeVideo-FakeAudio,faceswap-wav2lip,id04726,2,-,Asian (East),men,train
C__id04219__00130_id00179_wavtolip,raw\FakeAVCeleb_v1.2\FakeVideo-RealAudio\Caucasian (American)\men\id04219\00130_id00179_wavtolip.mp4,1,FakeVideo-RealAudio,wav2lip,id04219,id00179,-,Caucasian (American),men,train
C__id02508__00083_id02808_wavtolip,raw\FakeAVCeleb_v1.2\FakeVideo-RealAudio\African\women\id02508\00083_id02808_wavtolip.mp4,1,FakeVideo-RealAudio,wav2lip,id02508,id02808,-,African,women,train
C__id04490__00054_id06438_wavtolip,raw\FakeAVCeleb_v1.2\FakeVideo-RealAudio\Asian (South)\women\id04490\00054_id06438_wavtolip.mp4,1,FakeVideo-RealAudio,wav2lip,id04490,id06438,-,Asian (South),women,train
D__id07108__00412_id00769_BqHVSZdoVpM_faceswap_id04601_wavtolip,raw\FakeAVCeleb_v1.2\FakeVideo-FakeAudio\Asian (South)\men\id07108\00412_id00769_BqHVSZdoVpM_faceswap_id04601_wavtolip.mp4,1,FakeVideo-FakeAudio,faceswap-wav2lip,id07108,id00769,faceswap,Asian (South),men,train
A__id00363__00014,raw\FakeAVCeleb_v1.2\RealVideo-RealAudio\Asian (East)\women\id00363\00014.mp4,0,RealVideo-RealAudio,real,id00363,-,-,Asian (East),women,train
A__id01052__00076,raw\FakeAVCeleb_v1.2\RealVideo-RealAudio\Caucasian (European)\men\id01052\00076.mp4,0,RealVideo-RealAudio,real,id01052,-,-,Caucasian (European),men,train
D__id00287__00005_id03620_YkXM5A8w07E_id03858_wavtolip,raw\FakeAVCeleb_v1.2\FakeVideo-FakeAudio\Caucasian (European)\women\id00287\00005_id03620_YkXM5A8w07E_id03858_wavtolip.mp4,1,FakeVideo-FakeAudio,fsgan-wav2lip,id00287,id03620,id03858,Caucasian (European),women,train
C__id01018__00072_id03651_EjcoRkL6loI,raw\FakeAVCeleb_v1.2\FakeVideo-RealAudio\Caucasian (European)\women\id01018\00072_id03651_EjcoRkL6loI.mp4,1,FakeVideo-RealAudio,fsgan,id01018,id03651,-,Caucasian (European),women,train
D__id03605__00048_3_id01227_wavtolip,raw\FakeAVCeleb_v1.2\FakeVideo-FakeAudio\Caucasian (American)\women\id03605\00048_3_id01227_wavtolip.mp4,1,FakeVideo-FakeAudio,faceswap-wav2lip,id03605,3,-,Caucasian (American),women,train
D__id00830__00143_id00761_wavtolip,raw\FakeAVCeleb_v1.2\FakeVideo-FakeAudio\African\men\id00830\00143_id00761_wavtolip.mp4,1,FakeVideo-FakeAudio,wav2lip,id00830,id00761,-,African,men,train
C__id00080__00281_id00488_wavtolip,raw\FakeAVCeleb_v1.2\FakeVideo-RealAudio\Asian (South)\women\id00080\00281_id00488_wavtolip.mp4,1,FakeVideo-RealAudio,wav2lip,id00080,id00488,-,Asian (South),women,train
C__id06388__00005_id06065_wavtolip,raw\FakeAVCeleb_v1.2\FakeVideo-RealAudio\Asian (East)\women\id06388\00005_id06065_wavtolip.mp4,1,FakeVideo-RealAudio,wav2lip,id06388,id06065,-,Asian (East),women,train
D__id00231__00037_id00462_wavtolip,raw\FakeAVCeleb_v1.2\FakeVideo-FakeAudio\Caucasian (American)\women\id00231\00037_id00462_wavtolip.mp4,1,FakeVideo-FakeAudio,wav2lip,id00231,id00462,-,Caucasian (American),women,train
D__id02301__00092_id03656_draVIyyqLtk_id04705_wavtolip,raw\FakeAVCeleb_v1.2\FakeVideo-FakeAudio\African\women\id02301\00092_id03656_draVIyyqLtk_id04705_wavtolip.mp4,1,FakeVideo-FakeAudio,fsgan-wav2lip,id02301,id03656,id04705,African,women,train
C__id05845__00027_id04490_wavtolip,raw\FakeAVCeleb_v1.2\FakeVideo-RealAudio\Asian (South)\women\id05845\00027_id04490_wavtolip.mp4,1,FakeVideo-RealAudio,wav2lip,id05845,id04490,-,Asian (South),women,train
D__id00234__00063_id00403_n4LSCxzFr6o_id00826_wavtolip,raw\FakeAVCeleb_v1.2\FakeVideo-FakeAudio\Caucasian (European)\women\id00234\00063_id00403_n4LSCxzFr6o_id00826_wavtolip.mp4,1,FakeVideo-FakeAudio,fsgan-wav2lip,id00234,id00403,id00826,Caucasian (European),women,train
D__id07049__00043_id00080_wavtolip,raw\FakeAVCeleb_v1.2\FakeVideo-FakeAudio\Asian (South)\women\id07049\00043_id00080_wavtolip.mp4,1,FakeVideo-FakeAudio,wav2lip,id07049,id00080,-,Asian (South),women,train
C__id02561__02561_id01683_wavtolip,raw\FakeAVCeleb_v1.2\FakeVideo-RealAudio\Asian (East)\men\id02561\02561_id01683_wavtolip.mp4,1,FakeVideo-RealAudio,wav2lip,id02561,id01683,-,Asian (East),men,train
C__id08652__00006_id01215_wavtolip,raw\FakeAVCeleb_v1.2\FakeVideo-RealAudio\Asian (East)\men\id08652\00006_id01215_wavtolip.mp4,1,FakeVideo-RealAudio,wav2lip,id08652,id01215,-,Asian (East),men,train
A__id00909__00037,raw\FakeAVCeleb_v1.2\RealVideo-RealAudio\Caucasian (European)\men\id00909\00037.mp4,0,RealVideo-RealAudio,real,id00909,-,-,Caucasian (European),men,train
D__id06535__00183_id06467_wavtolip,raw\FakeAVCeleb_v1.2\FakeVideo-FakeAudio\Asian (East)\men\id06535\00183_id06467_wavtolip.mp4,1,FakeVideo-FakeAudio,wav2lip,id06535,id06467,-,Asian (East),men,train
D__id00428__00017_id01238_wavtolip,raw\FakeAVCeleb_v1.2\FakeVideo-FakeAudio\Caucasian (American)\women\id00428\00017_id01238_wavtolip.mp4,1,FakeVideo-FakeAudio,wav2lip,id00428,id01238,-,Caucasian (American),women,train
D__id01058__00005_0_id01102_wavtolip,raw\FakeAVCeleb_v1.2\FakeVideo-FakeAudio\Caucasian (European)\men\id01058\00005_0_id01102_wavtolip.mp4,1,FakeVideo-FakeAudio,faceswap-wav2lip,id01058,0,-,Caucasian (European),men,train
D__id00098__00004_id02464_wavtolip,raw\FakeAVCeleb_v1.2\FakeVideo-FakeAudio\Caucasian (American)\women\id00098\00004_id02464_wavtolip.mp4,1,FakeVideo-FakeAudio,wav2lip,id00098,id02464,-,Caucasian (American),women,train
C__id01452__00001_id01598_wavtolip,raw\FakeAVCeleb_v1.2\FakeVideo-RealAudio\African\men\id01452\00001_id01598_wavtolip.mp4,1,FakeVideo-RealAudio,wav2lip,id01452,id01598,-,African,men,train
C__id01002__00043_id00823_wavtolip,raw\FakeAVCeleb_v1.2\FakeVideo-RealAudio\Caucasian (European)\women\id01002\00043_id00823_wavtolip.mp4,1,FakeVideo-RealAudio,wav2lip,id01002,id00823,-,Caucasian (European),women,train
D__id00418__00052_3_id00231_wavtolip,raw\FakeAVCeleb_v1.2\FakeVideo-FakeAudio\Caucasian (American)\women\id00418\00052_3_id00231_wavtolip.mp4,1,FakeVideo-FakeAudio,faceswap-wav2lip,id00418,3,-,Caucasian (American),women,train
A__id01001__00086,raw\FakeAVCeleb_v1.2\RealVideo-RealAudio\Caucasian (European)\women\id01001\00086.mp4,0,RealVideo-RealAudio,real,id01001,-,-,Caucasian (European),women,train
D__id04820__00015_id02948__ZEDGNWjuFE_faceswap_id00568_wavtolip,raw\FakeAVCeleb_v1.2\FakeVideo-FakeAudio\African\women\id04820\00015_id02948__ZEDGNWjuFE_faceswap_id00568_wavtolip.mp4,1,FakeVideo-FakeAudio,faceswap-wav2lip,id04820,id02948,ZEDGNWjuFE,African,women,train
C__id03747__00273_id00359_RZMQan-7me4,raw\FakeAVCeleb_v1.2\FakeVideo-RealAudio\African\women\id03747\00273_id00359_RZMQan-7me4.mp4,1,FakeVideo-RealAudio,fsgan,id03747,id00359,-,African,women,train
A__id03658__00077,raw\FakeAVCeleb_v1.2\RealVideo-RealAudio\African\women\id03658\00077.mp4,0,RealVideo-RealAudio,real,id03658,-,-,African,women,train
D__id03658__00077_id00371_t20i0HtPwW0_faceswap_id04705_wavtolip,raw\FakeAVCeleb_v1.2\FakeVideo-FakeAudio\African\women\id03658\00077_id00371_t20i0HtPwW0_faceswap_id04705_wavtolip.mp4,1,FakeVideo-FakeAudio,faceswap-wav2lip,id03658,id00371,faceswap,African,women,train
D__id06268__00159_id00739_wavtolip,raw\FakeAVCeleb_v1.2\FakeVideo-FakeAudio\Asian (South)\women\id06268\00159_id00739_wavtolip.mp4,1,FakeVideo-FakeAudio,wav2lip,id06268,id00739,-,Asian (South),women,train
D__id03858__00092_id00262_wavtolip,raw\FakeAVCeleb_v1.2\FakeVideo-FakeAudio\Caucasian (European)\women\id03858\00092_id00262_wavtolip.mp4,1,FakeVideo-FakeAudio,wav2lip,id03858,id00262,-,Caucasian (European),women,train
D__id00496__00015_id00262_3p7sRWAAh1Q_faceswap_id00234_wavtolip,raw\FakeAVCeleb_v1.2\FakeVideo-FakeAudio\Caucasian (European)\women\id00496\00015_id00262_3p7sRWAAh1Q_faceswap_id00234_wavtolip.mp4,1,FakeVideo-FakeAudio,faceswap-wav2lip,id00496,id00262,faceswap,Caucasian (European),women,train
C__id00383__00171_id01004_867Wlj7Gw68,raw\FakeAVCeleb_v1.2\FakeVideo-RealAudio\Caucasian (American)\women\id00383\00171_id01004_867Wlj7Gw68.mp4,1,FakeVideo-RealAudio,fsgan,id00383,id01004,-,Caucasian (American),women,train
D__id00103__00241_id07163_wavtolip,raw\FakeAVCeleb_v1.2\FakeVideo-FakeAudio\Asian (South)\men\id00103\00241_id07163_wavtolip.mp4,1,FakeVideo-FakeAudio,wav2lip,id00103,id07163,-,Asian (South),men,train
C__id00935__00005_id06054_EicsCdNDfBs,raw\FakeAVCeleb_v1.2\FakeVideo-RealAudio\Asian (East)\women\id00935\00005_id06054_EicsCdNDfBs.mp4,1,FakeVideo-RealAudio,fsgan,id00935,id06054,-,Asian (East),women,train
C__id02268__00036_id01856_6Q2f3b1QNRM,raw\FakeAVCeleb_v1.2\FakeVideo-RealAudio\African\men\id02268\00036_id01856_6Q2f3b1QNRM.mp4,1,FakeVideo-RealAudio,fsgan,id02268,id01856,-,African,men,train
A__id01048__00160,raw\FakeAVCeleb_v1.2\RealVideo-RealAudio\Caucasian (American)\men\id01048\00160.mp4,0,RealVideo-RealAudio,real,id01048,-,-,Caucasian (American),men,train
C__id00740__00015_id06776_wavtolip,raw\FakeAVCeleb_v1.2\FakeVideo-RealAudio\Asian (East)\men\id00740\00015_id06776_wavtolip.mp4,1,FakeVideo-RealAudio,wav2lip,id00740,id06776,-,Asian (East),men,train
A__id00835__00195,raw\FakeAVCeleb_v1.2\RealVideo-RealAudio\Caucasian (American)\women\id00835\00195.mp4,0,RealVideo-RealAudio,real,id00835,-,-,Caucasian (American),women,train
C__id07768__00143_id06354_PmWLmcJNUhM,raw\FakeAVCeleb_v1.2\FakeVideo-RealAudio\Asian (South)\men\id07768\00143_id06354_PmWLmcJNUhM.mp4,1,FakeVideo-RealAudio,fsgan,id07768,id06354,-,Asian (South),men,train
A__id02089__00092,raw\FakeAVCeleb_v1.2\RealVideo-RealAudio\Asian (South)\women\id02089\00092.mp4,0,RealVideo-RealAudio,real,id02089,-,-,Asian (South),women,train
C__id00266__00015_0,raw\FakeAVCeleb_v1.2\FakeVideo-RealAudio\Caucasian (European)\men\id00266\00015_0.mp4,1,FakeVideo-RealAudio,faceswap,id00266,0.mp4,-,Caucasian (European),men,train
A__id00080__00281,raw\FakeAVCeleb_v1.2\RealVideo-RealAudio\Asian (South)\women\id00080\00281.mp4,0,RealVideo-RealAudio,real,id00080,-,-,Asian (South),women,train
B__id08652__00006_fake,raw\FakeAVCeleb_v1.2\RealVideo-FakeAudio\Asian (East)\men\id08652\00006_fake.mp4,1,RealVideo-FakeAudio,rtvc,id08652,fake.mp4,-,Asian (East),men,train
C__id01182__00167_0,raw\FakeAVCeleb_v1.2\FakeVideo-RealAudio\Caucasian (American)\men\id01182\00167_0.mp4,1,FakeVideo-RealAudio,faceswap,id01182,0.mp4,-,Caucasian (American),men,train
C__id00735__00037_id03941_SsYtP8Ze88Q,raw\FakeAVCeleb_v1.2\FakeVideo-RealAudio\Caucasian (European)\women\id00735\00037_id03941_SsYtP8Ze88Q.mp4,1,FakeVideo-RealAudio,fsgan,id00735,id03941,-,Caucasian (European),women,train
D__id01126__00040_id01052_wavtolip,raw\FakeAVCeleb_v1.2\FakeVideo-FakeAudio\Caucasian (European)\men\id01126\00040_id01052_wavtolip.mp4,1,FakeVideo-FakeAudio,wav2lip,id01126,id01052,-,Caucasian (European),men,train
D__id04111__00015_id01204_biYGqpYBp7o_id04774_wavtolip,raw\FakeAVCeleb_v1.2\FakeVideo-FakeAudio\Asian (East)\men\id04111\00015_id01204_biYGqpYBp7o_id04774_wavtolip.mp4,1,FakeVideo-FakeAudio,fsgan-wav2lip,id04111,id01204,id04774,Asian (East),men,train
D__id01044__00336_id01192_kAht8HG7-1s_faceswap_id04034_wavtolip,raw\FakeAVCeleb_v1.2\FakeVideo-FakeAudio\Caucasian (American)\men\id01044\00336_id01192_kAht8HG7-1s_faceswap_id04034_wavtolip.mp4,1,FakeVideo-FakeAudio,faceswap-wav2lip,id01044,id01192,faceswap,Caucasian (American),men,train
D__id00458__00072_id00025_PjSeVtbvSjA_id01238_wavtolip,raw\FakeAVCeleb_v1.2\FakeVideo-FakeAudio\Caucasian (American)\women\id00458\00072_id00025_PjSeVtbvSjA_id01238_wavtolip.mp4,1,FakeVideo-FakeAudio,fsgan-wav2lip,id00458,id00025,id01238,Caucasian (American),women,train
A__id01223__00255,raw\FakeAVCeleb_v1.2\RealVideo-RealAudio\Caucasian (American)\women\id01223\00255.mp4,0,RealVideo-RealAudio,real,id01223,-,-,Caucasian (American),women,train
D__id07051__00083_id03559_pgetxl1qbzM_id05931_wavtolip,raw\FakeAVCeleb_v1.2\FakeVideo-FakeAudio\Asian (South)\women\id07051\00083_id03559_pgetxl1qbzM_id05931_wavtolip.mp4,1,FakeVideo-FakeAudio,fsgan-wav2lip,id07051,id03559,id05931,Asian (South),women,train
D__id00897__00005_id00232_wavtolip,raw\FakeAVCeleb_v1.2\FakeVideo-FakeAudio\Caucasian (European)\women\id00897\00005_id00232_wavtolip.mp4,1,FakeVideo-FakeAudio,wav2lip,id00897,id00232,-,Caucasian (European),women,train
C__id01192__00217_id01044_wavtolip,raw\FakeAVCeleb_v1.2\FakeVideo-RealAudio\Caucasian (American)\men\id01192\00217_id01044_wavtolip.mp4,1,FakeVideo-RealAudio,wav2lip,id01192,id01044,-,Caucasian (American),men,train
D__id06807__00015_id00126_wavtolip,raw\FakeAVCeleb_v1.2\FakeVideo-FakeAudio\Asian (East)\men\id06807\00015_id00126_wavtolip.mp4,1,FakeVideo-FakeAudio,faceswap-wav2lip,id06807,id00126,-,Asian (East),men,train
A__id00358__00217,raw\FakeAVCeleb_v1.2\RealVideo-RealAudio\Caucasian (European)\men\id00358\00217.mp4,0,RealVideo-RealAudio,real,id00358,-,-,Caucasian (European),men,train
A__id00383__00171,raw\FakeAVCeleb_v1.2\RealVideo-RealAudio\Caucasian (American)\women\id00383\00171.mp4,0,RealVideo-RealAudio,real,id00383,-,-,Caucasian (American),women,train
D__id04376__00181_id02838_kaCQlSGlLe8_id05231_wavtolip,raw\FakeAVCeleb_v1.2\FakeVideo-FakeAudio\African\women\id04376\00181_id02838_kaCQlSGlLe8_id05231_wavtolip.mp4,1,FakeVideo-FakeAudio,fsgan-wav2lip,id04376,id02838,id05231,African,women,train
D__id00945__00107_id00775_yeCUxHgUHxc_id00775_wavtolip,raw\FakeAVCeleb_v1.2\FakeVideo-FakeAudio\Caucasian (American)\men\id00945\00107_id00775_yeCUxHgUHxc_id00775_wavtolip.mp4,1,FakeVideo-FakeAudio,fsgan-wav2lip,id00945,id00775,id00775,Caucasian (American),men,train
A__id00137__00025,raw\FakeAVCeleb_v1.2\RealVideo-RealAudio\Asian (East)\women\id00137\00025.mp4,0,RealVideo-RealAudio,real,id00137,-,-,Asian (East),women,train
D__id02316__00094_id01179_wavtolip,raw\FakeAVCeleb_v1.2\FakeVideo-FakeAudio\African\men\id02316\00094_id01179_wavtolip.mp4,1,FakeVideo-FakeAudio,wav2lip,id02316,id01179,-,African,men,train
C__id07236__00143_id04530_W5-PTTL9HzU,raw\FakeAVCeleb_v1.2\FakeVideo-RealAudio\Asian (South)\women\id07236\00143_id04530_W5-PTTL9HzU.mp4,1,FakeVideo-RealAudio,fsgan,id07236,id04530,-,Asian (South),women,train
D__id01528__00017_id00944_DiW5D62667U_id02296_wavtolip,raw\FakeAVCeleb_v1.2\FakeVideo-FakeAudio\African\men\id01528\00017_id00944_DiW5D62667U_id02296_wavtolip.mp4,1,FakeVideo-FakeAudio,fsgan-wav2lip,id01528,id00944,id02296,African,men,train
D__id07165__00368_id00082_wavtolip,raw\FakeAVCeleb_v1.2\FakeVideo-FakeAudio\Asian (South)\men\id07165\00368_id00082_wavtolip.mp4,1,FakeVideo-FakeAudio,wav2lip,id07165,id00082,-,Asian (South),men,train
B__id00781__00092_fake,raw\FakeAVCeleb_v1.2\RealVideo-FakeAudio\African\men\id00781\00092_fake.mp4,1,RealVideo-FakeAudio,rtvc,id00781,fake.mp4,-,African,men,train
C__id01179__00160_id00366_wavtolip,raw\FakeAVCeleb_v1.2\FakeVideo-RealAudio\African\men\id01179\00160_id00366_wavtolip.mp4,1,FakeVideo-RealAudio,wav2lip,id01179,id00366,-,African,men,train
A__id02268__00036,raw\FakeAVCeleb_v1.2\RealVideo-RealAudio\African\men\id02268\00036.mp4,0,RealVideo-RealAudio,real,id02268,-,-,African,men,train
A__id00183__00015,raw\FakeAVCeleb_v1.2\RealVideo-RealAudio\Caucasian (European)\men\id00183\00015.mp4,0,RealVideo-RealAudio,real,id00183,-,-,Caucasian (European),men,train
D__id06753__00021_id00857_yJ7bbvwL4kU_faceswap_id00032_wavtolip,raw\FakeAVCeleb_v1.2\FakeVideo-FakeAudio\Asian (South)\men\id06753\00021_id00857_yJ7bbvwL4kU_faceswap_id00032_wavtolip.mp4,1,FakeVideo-FakeAudio,faceswap-wav2lip,id06753,id00857,faceswap,Asian (South),men,train
B__id00192__00078_fake,raw\FakeAVCeleb_v1.2\RealVideo-FakeAudio\Caucasian (European)\men\id00192\00078_fake.mp4,1,RealVideo-FakeAudio,rtvc,id00192,fake.mp4,-,Caucasian (European),men,train
D__id00769__00015_id07194_NDJaiff98Fo_faceswap_id07161_wavtolip,raw\FakeAVCeleb_v1.2\FakeVideo-FakeAudio\Asian (South)\men\id00769\00015_id07194_NDJaiff98Fo_faceswap_id07161_wavtolip.mp4,1,FakeVideo-FakeAudio,faceswap-wav2lip,id00769,id07194,faceswap,Asian (South),men,train
D__id04736__00083_id05235_ASy8lP3SRtw_faceswap_id02721_wavtolip,raw\FakeAVCeleb_v1.2\FakeVideo-FakeAudio\African\women\id04736\00083_id05235_ASy8lP3SRtw_faceswap_id02721_wavtolip.mp4,1,FakeVideo-FakeAudio,faceswap-wav2lip,id04736,id05235,faceswap,African,women,train
D__id04820__00015_id02617_wavtolip,raw\FakeAVCeleb_v1.2\FakeVideo-FakeAudio\African\women\id04820\00015_id02617_wavtolip.mp4,1,FakeVideo-FakeAudio,wav2lip,id04820,id02617,-,African,women,train
A__id04144__00028,raw\FakeAVCeleb_v1.2\RealVideo-RealAudio\Asian (East)\women\id04144\00028.mp4,0,RealVideo-RealAudio,real,id04144,-,-,Asian (East),women,train
D__id01105__00083_id01201_wavtolip,raw\FakeAVCeleb_v1.2\FakeVideo-FakeAudio\Caucasian (American)\men\id01105\00083_id01201_wavtolip.mp4,1,FakeVideo-FakeAudio,wav2lip,id01105,id01201,-,Caucasian (American),men,train
D__id01052__00076_id00171_PWU6n0qrv4c_id00266_wavtolip,raw\FakeAVCeleb_v1.2\FakeVideo-FakeAudio\Caucasian (European)\men\id01052\00076_id00171_PWU6n0qrv4c_id00266_wavtolip.mp4,1,FakeVideo-FakeAudio,fsgan-wav2lip,id01052,id00171,id00266,Caucasian (European),men,train
D__id07739__00019_id06065_wavtolip,raw\FakeAVCeleb_v1.2\FakeVideo-FakeAudio\Asian (East)\women\id07739\00019_id06065_wavtolip.mp4,1,FakeVideo-FakeAudio,wav2lip,id07739,id06065,-,Asian (East),women,train
C__id02807__00032_id05620_wavtolip,raw\FakeAVCeleb_v1.2\FakeVideo-RealAudio\Asian (East)\women\id02807\00032_id05620_wavtolip.mp4,1,FakeVideo-RealAudio,wav2lip,id02807,id05620,-,Asian (East),women,train
D__id03211__00032_id00582_9gvF6IohoUI_faceswap_id04414_wavtolip,raw\FakeAVCeleb_v1.2\FakeVideo-FakeAudio\Asian (East)\women\id03211\00032_id00582_9gvF6IohoUI_faceswap_id04414_wavtolip.mp4,1,FakeVideo-FakeAudio,faceswap-wav2lip,id03211,id00582,faceswap,Asian (East),women,train
A__id02508__00083,raw\FakeAVCeleb_v1.2\RealVideo-RealAudio\African\women\id02508\00083.mp4,0,RealVideo-RealAudio,real,id02508,-,-,African,women,train
A__id04691__1,raw\FakeAVCeleb_v1.2\RealVideo-RealAudio\Asian (East)\men\id04691\1.mp4,0,RealVideo-RealAudio,real,id04691,-,-,Asian (East),men,train
A__id08313__00202,raw\FakeAVCeleb_v1.2\RealVideo-RealAudio\Asian (South)\men\id08313\00202.mp4,0,RealVideo-RealAudio,real,id08313,-,-,Asian (South),men,train
D__id00773__00038_id07210_wavtolip,raw\FakeAVCeleb_v1.2\FakeVideo-FakeAudio\Asian (South)\men\id00773\00038_id07210_wavtolip.mp4,1,FakeVideo-FakeAudio,wav2lip,id00773,id07210,-,Asian (South),men,train
D__id00841__00078_id01075_MtJUiHspdT0_faceswap_id00261_wavtolip,raw\FakeAVCeleb_v1.2\FakeVideo-FakeAudio\Caucasian (American)\women\id00841\00078_id01075_MtJUiHspdT0_faceswap_id00261_wavtolip.mp4,1,FakeVideo-FakeAudio,faceswap-wav2lip,id00841,id01075,faceswap,Caucasian (American),women,train
C__id03757__00149_id00169__V1xAwwG29U,raw\FakeAVCeleb_v1.2\FakeVideo-RealAudio\Caucasian (American)\men\id03757\00149_id00169__V1xAwwG29U.mp4,1,FakeVideo-RealAudio,fsgan,id03757,id00169,-,Caucasian (American),men,train
C__id01521__00109_id02494_lObg47hQleE,raw\FakeAVCeleb_v1.2\FakeVideo-RealAudio\African\men\id01521\00109_id02494_lObg47hQleE.mp4,1,FakeVideo-RealAudio,fsgan,id01521,id02494,-,African,men,train
C__id01018__00072_id00332_wavtolip,raw\FakeAVCeleb_v1.2\FakeVideo-RealAudio\Caucasian (European)\women\id01018\00072_id00332_wavtolip.mp4,1,FakeVideo-RealAudio,wav2lip,id01018,id00332,-,Caucasian (European),women,train
C__id05251__00033_id02617_wavtolip,raw\FakeAVCeleb_v1.2\FakeVideo-RealAudio\African\women\id05251\00033_id02617_wavtolip.mp4,1,FakeVideo-RealAudio,wav2lip,id05251,id02617,-,African,women,train
C__id06437__00028_id04582_wavtolip,raw\FakeAVCeleb_v1.2\FakeVideo-RealAudio\Asian (South)\women\id06437\00028_id04582_wavtolip.mp4,1,FakeVideo-RealAudio,wav2lip,id06437,id04582,-,Asian (South),women,train
D__id03707__00055_id02466_VOgaA7O5yWY_faceswap_id02464_wavtolip,raw\FakeAVCeleb_v1.2\FakeVideo-FakeAudio\Caucasian (American)\women\id03707\00055_id02466_VOgaA7O5yWY_faceswap_id02464_wavtolip.mp4,1,FakeVideo-FakeAudio,faceswap-wav2lip,id03707,id02466,faceswap,Caucasian (American),women,train
D__id00261__00048_id00385_oqf8cNi7lOI_id00848_wavtolip,raw\FakeAVCeleb_v1.2\FakeVideo-FakeAudio\Caucasian (American)\women\id00261\00048_id00385_oqf8cNi7lOI_id00848_wavtolip.mp4,1,FakeVideo-FakeAudio,fsgan-wav2lip,id00261,id00385,id00848,Caucasian (American),women,train
C__id01589__00017_id06269_wavtolip,raw\FakeAVCeleb_v1.2\FakeVideo-RealAudio\Asian (East)\men\id01589\00017_id06269_wavtolip.mp4,1,FakeVideo-RealAudio,wav2lip,id01589,id06269,-,Asian (East),men,train
C__id01018__00072_id00569_gSynmpwioV4,raw\FakeAVCeleb_v1.2\FakeVideo-RealAudio\Caucasian (European)\women\id01018\00072_id00569_gSynmpwioV4.mp4,1,FakeVideo-RealAudio,fsgan,id01018,id00569,-,Caucasian (European),women,train
D__id00618__00195_id00835_wavtolip,raw\FakeAVCeleb_v1.2\FakeVideo-FakeAudio\Caucasian (American)\women\id00618\00195_id00835_wavtolip.mp4,1,FakeVideo-FakeAudio,wav2lip,id00618,id00835,-,Caucasian (American),women,train
C__id00391__00052_id01717_wavtolip,raw\FakeAVCeleb_v1.2\FakeVideo-RealAudio\African\men\id00391\00052_id01717_wavtolip.mp4,1,FakeVideo-RealAudio,wav2lip,id00391,id01717,-,African,men,train
D__id04701__00017_id04144__FJg9YswRzQ_id00579_wavtolip,raw\FakeAVCeleb_v1.2\FakeVideo-FakeAudio\Asian (East)\women\id04701\00017_id04144__FJg9YswRzQ_id00579_wavtolip.mp4,1,FakeVideo-FakeAudio,fsgan-wav2lip,id04701,id04144,FJg9YswRzQ,Asian (East),women,train
C__id03379__00032_id05576_wavtolip,raw\FakeAVCeleb_v1.2\FakeVideo-RealAudio\Asian (East)\women\id03379\00032_id05576_wavtolip.mp4,1,FakeVideo-RealAudio,wav2lip,id03379,id05576,-,Asian (East),women,train
D__id01124__00063_id00345_TIsGVOYfvZ8_id04219_wavtolip,raw\FakeAVCeleb_v1.2\FakeVideo-FakeAudio\Caucasian (American)\men\id01124\00063_id00345_TIsGVOYfvZ8_id04219_wavtolip.mp4,1,FakeVideo-FakeAudio,fsgan-wav2lip,id01124,id00345,id04219,Caucasian (American),men,train
D__id00055__00120_id00183_z2DhZllPWUQ_faceswap_id01051_wavtolip,raw\FakeAVCeleb_v1.2\FakeVideo-FakeAudio\Caucasian (European)\men\id00055\00120_id00183_z2DhZllPWUQ_faceswap_id01051_wavtolip.mp4,1,FakeVideo-FakeAudio,faceswap-wav2lip,id00055,id00183,faceswap,Caucasian (European),men,train
D__id07210__00005_id03599_y27BDmRUqMQ_id00033_wavtolip,raw\FakeAVCeleb_v1.2\FakeVideo-FakeAudio\Asian (South)\men\id07210\00005_id03599_y27BDmRUqMQ_id00033_wavtolip.mp4,1,FakeVideo-FakeAudio,fsgan-wav2lip,id07210,id03599,id00033,Asian (South),men,train
D__id00478__00206_id04727_wavtolip,raw\FakeAVCeleb_v1.2\FakeVideo-FakeAudio\African\men\id00478\00206_id04727_wavtolip.mp4,1,FakeVideo-FakeAudio,wav2lip,id00478,id04727,-,African,men,train
A__id01154__00118,raw\FakeAVCeleb_v1.2\RealVideo-RealAudio\Caucasian (European)\men\id01154\00118.mp4,0,RealVideo-RealAudio,real,id01154,-,-,Caucasian (European),men,train
D__id02005__00052_id01179_RnqLJMrWELw_id00761_wavtolip,raw\FakeAVCeleb_v1.2\FakeVideo-FakeAudio\African\men\id02005\00052_id01179_RnqLJMrWELw_id00761_wavtolip.mp4,1,FakeVideo-FakeAudio,fsgan-wav2lip,id02005,id01179,id00761,African,men,train
D__id00231__00037_id00100_wavtolip,raw\FakeAVCeleb_v1.2\FakeVideo-FakeAudio\Caucasian (American)\women\id00231\00037_id00100_wavtolip.mp4,1,FakeVideo-FakeAudio,wav2lip,id00231,id00100,-,Caucasian (American),women,train
D__id00332__00293_id00591_1Jo8xElXQMs_id00325_wavtolip,raw\FakeAVCeleb_v1.2\FakeVideo-FakeAudio\Caucasian (European)\women\id00332\00293_id00591_1Jo8xElXQMs_id00325_wavtolip.mp4,1,FakeVideo-FakeAudio,fsgan-wav2lip,id00332,id00591,id00325,Caucasian (European),women,train
C__id01532__00065_id00829_aMEvVaUBq2Y_faceswap,raw\FakeAVCeleb_v1.2\FakeVideo-RealAudio\African\women\id01532\00065_id00829_aMEvVaUBq2Y_faceswap.mp4,1,FakeVideo-RealAudio,faceswap,id01532,id00829,-,African,women,train
D__id00732__00118_id07195_wavtolip,raw\FakeAVCeleb_v1.2\FakeVideo-FakeAudio\Asian (South)\men\id00732\00118_id07195_wavtolip.mp4,1,FakeVideo-FakeAudio,wav2lip,id00732,id07195,-,Asian (South),men,train
D__id01835__00130_id00944_DiW5D62667U_id01392_wavtolip,raw\FakeAVCeleb_v1.2\FakeVideo-FakeAudio\African\men\id01835\00130_id00944_DiW5D62667U_id01392_wavtolip.mp4,1,FakeVideo-FakeAudio,fsgan-wav2lip,id01835,id00944,id01392,African,men,train
D__id00262__00028_id00495_E46aiMUC4A0_id00591_wavtolip,raw\FakeAVCeleb_v1.2\FakeVideo-FakeAudio\Caucasian (European)\women\id00262\00028_id00495_E46aiMUC4A0_id00591_wavtolip.mp4,1,FakeVideo-FakeAudio,fsgan-wav2lip,id00262,id00495,id00591,Caucasian (European),women,train
C__id00841__00078_id01004_wavtolip,raw\FakeAVCeleb_v1.2\FakeVideo-RealAudio\Caucasian (American)\women\id00841\00078_id01004_wavtolip.mp4,1,FakeVideo-RealAudio,wav2lip,id00841,id01004,-,Caucasian (American),women,train
A__id03569__00065,raw\FakeAVCeleb_v1.2\RealVideo-RealAudio\African\women\id03569\00065.mp4,0,RealVideo-RealAudio,real,id03569,-,-,African,women,train
D__id00241__00015_2_id00594_wavtolip,raw\FakeAVCeleb_v1.2\FakeVideo-FakeAudio\Caucasian (European)\men\id00241\00015_2_id00594_wavtolip.mp4,1,FakeVideo-FakeAudio,faceswap-wav2lip,id00241,2,-,Caucasian (European),men,train
A__id00417__00069,raw\FakeAVCeleb_v1.2\RealVideo-RealAudio\Asian (South)\women\id00417\00069.mp4,0,RealVideo-RealAudio,real,id00417,-,-,Asian (South),women,train
C__id00266__00470_id00594_2WHHoksbeVw_faceswap,raw\FakeAVCeleb_v1.2\FakeVideo-RealAudio\Caucasian (European)\men\id00266\00470_id00594_2WHHoksbeVw_faceswap.mp4,1,FakeVideo-RealAudio,faceswap,id00266,id00594,-,Caucasian (European),men,train
A__id00190__00072,raw\FakeAVCeleb_v1.2\RealVideo-RealAudio\Caucasian (American)\women\id00190\00072.mp4,0,RealVideo-RealAudio,real,id00190,-,-,Caucasian (American),women,train
C__id01179__00160_id00166_PQV2ZbJBLNk,raw\FakeAVCeleb_v1.2\FakeVideo-RealAudio\African\men\id01179\00160_id00166_PQV2ZbJBLNk.mp4,1,FakeVideo-RealAudio,fsgan,id01179,id00166,-,African,men,train
A__id07049__00043,raw\FakeAVCeleb_v1.2\RealVideo-RealAudio\Asian (South)\women\id07049\00043.mp4,0,RealVideo-RealAudio,real,id07049,-,-,Asian (South),women,train
C__id04490__00054_id07008_wavtolip,raw\FakeAVCeleb_v1.2\FakeVideo-RealAudio\Asian (South)\women\id04490\00054_id07008_wavtolip.mp4,1,FakeVideo-RealAudio,wav2lip,id04490,id07008,-,Asian (South),women,train
D__id01052__00076_id00225_wavtolip,raw\FakeAVCeleb_v1.2\FakeVideo-FakeAudio\Caucasian (European)\men\id01052\00076_id00225_wavtolip.mp4,1,FakeVideo-FakeAudio,wav2lip,id01052,id00225,-,Caucasian (European),men,train
D__id04219__00130_id00018_sap-FjURHlc_faceswap_id01042_wavtolip,raw\FakeAVCeleb_v1.2\FakeVideo-FakeAudio\Caucasian (American)\men\id04219\00130_id00018_sap-FjURHlc_faceswap_id01042_wavtolip.mp4,1,FakeVideo-FakeAudio,faceswap-wav2lip,id04219,id00018,faceswap,Caucasian (American),men,train
A__id06753__00021,raw\FakeAVCeleb_v1.2\RealVideo-RealAudio\Asian (South)\men\id06753\00021.mp4,0,RealVideo-RealAudio,real,id06753,-,-,Asian (South),men,train
C__id04540__00078_id04939_wavtolip,raw\FakeAVCeleb_v1.2\FakeVideo-RealAudio\African\women\id04540\00078_id04939_wavtolip.mp4,1,FakeVideo-RealAudio,wav2lip,id04540,id04939,-,African,women,train
D__id07051__00083_id07008_wavtolip,raw\FakeAVCeleb_v1.2\FakeVideo-FakeAudio\Asian (South)\women\id07051\00083_id07008_wavtolip.mp4,1,FakeVideo-FakeAudio,wav2lip,id07051,id07008,-,Asian (South),women,train
D__id00078__00114_id06354_PmWLmcJNUhM_id06334_wavtolip,raw\FakeAVCeleb_v1.2\FakeVideo-FakeAudio\Asian (South)\men\id00078\00114_id06354_PmWLmcJNUhM_id06334_wavtolip.mp4,1,FakeVideo-FakeAudio,fsgan-wav2lip,id00078,id06354,id06334,Asian (South),men,train
A__id00816__00118,raw\FakeAVCeleb_v1.2\RealVideo-RealAudio\Asian (South)\men\id00816\00118.mp4,0,RealVideo-RealAudio,real,id00816,-,-,Asian (South),men,train
D__id02494__00050_id01036_wavtolip,raw\FakeAVCeleb_v1.2\FakeVideo-FakeAudio\African\men\id02494\00050_id01036_wavtolip.mp4,1,FakeVideo-FakeAudio,wav2lip,id02494,id01036,-,African,men,train
D__id01192__00217_id01239_gJvquKo7kbA_id03668_wavtolip,raw\FakeAVCeleb_v1.2\FakeVideo-FakeAudio\Caucasian (American)\men\id01192\00217_id01239_gJvquKo7kbA_id03668_wavtolip.mp4,1,FakeVideo-FakeAudio,fsgan-wav2lip,id01192,id01239,id03668,Caucasian (American),men,train
A__id00848__00028,raw\FakeAVCeleb_v1.2\RealVideo-RealAudio\Caucasian (American)\women\id00848\00028.mp4,0,RealVideo-RealAudio,real,id00848,-,-,Caucasian (American),women,train
D__id04057__00015_id07799_wavtolip,raw\FakeAVCeleb_v1.2\FakeVideo-FakeAudio\Asian (East)\women\id04057\00015_id07799_wavtolip.mp4,1,FakeVideo-FakeAudio,wav2lip,id04057,id07799,-,Asian (East),women,train
D__id03656__00052_3_id04705_wavtolip,raw\FakeAVCeleb_v1.2\FakeVideo-FakeAudio\African\women\id03656\00052_3_id04705_wavtolip.mp4,1,FakeVideo-FakeAudio,faceswap-wav2lip,id03656,3,-,African,women,train
D__id00418__00052_id00025_wavtolip,raw\FakeAVCeleb_v1.2\FakeVideo-FakeAudio\Caucasian (American)\women\id00418\00052_id00025_wavtolip.mp4,1,FakeVideo-FakeAudio,wav2lip,id00418,id00025,-,Caucasian (American),women,train
D__id05434__00052_id04583_wavtolip,raw\FakeAVCeleb_v1.2\FakeVideo-FakeAudio\Asian (South)\women\id05434\00052_id04583_wavtolip.mp4,1,FakeVideo-FakeAudio,wav2lip,id05434,id04583,-,Asian (South),women,train
A__id08299__00110,raw\FakeAVCeleb_v1.2\RealVideo-RealAudio\Asian (East)\men\id08299\00110.mp4,0,RealVideo-RealAudio,real,id08299,-,-,Asian (East),men,train
C__id00773__00038_id00078_9CoVxzTOAhk,raw\FakeAVCeleb_v1.2\FakeVideo-RealAudio\Asian (South)\men\id00773\00038_id00078_9CoVxzTOAhk.mp4,1,FakeVideo-RealAudio,fsgan,id00773,id00078,-,Asian (South),men,train
A__id06439__00118,raw\FakeAVCeleb_v1.2\RealVideo-RealAudio\Asian (South)\women\id06439\00118.mp4,0,RealVideo-RealAudio,real,id06439,-,-,Asian (South),women,train
C__id07108__00412_id06334_wavtolip,raw\FakeAVCeleb_v1.2\FakeVideo-RealAudio\Asian (South)\men\id07108\00412_id06334_wavtolip.mp4,1,FakeVideo-RealAudio,wav2lip,id07108,id06334,-,Asian (South),men,train
A__id00055__00120,raw\FakeAVCeleb_v1.2\RealVideo-RealAudio\Caucasian (European)\men\id00055\00120.mp4,0,RealVideo-RealAudio,real,id00055,-,-,Caucasian (European),men,train
C__id01838__00126_id05106_ZnnDdjlABM4,raw\FakeAVCeleb_v1.2\FakeVideo-RealAudio\African\women\id01838\00126_id05106_ZnnDdjlABM4.mp4,1,FakeVideo-RealAudio,fsgan,id01838,id05106,-,African,women,train
A__id00740__00015,raw\FakeAVCeleb_v1.2\RealVideo-RealAudio\Asian (East)\men\id00740\00015.mp4,0,RealVideo-RealAudio,real,id00740,-,-,Asian (East),men,train
D__id00183__00015_id00253_wavtolip,raw\FakeAVCeleb_v1.2\FakeVideo-FakeAudio\Caucasian (European)\men\id00183\00015_id00253_wavtolip.mp4,1,FakeVideo-FakeAudio,wav2lip,id00183,id00253,-,Caucasian (European),men,train
D__id04144__00028_id00582_9gvF6IohoUI_id05620_wavtolip,raw\FakeAVCeleb_v1.2\FakeVideo-FakeAudio\Asian (East)\women\id04144\00028_id00582_9gvF6IohoUI_id05620_wavtolip.mp4,1,FakeVideo-FakeAudio,fsgan-wav2lip,id04144,id00582,id05620,Asian (East),women,train
D__id06470__00052_id09053_6baCAGutGFg_id04687_wavtolip,raw\FakeAVCeleb_v1.2\FakeVideo-FakeAudio\Asian (East)\men\id06470\00052_id09053_6baCAGutGFg_id04687_wavtolip.mp4,1,FakeVideo-FakeAudio,fsgan-wav2lip,id06470,id09053,id04687,Asian (East),men,train
C__id03707__00055_id00291_wavtolip,raw\FakeAVCeleb_v1.2\FakeVideo-RealAudio\Caucasian (American)\women\id03707\00055_id00291_wavtolip.mp4,1,FakeVideo-RealAudio,wav2lip,id03707,id00291,-,Caucasian (American),women,train
A__id06427__00138,raw\FakeAVCeleb_v1.2\RealVideo-RealAudio\Asian (East)\women\id06427\00138.mp4,0,RealVideo-RealAudio,real,id06427,-,-,Asian (East),women,train
D__id00554__00028_id00055_XzCF6sJ8Axc_id00559_wavtolip,raw\FakeAVCeleb_v1.2\FakeVideo-FakeAudio\Caucasian (European)\men\id00554\00028_id00055_XzCF6sJ8Axc_id00559_wavtolip.mp4,1,FakeVideo-FakeAudio,fsgan-wav2lip,id00554,id00055,id00559,Caucasian (European),men,train
B__id03815__00118_fake,raw\FakeAVCeleb_v1.2\RealVideo-FakeAudio\Asian (South)\women\id03815\00118_fake.mp4,1,RealVideo-FakeAudio,rtvc,id03815,fake.mp4,-,Asian (South),women,train
D__id03656__00052_1_id00460_wavtolip,raw\FakeAVCeleb_v1.2\FakeVideo-FakeAudio\African\women\id03656\00052_1_id00460_wavtolip.mp4,1,FakeVideo-FakeAudio,faceswap-wav2lip,id03656,1,-,African,women,train
D__id00848__00028_id02466_VOgaA7O5yWY_faceswap_id02466_wavtolip,raw\FakeAVCeleb_v1.2\FakeVideo-FakeAudio\Caucasian (American)\women\id00848\00028_id02466_VOgaA7O5yWY_faceswap_id02466_wavtolip.mp4,1,FakeVideo-FakeAudio,faceswap-wav2lip,id00848,id02466,faceswap,Caucasian (American),women,train
A__id01076__00005,raw\FakeAVCeleb_v1.2\RealVideo-RealAudio\African\men\id01076\00005.mp4,0,RealVideo-RealAudio,real,id01076,-,-,African,men,train
A__id02493__00073,raw\FakeAVCeleb_v1.2\RealVideo-RealAudio\Asian (East)\men\id02493\00073.mp4,0,RealVideo-RealAudio,real,id02493,-,-,Asian (East),men,train
D__id00761__00072_id01835_UZbWA0QfXXA_id01610_wavtolip,raw\FakeAVCeleb_v1.2\FakeVideo-FakeAudio\African\men\id00761\00072_id01835_UZbWA0QfXXA_id01610_wavtolip.mp4,1,FakeVideo-FakeAudio,fsgan-wav2lip,id00761,id01835,id01610,African,men,train
A__id00732__00118,raw\FakeAVCeleb_v1.2\RealVideo-RealAudio\Asian (South)\men\id00732\00118.mp4,0,RealVideo-RealAudio,real,id00732,-,-,Asian (South),men,train
A__id07165__00368,raw\FakeAVCeleb_v1.2\RealVideo-RealAudio\Asian (South)\men\id07165\00368.mp4,0,RealVideo-RealAudio,real,id07165,-,-,Asian (South),men,train
D__id01589__00017_id03889_C54Tw6xrc4U_faceswap_id03889_wavtolip,raw\FakeAVCeleb_v1.2\FakeVideo-FakeAudio\Asian (East)\men\id01589\00017_id03889_C54Tw6xrc4U_faceswap_id03889_wavtolip.mp4,1,FakeVideo-FakeAudio,faceswap-wav2lip,id01589,id03889,faceswap,Asian (East),men,train
A__id04537__00083,raw\FakeAVCeleb_v1.2\RealVideo-RealAudio\Asian (South)\men\id04537\00083.mp4,0,RealVideo-RealAudio,real,id04537,-,-,Asian (South),men,train
C__id00272__00195_id00398_wavtolip,raw\FakeAVCeleb_v1.2\FakeVideo-RealAudio\Caucasian (American)\women\id00272\00195_id00398_wavtolip.mp4,1,FakeVideo-RealAudio,wav2lip,id00272,id00398,-,Caucasian (American),women,train
C__id03707__00055_id01216_IRxEWpT_lZs,raw\FakeAVCeleb_v1.2\FakeVideo-RealAudio\Caucasian (American)\women\id03707\00055_id01216_IRxEWpT_lZs.mp4,1,FakeVideo-RealAudio,fsgan,id03707,id01216,-,Caucasian (American),women,train
C__id01683__00052_id05743_wavtolip,raw\FakeAVCeleb_v1.2\FakeVideo-RealAudio\Asian (East)\men\id01683\00052_id05743_wavtolip.mp4,1,FakeVideo-RealAudio,wav2lip,id01683,id05743,-,Asian (East),men,train
D__id00945__00107_id00052_NK_leX996Yk_id01201_wavtolip,raw\FakeAVCeleb_v1.2\FakeVideo-FakeAudio\Caucasian (American)\men\id00945\00107_id00052_NK_leX996Yk_id01201_wavtolip.mp4,1,FakeVideo-FakeAudio,fsgan-wav2lip,id00945,id00052,leX996Yk,Caucasian (American),men,train
C__id03103__00130_id03656_wavtolip,raw\FakeAVCeleb_v1.2\FakeVideo-RealAudio\African\women\id03103\00130_id03656_wavtolip.mp4,1,FakeVideo-RealAudio,wav2lip,id03103,id03656,-,African,women,train
A__id05478__00135,raw\FakeAVCeleb_v1.2\RealVideo-RealAudio\Asian (South)\women\id05478\00135.mp4,0,RealVideo-RealAudio,real,id05478,-,-,Asian (South),women,train
C__id01838__00126_id00707_feeHCIlo6jg,raw\FakeAVCeleb_v1.2\FakeVideo-RealAudio\African\women\id01838\00126_id00707_feeHCIlo6jg.mp4,1,FakeVideo-RealAudio,fsgan,id01838,id00707,-,African,women,train
D__id00484__00202_id01002_wavtolip,raw\FakeAVCeleb_v1.2\FakeVideo-FakeAudio\Caucasian (European)\women\id00484\00202_id01002_wavtolip.mp4,1,FakeVideo-FakeAudio,wav2lip,id00484,id01002,-,Caucasian (European),women,train
D__id01026__00083_2_id03559_wavtolip,raw\FakeAVCeleb_v1.2\FakeVideo-FakeAudio\Asian (South)\women\id01026\00083_2_id03559_wavtolip.mp4,1,FakeVideo-FakeAudio,faceswap-wav2lip,id01026,2,-,Asian (South),women,train
C__id00999__00028_id01157_yDgqfOWVKko,raw\FakeAVCeleb_v1.2\FakeVideo-RealAudio\Caucasian (European)\men\id00999\00028_id01157_yDgqfOWVKko.mp4,1,FakeVideo-RealAudio,fsgan,id00999,id01157,-,Caucasian (European),men,train
A__id03605__00048,raw\FakeAVCeleb_v1.2\RealVideo-RealAudio\Caucasian (American)\women\id03605\00048.mp4,0,RealVideo-RealAudio,real,id03605,-,-,Caucasian (American),women,train
C__id02493__00073_id03168_wavtolip,raw\FakeAVCeleb_v1.2\FakeVideo-RealAudio\Asian (East)\men\id02493\00073_id03168_wavtolip.mp4,1,FakeVideo-RealAudio,wav2lip,id02493,id03168,-,Asian (East),men,train
D__id03707__00055_id02466_VOgaA7O5yWY_faceswap_id03696_wavtolip,raw\FakeAVCeleb_v1.2\FakeVideo-FakeAudio\Caucasian (American)\women\id03707\00055_id02466_VOgaA7O5yWY_faceswap_id03696_wavtolip.mp4,1,FakeVideo-FakeAudio,faceswap-wav2lip,id03707,id02466,faceswap,Caucasian (American),women,train
D__id03757__00149_id01168_Uz7M0nTbgWM_id04221_wavtolip,raw\FakeAVCeleb_v1.2\FakeVideo-FakeAudio\Caucasian (American)\men\id03757\00149_id01168_Uz7M0nTbgWM_id04221_wavtolip.mp4,1,FakeVideo-FakeAudio,fsgan-wav2lip,id03757,id01168,id04221,Caucasian (American),men,train
D__id03103__00130_id04055_0qrzF4HLXHY_id04939_wavtolip,raw\FakeAVCeleb_v1.2\FakeVideo-FakeAudio\African\women\id03103\00130_id04055_0qrzF4HLXHY_id04939_wavtolip.mp4,1,FakeVideo-FakeAudio,fsgan-wav2lip,id03103,id04055,id04939,African,women,train
D__id06752__00221_id07008_hbwmyKv9Hio_id06254_wavtolip,raw\FakeAVCeleb_v1.2\FakeVideo-FakeAudio\Asian (South)\women\id06752\00221_id07008_hbwmyKv9Hio_id06254_wavtolip.mp4,1,FakeVideo-FakeAudio,fsgan-wav2lip,id06752,id07008,id06254,Asian (South),women,train
D__id01124__00063_id00179_Ux9OYyipQi8_id01042_wavtolip,raw\FakeAVCeleb_v1.2\FakeVideo-FakeAudio\Caucasian (American)\men\id01124\00063_id00179_Ux9OYyipQi8_id01042_wavtolip.mp4,1,FakeVideo-FakeAudio,fsgan-wav2lip,id01124,id00179,id01042,Caucasian (American),men,train
C__id01179__00160_id00076_wavtolip,raw\FakeAVCeleb_v1.2\FakeVideo-RealAudio\African\men\id01179\00160_id00076_wavtolip.mp4,1,FakeVideo-RealAudio,wav2lip,id01179,id00076,-,African,men,train
A__id04789__002121,raw\FakeAVCeleb_v1.2\RealVideo-RealAudio\Asian (East)\men\id04789\002121.mp4,0,RealVideo-RealAudio,real,id04789,-,-,Asian (East),men,train
C__id02365__00028_id06470_XoAiqCrOlyk,raw\FakeAVCeleb_v1.2\FakeVideo-RealAudio\Asian (East)\men\id02365\00028_id06470_XoAiqCrOlyk.mp4,1,FakeVideo-RealAudio,fsgan,id02365,id06470,-,Asian (East),men,train
C__id04726__00245_1,raw\FakeAVCeleb_v1.2\FakeVideo-RealAudio\Asian (East)\men\id04726\00245_1.mp4,1,FakeVideo-RealAudio,faceswap,id04726,1.mp4,-,Asian (East),men,train
D__id01042__00154_id01211_wavtolip,raw\FakeAVCeleb_v1.2\FakeVideo-FakeAudio\Caucasian (American)\men\id01042\00154_id01211_wavtolip.mp4,1,FakeVideo-FakeAudio,wav2lip,id01042,id01211,-,Caucasian (American),men,train
C__id07136__00052_id06445_NWtdqOxEbDY,raw\FakeAVCeleb_v1.2\FakeVideo-RealAudio\Asian (South)\women\id07136\00052_id06445_NWtdqOxEbDY.mp4,1,FakeVideo-RealAudio,fsgan,id07136,id06445,-,Asian (South),women,train
C__id04376__00181_id03569_wavtolip,raw\FakeAVCeleb_v1.2\FakeVideo-RealAudio\African\women\id04376\00181_id03569_wavtolip.mp4,1,FakeVideo-RealAudio,wav2lip,id04376,id03569,-,African,women,train
C__id00428__00017_id01004_867Wlj7Gw68,raw\FakeAVCeleb_v1.2\FakeVideo-RealAudio\Caucasian (American)\women\id00428\00017_id01004_867Wlj7Gw68.mp4,1,FakeVideo-RealAudio,fsgan,id00428,id01004,-,Caucasian (American),women,train
B__id02493__00073_fake,raw\FakeAVCeleb_v1.2\RealVideo-FakeAudio\Asian (East)\men\id02493\00073_fake.mp4,1,RealVideo-FakeAudio,rtvc,id02493,fake.mp4,-,Asian (East),men,train
C__id04490__00054_id06752_PYYIloTJiH0,raw\FakeAVCeleb_v1.2\FakeVideo-RealAudio\Asian (South)\women\id04490\00054_id06752_PYYIloTJiH0.mp4,1,FakeVideo-RealAudio,fsgan,id04490,id06752,-,Asian (South),women,train
C__id00835__00195_id01217_7lVC4xEK_6E,raw\FakeAVCeleb_v1.2\FakeVideo-RealAudio\Caucasian (American)\women\id00835\00195_id01217_7lVC4xEK_6E.mp4,1,FakeVideo-RealAudio,fsgan,id00835,id01217,-,Caucasian (American),women,train
C__id04564__00417_0,raw\FakeAVCeleb_v1.2\FakeVideo-RealAudio\Asian (South)\women\id04564\00417_0.mp4,1,FakeVideo-RealAudio,faceswap,id04564,0.mp4,-,Asian (South),women,train
C__id06428__00043_id04927_wavtolip,raw\FakeAVCeleb_v1.2\FakeVideo-RealAudio\Asian (South)\women\id06428\00043_id04927_wavtolip.mp4,1,FakeVideo-RealAudio,wav2lip,id06428,id04927,-,Asian (South),women,train
D__id07689__00028_id06343_wavtolip,raw\FakeAVCeleb_v1.2\FakeVideo-FakeAudio\Asian (South)\women\id07689\00028_id06343_wavtolip.mp4,1,FakeVideo-FakeAudio,wav2lip,id07689,id06343,-,Asian (South),women,train
A__id03668__00143,raw\FakeAVCeleb_v1.2\RealVideo-RealAudio\Caucasian (American)\men\id03668\00143.mp4,0,RealVideo-RealAudio,real,id03668,-,-,Caucasian (American),men,train
D__id02807__00032_id06462_Nn79kE76MA4_faceswap_id09116_wavtolip,raw\FakeAVCeleb_v1.2\FakeVideo-FakeAudio\Asian (East)\women\id02807\00032_id06462_Nn79kE76MA4_faceswap_id09116_wavtolip.mp4,1,FakeVideo-FakeAudio,faceswap-wav2lip,id02807,id06462,faceswap,Asian (East),women,train
D__id00373__00028_id00188_e-vm5FB3idA_id00634_wavtolip,raw\FakeAVCeleb_v1.2\FakeVideo-FakeAudio\Caucasian (European)\women\id00373\00028_id00188_e-vm5FB3idA_id00634_wavtolip.mp4,1,FakeVideo-FakeAudio,fsgan-wav2lip,id00373,id00188,id00634,Caucasian (European),women,train
C__id02807__00032_id08402_wavtolip,raw\FakeAVCeleb_v1.2\FakeVideo-RealAudio\Asian (East)\women\id02807\00032_id08402_wavtolip.mp4,1,FakeVideo-RealAudio,wav2lip,id02807,id08402,-,Asian (East),women,train
C__id00709__00206_id00063_wavtolip,raw\FakeAVCeleb_v1.2\FakeVideo-RealAudio\Caucasian (European)\men\id00709\00206_id00063_wavtolip.mp4,1,FakeVideo-RealAudio,wav2lip,id00709,id00063,-,Caucasian (European),men,train
A__id04726__00245,raw\FakeAVCeleb_v1.2\RealVideo-RealAudio\Asian (East)\men\id04726\00245.mp4,0,RealVideo-RealAudio,real,id04726,-,-,Asian (East),men,train
C__id00999__00028_id00225_wavtolip,raw\FakeAVCeleb_v1.2\FakeVideo-RealAudio\Caucasian (European)\men\id00999\00028_id00225_wavtolip.mp4,1,FakeVideo-RealAudio,wav2lip,id00999,id00225,-,Caucasian (European),men,train
C__id00180__00206_id01075_MtJUiHspdT0,raw\FakeAVCeleb_v1.2\FakeVideo-RealAudio\Caucasian (American)\women\id00180\00206_id01075_MtJUiHspdT0.mp4,1,FakeVideo-RealAudio,fsgan,id00180,id01075,-,Caucasian (American),women,train
D__id01544__00044_id01691_IVtS5z8Jrrk_id00076_wavtolip,raw\FakeAVCeleb_v1.2\FakeVideo-FakeAudio\African\men\id01544\00044_id01691_IVtS5z8Jrrk_id00076_wavtolip.mp4,1,FakeVideo-FakeAudio,fsgan-wav2lip,id01544,id01691,id00076,African,men,train
D__id03815__00118_id07689_wavtolip,raw\FakeAVCeleb_v1.2\FakeVideo-FakeAudio\Asian (South)\women\id03815\00118_id07689_wavtolip.mp4,1,FakeVideo-FakeAudio,wav2lip,id03815,id07689,-,Asian (South),women,train
D__id01058__00005_0_id00305_wavtolip,raw\FakeAVCeleb_v1.2\FakeVideo-FakeAudio\Caucasian (European)\men\id01058\00005_0_id00305_wavtolip.mp4,1,FakeVideo-FakeAudio,faceswap-wav2lip,id01058,0,-,Caucasian (European),men,train
C__id05980__00143_id02301_wavtolip,raw\FakeAVCeleb_v1.2\FakeVideo-RealAudio\African\women\id05980\00143_id02301_wavtolip.mp4,1,FakeVideo-RealAudio,wav2lip,id05980,id02301,-,African,women,train
C__id03965__00051_id04789_wavtolip,raw\FakeAVCeleb_v1.2\FakeVideo-RealAudio\Asian (East)\men\id03965\00051_id04789_wavtolip.mp4,1,FakeVideo-RealAudio,wav2lip,id03965,id04789,-,Asian (East),men,train
D__id01933__00028_id00987_wavtolip,raw\FakeAVCeleb_v1.2\FakeVideo-FakeAudio\African\men\id01933\00028_id00987_wavtolip.mp4,1,FakeVideo-FakeAudio,wav2lip,id01933,id00987,-,African,men,train
C__id00049__00118_id00169_wavtolip,raw\FakeAVCeleb_v1.2\FakeVideo-RealAudio\Caucasian (American)\men\id00049\00118_id00169_wavtolip.mp4,1,FakeVideo-RealAudio,wav2lip,id00049,id00169,-,Caucasian (American),men,train
D__id03941__00021_id00735_wavtolip,raw\FakeAVCeleb_v1.2\FakeVideo-FakeAudio\Caucasian (European)\women\id03941\00021_id00735_wavtolip.mp4,1,FakeVideo-FakeAudio,wav2lip,id03941,id00735,-,Caucasian (European),women,train
C__id01610__00090_id00944_wavtolip,raw\FakeAVCeleb_v1.2\FakeVideo-RealAudio\African\men\id01610\00090_id00944_wavtolip.mp4,1,FakeVideo-RealAudio,wav2lip,id01610,id00944,-,African,men,train
A__id08457__00417,raw\FakeAVCeleb_v1.2\RealVideo-RealAudio\Asian (South)\men\id08457\00417.mp4,0,RealVideo-RealAudio,real,id08457,-,-,Asian (South),men,train
D__id02617__00028_id01532_wavtolip,raw\FakeAVCeleb_v1.2\FakeVideo-FakeAudio\African\women\id02617\00028_id01532_wavtolip.mp4,1,FakeVideo-FakeAudio,wav2lip,id02617,id01532,-,African,women,train
D__id01211__00023_id00062_bctnrIvZHTs_id00345_wavtolip,raw\FakeAVCeleb_v1.2\FakeVideo-FakeAudio\Caucasian (American)\men\id01211\00023_id00062_bctnrIvZHTs_id00345_wavtolip.mp4,1,FakeVideo-FakeAudio,fsgan-wav2lip,id01211,id00062,id00345,Caucasian (American),men,train
D__id00270__00088_id00495_wavtolip,raw\FakeAVCeleb_v1.2\FakeVideo-FakeAudio\Caucasian (European)\women\id00270\00088_id00495_wavtolip.mp4,1,FakeVideo-FakeAudio,wav2lip,id00270,id00495,-,Caucasian (European),women,train
C__id00417__00069_id06752_wavtolip,raw\FakeAVCeleb_v1.2\FakeVideo-RealAudio\Asian (South)\women\id00417\00069_id06752_wavtolip.mp4,1,FakeVideo-RealAudio,wav2lip,id00417,id06752,-,Asian (South),women,train
D__id01052__00076_id00709_Rh23ELMGsIQ_faceswap_id00265_wavtolip,raw\FakeAVCeleb_v1.2\FakeVideo-FakeAudio\Caucasian (European)\men\id01052\00076_id00709_Rh23ELMGsIQ_faceswap_id00265_wavtolip.mp4,1,FakeVideo-FakeAudio,faceswap-wav2lip,id01052,id00709,faceswap,Caucasian (European),men,train
C__id00166__00010_id01171_XSINMRoTb0E,raw\FakeAVCeleb_v1.2\FakeVideo-RealAudio\African\men\id00166\00010_id01171_XSINMRoTb0E.mp4,1,FakeVideo-RealAudio,fsgan,id00166,id01171,-,African,men,train
D__id01058__00005_3_id00963_wavtolip,raw\FakeAVCeleb_v1.2\FakeVideo-FakeAudio\Caucasian (European)\men\id01058\00005_3_id00963_wavtolip.mp4,1,FakeVideo-FakeAudio,faceswap-wav2lip,id01058,3,-,Caucasian (European),men,train
A__id00841__00078,raw\FakeAVCeleb_v1.2\RealVideo-RealAudio\Caucasian (American)\women\id00841\00078.mp4,0,RealVideo-RealAudio,real,id00841,-,-,Caucasian (American),women,train
A__id00935__00005,raw\FakeAVCeleb_v1.2\RealVideo-RealAudio\Asian (East)\women\id00935\00005.mp4,0,RealVideo-RealAudio,real,id00935,-,-,Asian (East),women,train
A__id00860__00154,raw\FakeAVCeleb_v1.2\RealVideo-RealAudio\Asian (South)\men\id00860\00154.mp4,0,RealVideo-RealAudio,real,id00860,-,-,Asian (South),men,train
D__id01215__00001_id02493_wavtolip,raw\FakeAVCeleb_v1.2\FakeVideo-FakeAudio\Asian (East)\men\id01215\00001_id02493_wavtolip.mp4,1,FakeVideo-FakeAudio,wav2lip,id01215,id02493,-,Asian (East),men,train
C__id03028__00466_id02553_wavtolip,raw\FakeAVCeleb_v1.2\FakeVideo-RealAudio\Asian (East)\men\id03028\00466_id02553_wavtolip.mp4,1,FakeVideo-RealAudio,wav2lip,id03028,id02553,-,Asian (East),men,train
A__id04599__00111,raw\FakeAVCeleb_v1.2\RealVideo-RealAudio\Asian (South)\men\id04599\00111.mp4,0,RealVideo-RealAudio,real,id04599,-,-,Asian (South),men,train
D__id03940__00025_id06427_dBBAKe2EA_o_faceswap_id07799_wavtolip,raw\FakeAVCeleb_v1.2\FakeVideo-FakeAudio\Asian (East)\women\id03940\00025_id06427_dBBAKe2EA_o_faceswap_id07799_wavtolip.mp4,1,FakeVideo-FakeAudio,faceswap-wav2lip,id03940,id06427,faceswap,Asian (East),women,train
C__id01661__00059_id00460_wavtolip,raw\FakeAVCeleb_v1.2\FakeVideo-RealAudio\African\women\id01661\00059_id00460_wavtolip.mp4,1,FakeVideo-RealAudio,wav2lip,id01661,id00460,-,African,women,train
C__id00592__00017_id00577_wavtolip,raw\FakeAVCeleb_v1.2\FakeVideo-RealAudio\African\women\id00592\00017_id00577_wavtolip.mp4,1,FakeVideo-RealAudio,wav2lip,id00592,id00577,-,African,women,train
C__id01691__00045_0,raw\FakeAVCeleb_v1.2\FakeVideo-RealAudio\African\men\id01691\00045_0.mp4,1,FakeVideo-RealAudio,faceswap,id01691,0.mp4,-,African,men,train
C__id03569__00065_id01661_wavtolip,raw\FakeAVCeleb_v1.2\FakeVideo-RealAudio\African\women\id03569\00065_id01661_wavtolip.mp4,1,FakeVideo-RealAudio,wav2lip,id03569,id01661,-,African,women,train
A__id01051__00322,raw\FakeAVCeleb_v1.2\RealVideo-RealAudio\Caucasian (European)\men\id01051\00322.mp4,0,RealVideo-RealAudio,real,id01051,-,-,Caucasian (European),men,train
A__id01124__00063,raw\FakeAVCeleb_v1.2\RealVideo-RealAudio\Caucasian (American)\men\id01124\00063.mp4,0,RealVideo-RealAudio,real,id01124,-,-,Caucasian (American),men,train
C__id09143__00056_id06594_wavtolip,raw\FakeAVCeleb_v1.2\FakeVideo-RealAudio\Asian (East)\men\id09143\00056_id06594_wavtolip.mp4,1,FakeVideo-RealAudio,wav2lip,id09143,id06594,-,Asian (East),men,train
D__id03569__00065_id00220_WlHLlTQKj8g_id03658_wavtolip,raw\FakeAVCeleb_v1.2\FakeVideo-FakeAudio\African\women\id03569\00065_id00220_WlHLlTQKj8g_id03658_wavtolip.mp4,1,FakeVideo-FakeAudio,fsgan-wav2lip,id03569,id00220,id03658,African,women,train
C__id00816__00118_id08313_wavtolip,raw\FakeAVCeleb_v1.2\FakeVideo-RealAudio\Asian (South)\men\id00816\00118_id08313_wavtolip.mp4,1,FakeVideo-RealAudio,wav2lip,id00816,id08313,-,Asian (South),men,train
C__id07739__00019_id09181_ypUYBHscgD8,raw\FakeAVCeleb_v1.2\FakeVideo-RealAudio\Asian (East)\women\id07739\00019_id09181_ypUYBHscgD8.mp4,1,FakeVideo-RealAudio,fsgan,id07739,id09181,-,Asian (East),women,train
C__id06535__00183_id01204_wavtolip,raw\FakeAVCeleb_v1.2\FakeVideo-RealAudio\Asian (East)\men\id06535\00183_id01204_wavtolip.mp4,1,FakeVideo-RealAudio,wav2lip,id06535,id01204,-,Asian (East),men,train
C__id03940__00025_id00566_V3Hg_HMhuwQ,raw\FakeAVCeleb_v1.2\FakeVideo-RealAudio\Asian (East)\women\id03940\00025_id00566_V3Hg_HMhuwQ.mp4,1,FakeVideo-RealAudio,fsgan,id03940,id00566,-,Asian (East),women,train
C__id00383__00171_id01217_7lVC4xEK_6E,raw\FakeAVCeleb_v1.2\FakeVideo-RealAudio\Caucasian (American)\women\id00383\00171_id01217_7lVC4xEK_6E.mp4,1,FakeVideo-RealAudio,fsgan,id00383,id01217,-,Caucasian (American),women,train
D__id00496__00015_id00232_wavtolip,raw\FakeAVCeleb_v1.2\FakeVideo-FakeAudio\Caucasian (European)\women\id00496\00015_id00232_wavtolip.mp4,1,FakeVideo-FakeAudio,wav2lip,id00496,id00232,-,Caucasian (European),women,train
D__id03858__00092_id00188_wavtolip,raw\FakeAVCeleb_v1.2\FakeVideo-FakeAudio\Caucasian (European)\women\id03858\00092_id00188_wavtolip.mp4,1,FakeVideo-FakeAudio,wav2lip,id03858,id00188,-,Caucasian (European),women,train
A__id03945__00063,raw\FakeAVCeleb_v1.2\RealVideo-RealAudio\Asian (South)\men\id03945\00063.mp4,0,RealVideo-RealAudio,real,id03945,-,-,Asian (South),men,train
A__id00773__00038,raw\FakeAVCeleb_v1.2\RealVideo-RealAudio\Asian (South)\men\id00773\00038.mp4,0,RealVideo-RealAudio,real,id00773,-,-,Asian (South),men,train
C__id00366__00118_id01691_wavtolip,raw\FakeAVCeleb_v1.2\FakeVideo-RealAudio\African\men\id00366\00118_id01691_wavtolip.mp4,1,FakeVideo-RealAudio,wav2lip,id00366,id01691,-,African,men,train
D__id01058__00005_id00282_iTsqWj6GEbo_id00981_wavtolip,raw\FakeAVCeleb_v1.2\FakeVideo-FakeAudio\Caucasian (European)\men\id01058\00005_id00282_iTsqWj6GEbo_id00981_wavtolip.mp4,1,FakeVideo-FakeAudio,fsgan-wav2lip,id01058,id00282,id00981,Caucasian (European),men,train
C__id00055__00120_id00183_z2DhZllPWUQ,raw\FakeAVCeleb_v1.2\FakeVideo-RealAudio\Caucasian (European)\men\id00055\00120_id00183_z2DhZllPWUQ.mp4,1,FakeVideo-RealAudio,fsgan,id00055,id00183,-,Caucasian (European),men,train
C__id05631__00073_id00137_L22Rc38U5BA,raw\FakeAVCeleb_v1.2\FakeVideo-RealAudio\Asian (East)\women\id05631\00073_id00137_L22Rc38U5BA.mp4,1,FakeVideo-RealAudio,fsgan,id05631,id00137,-,Asian (East),women,train
A__id00735__00037,raw\FakeAVCeleb_v1.2\RealVideo-RealAudio\Caucasian (European)\women\id00735\00037.mp4,0,RealVideo-RealAudio,real,id00735,-,-,Caucasian (European),women,train
A__id04583__00077,raw\FakeAVCeleb_v1.2\RealVideo-RealAudio\Asian (South)\women\id04583\00077.mp4,0,RealVideo-RealAudio,real,id04583,-,-,Asian (South),women,train
A__id07686__00254,raw\FakeAVCeleb_v1.2\RealVideo-RealAudio\Asian (South)\women\id07686\00254.mp4,0,RealVideo-RealAudio,real,id07686,-,-,Asian (South),women,train
D__id07039__00105_id05631_wavtolip,raw\FakeAVCeleb_v1.2\FakeVideo-FakeAudio\Asian (East)\women\id07039\00105_id05631_wavtolip.mp4,1,FakeVideo-FakeAudio,wav2lip,id07039,id05631,-,Asian (East),women,train
A__id04374__00032,raw\FakeAVCeleb_v1.2\RealVideo-RealAudio\African\women\id04374\00032.mp4,0,RealVideo-RealAudio,real,id04374,-,-,African,women,train
D__id00577__00010_id00220_wavtolip,raw\FakeAVCeleb_v1.2\FakeVideo-FakeAudio\African\women\id00577\00010_id00220_wavtolip.mp4,1,FakeVideo-FakeAudio,wav2lip,id00577,id00220,-,African,women,train
D__id01211__00023_id00264_wavtolip,raw\FakeAVCeleb_v1.2\FakeVideo-FakeAudio\Caucasian (American)\men\id01211\00023_id00264_wavtolip.mp4,1,FakeVideo-FakeAudio,wav2lip,id01211,id00264,-,Caucasian (American),men,train
C__id01245__00028_id00398_wavtolip,raw\FakeAVCeleb_v1.2\FakeVideo-RealAudio\Caucasian (American)\women\id01245\00028_id00398_wavtolip.mp4,1,FakeVideo-RealAudio,wav2lip,id01245,id00398,-,Caucasian (American),women,train
C__id01610__00090_id01637_5VjcPZm8knM,raw\FakeAVCeleb_v1.2\FakeVideo-RealAudio\African\men\id01610\00090_id01637_5VjcPZm8knM.mp4,1,FakeVideo-RealAudio,fsgan,id01610,id01637,-,African,men,train
D__id00169__00021_id01096_wavtolip,raw\FakeAVCeleb_v1.2\FakeVideo-FakeAudio\Caucasian (American)\men\id00169\00021_id01096_wavtolip.mp4,1,FakeVideo-FakeAudio,wav2lip,id00169,id01096,-,Caucasian (American),men,train
D__id00594__00005_id00185_1lsGWpwnl1M_id00266_wavtolip,raw\FakeAVCeleb_v1.2\FakeVideo-FakeAudio\Caucasian (European)\men\id00594\00005_id00185_1lsGWpwnl1M_id00266_wavtolip.mp4,1,FakeVideo-FakeAudio,fsgan-wav2lip,id00594,id00185,id00266,Caucasian (European),men,train
C__id01105__00083_id01044_yL58R6zBNf4,raw\FakeAVCeleb_v1.2\FakeVideo-RealAudio\Caucasian (American)\men\id01105\00083_id01044_yL58R6zBNf4.mp4,1,FakeVideo-RealAudio,fsgan,id01105,id01044,-,Caucasian (American),men,train
C__id03941__00021_id00495_E46aiMUC4A0,raw\FakeAVCeleb_v1.2\FakeVideo-RealAudio\Caucasian (European)\women\id03941\00021_id00495_E46aiMUC4A0.mp4,1,FakeVideo-RealAudio,fsgan,id03941,id00495,-,Caucasian (European),women,train
D__id00777__00160_id01105_wavtolip,raw\FakeAVCeleb_v1.2\FakeVideo-FakeAudio\Caucasian (American)\men\id00777\00160_id01105_wavtolip.mp4,1,FakeVideo-FakeAudio,wav2lip,id00777,id01105,-,Caucasian (American),men,train
D__id00848__00028_id00835_zWTp4szbb5k_id00848_wavtolip,raw\FakeAVCeleb_v1.2\FakeVideo-FakeAudio\Caucasian (American)\women\id00848\00028_id00835_zWTp4szbb5k_id00848_wavtolip.mp4,1,FakeVideo-FakeAudio,fsgan-wav2lip,id00848,id00835,id00848,Caucasian (American),women,train
A__id05920__00161,raw\FakeAVCeleb_v1.2\RealVideo-RealAudio\Asian (South)\women\id05920\00161.mp4,0,RealVideo-RealAudio,real,id05920,-,-,Asian (South),women,train
D__id06591__00021_id07102_wavtolip,raw\FakeAVCeleb_v1.2\FakeVideo-FakeAudio\Asian (East)\men\id06591\00021_id07102_wavtolip.mp4,1,FakeVideo-FakeAudio,wav2lip,id06591,id07102,-,Asian (East),men,train
D__id02807__00032_id02587_KzwJPH5_8j0_id06462_wavtolip,raw\FakeAVCeleb_v1.2\FakeVideo-FakeAudio\Asian (East)\women\id02807\00032_id02587_KzwJPH5_8j0_id06462_wavtolip.mp4,1,FakeVideo-FakeAudio,fsgan-wav2lip,id02807,id02587,8j0,Asian (East),women,train
D__id04537__00083_id00860_RGYyzn7hiCo_id00773_wavtolip,raw\FakeAVCeleb_v1.2\FakeVideo-FakeAudio\Asian (South)\men\id04537\00083_id00860_RGYyzn7hiCo_id00773_wavtolip.mp4,1,FakeVideo-FakeAudio,fsgan-wav2lip,id04537,id00860,id00773,Asian (South),men,train
C__id00265__00130_id00241_DlI4wqSFwbI,raw\FakeAVCeleb_v1.2\FakeVideo-RealAudio\Caucasian (European)\men\id00265\00130_id00241_DlI4wqSFwbI.mp4,1,FakeVideo-RealAudio,fsgan,id00265,id00241,-,Caucasian (European),men,train
D__id00373__00028_id03844_wavtolip,raw\FakeAVCeleb_v1.2\FakeVideo-FakeAudio\Caucasian (European)\women\id00373\00028_id03844_wavtolip.mp4,1,FakeVideo-FakeAudio,wav2lip,id00373,id03844,-,Caucasian (European),women,train
C__id07200__00045_id00816_BFudcHqBkpo,raw\FakeAVCeleb_v1.2\FakeVideo-RealAudio\Asian (South)\men\id07200\00045_id00816_BFudcHqBkpo.mp4,1,FakeVideo-RealAudio,fsgan,id07200,id00816,-,Asian (South),men,train
C__id00634__00078_id00491_wavtolip,raw\FakeAVCeleb_v1.2\FakeVideo-RealAudio\Caucasian (European)\women\id00634\00078_id00491_wavtolip.mp4,1,FakeVideo-RealAudio,wav2lip,id00634,id00491,-,Caucasian (European),women,train
D__id03965__00051_id04774_wavtolip,raw\FakeAVCeleb_v1.2\FakeVideo-FakeAudio\Asian (East)\men\id03965\00051_id04774_wavtolip.mp4,1,FakeVideo-FakeAudio,faceswap-wav2lip,id03965,id04774,-,Asian (East),men,train
D__id00055__00120_id00063_cVZBXC2rjPM_id01058_wavtolip,raw\FakeAVCeleb_v1.2\FakeVideo-FakeAudio\Caucasian (European)\men\id00055\00120_id00063_cVZBXC2rjPM_id01058_wavtolip.mp4,1,FakeVideo-FakeAudio,fsgan-wav2lip,id00055,id00063,id01058,Caucasian (European),men,train
C__id07739__00019_id00430_wavtolip,raw\FakeAVCeleb_v1.2\FakeVideo-RealAudio\Asian (East)\women\id07739\00019_id00430_wavtolip.mp4,1,FakeVideo-RealAudio,wav2lip,id07739,id00430,-,Asian (East),women,train
C__id01245__00028_id00841_fpsEfICAgxk,raw\FakeAVCeleb_v1.2\FakeVideo-RealAudio\Caucasian (American)\women\id01245\00028_id00841_fpsEfICAgxk.mp4,1,FakeVideo-RealAudio,fsgan,id01245,id00841,-,Caucasian (American),women,train
D__id00021__00010_id01105_wavtolip,raw\FakeAVCeleb_v1.2\FakeVideo-FakeAudio\Caucasian (American)\men\id00021\00010_id01105_wavtolip.mp4,1,FakeVideo-FakeAudio,wav2lip,id00021,id01105,-,Caucasian (American),men,train
D__id00025__00025_id03605_JGZt9DAhBRs_id01231_wavtolip,raw\FakeAVCeleb_v1.2\FakeVideo-FakeAudio\Caucasian (American)\women\id00025\00025_id03605_JGZt9DAhBRs_id01231_wavtolip.mp4,1,FakeVideo-FakeAudio,fsgan-wav2lip,id00025,id03605,id01231,Caucasian (American),women,train
D__id00823__00125_id00395_wM5kGJfTtEM_faceswap_id03651_wavtolip,raw\FakeAVCeleb_v1.2\FakeVideo-FakeAudio\Caucasian (European)\women\id00823\00125_id00395_wM5kGJfTtEM_faceswap_id03651_wavtolip.mp4,1,FakeVideo-FakeAudio,faceswap-wav2lip,id00823,id00395,faceswap,Caucasian (European),women,train
C__id00305__00113_id03205_gXytNIcANKw,raw\FakeAVCeleb_v1.2\FakeVideo-RealAudio\Caucasian (European)\men\id00305\00113_id03205_gXytNIcANKw.mp4,1,FakeVideo-RealAudio,fsgan,id00305,id03205,-,Caucasian (European),men,train
A__id04927__00013,raw\FakeAVCeleb_v1.2\RealVideo-RealAudio\Asian (South)\women\id04927\00013.mp4,0,RealVideo-RealAudio,real,id04927,-,-,Asian (South),women,train
A__id04216__00470,raw\FakeAVCeleb_v1.2\RealVideo-RealAudio\Caucasian (American)\men\id04216\00470.mp4,0,RealVideo-RealAudio,real,id04216,-,-,Caucasian (American),men,train
A__id03559__00023,raw\FakeAVCeleb_v1.2\RealVideo-RealAudio\Asian (South)\women\id03559\00023.mp4,0,RealVideo-RealAudio,real,id03559,-,-,Asian (South),women,train
D__id00183__00015_id00535_wavtolip,raw\FakeAVCeleb_v1.2\FakeVideo-FakeAudio\Caucasian (European)\men\id00183\00015_id00535_wavtolip.mp4,1,FakeVideo-FakeAudio,wav2lip,id00183,id00535,-,Caucasian (European),men,train
A__id01035__00012,raw\FakeAVCeleb_v1.2\RealVideo-RealAudio\Caucasian (American)\men\id01035\00012.mp4,0,RealVideo-RealAudio,real,id01035,-,-,Caucasian (American),men,train
A__id01227__00052,raw\FakeAVCeleb_v1.2\RealVideo-RealAudio\Caucasian (American)\women\id01227\00052.mp4,0,RealVideo-RealAudio,real,id01227,-,-,Caucasian (American),women,train
D__id00963__00028_id00415_saYfEadFy_s_faceswap_id01099_wavtolip,raw\FakeAVCeleb_v1.2\FakeVideo-FakeAudio\Caucasian (European)\men\id00963\00028_id00415_saYfEadFy_s_faceswap_id01099_wavtolip.mp4,1,FakeVideo-FakeAudio,faceswap-wav2lip,id00963,id00415,faceswap,Caucasian (European),men,train
A__id01179__00160,raw\FakeAVCeleb_v1.2\RealVideo-RealAudio\African\men\id01179\00160.mp4,0,RealVideo-RealAudio,real,id01179,-,-,African,men,train
D__id01182__00167_3_id00060_wavtolip,raw\FakeAVCeleb_v1.2\FakeVideo-FakeAudio\Caucasian (American)\men\id01182\00167_3_id00060_wavtolip.mp4,1,FakeVideo-FakeAudio,faceswap-wav2lip,id01182,3,-,Caucasian (American),men,train
A__id08613__00074,raw\FakeAVCeleb_v1.2\RealVideo-RealAudio\Asian (East)\men\id08613\00074.mp4,0,RealVideo-RealAudio,real,id08613,-,-,Asian (East),men,train
C__id00735__00037_id00234_wavtolip,raw\FakeAVCeleb_v1.2\FakeVideo-RealAudio\Caucasian (European)\women\id00735\00037_id00234_wavtolip.mp4,1,FakeVideo-RealAudio,wav2lip,id00735,id00234,-,Caucasian (European),women,train
D__id00080__00281_id07051_wavtolip,raw\FakeAVCeleb_v1.2\FakeVideo-FakeAudio\Asian (South)\women\id00080\00281_id07051_wavtolip.mp4,1,FakeVideo-FakeAudio,wav2lip,id00080,id07051,-,Asian (South),women,train
A__id00496__00015,raw\FakeAVCeleb_v1.2\RealVideo-RealAudio\Caucasian (European)\women\id00496\00015.mp4,0,RealVideo-RealAudio,real,id00496,-,-,Caucasian (European),women,train
C__id00745__00165_id06354_PmWLmcJNUhM,raw\FakeAVCeleb_v1.2\FakeVideo-RealAudio\Asian (South)\men\id00745\00165_id06354_PmWLmcJNUhM.mp4,1,FakeVideo-RealAudio,fsgan,id00745,id06354,-,Asian (South),men,train
D__id04070__00072_id07078_sLVbTD3Dtgw_faceswap_id07377_wavtolip,raw\FakeAVCeleb_v1.2\FakeVideo-FakeAudio\Asian (South)\women\id04070\00072_id07078_sLVbTD3Dtgw_faceswap_id07377_wavtolip.mp4,1,FakeVideo-FakeAudio,faceswap-wav2lip,id04070,id07078,faceswap,Asian (South),women,train
C__id00496__00015_id00262_3p7sRWAAh1Q,raw\FakeAVCeleb_v1.2\FakeVideo-RealAudio\Caucasian (European)\women\id00496\00015_id00262_3p7sRWAAh1Q.mp4,1,FakeVideo-RealAudio,fsgan,id00496,id00262,-,Caucasian (European),women,train
D__id07008__00175_id02619_wavtolip,raw\FakeAVCeleb_v1.2\FakeVideo-FakeAudio\Asian (South)\women\id07008\00175_id02619_wavtolip.mp4,1,FakeVideo-FakeAudio,wav2lip,id07008,id02619,-,Asian (South),women,train
D__id07179__00206_id07210_wavtolip,raw\FakeAVCeleb_v1.2\FakeVideo-FakeAudio\Asian (South)\men\id07179\00206_id07210_wavtolip.mp4,1,FakeVideo-FakeAudio,wav2lip,id07179,id07210,-,Asian (South),men,train
A__id05845__00027,raw\FakeAVCeleb_v1.2\RealVideo-RealAudio\Asian (South)\women\id05845\00027.mp4,0,RealVideo-RealAudio,real,id05845,-,-,Asian (South),women,train
C__id04537__00083_id00816_wavtolip,raw\FakeAVCeleb_v1.2\FakeVideo-RealAudio\Asian (South)\men\id04537\00083_id00816_wavtolip.mp4,1,FakeVideo-RealAudio,wav2lip,id04537,id00816,-,Asian (South),men,train
A__id03781__00113,raw\FakeAVCeleb_v1.2\RealVideo-RealAudio\Caucasian (American)\women\id03781\00113.mp4,0,RealVideo-RealAudio,real,id03781,-,-,Caucasian (American),women,train
C__id00773__00038_id06354_PmWLmcJNUhM,raw\FakeAVCeleb_v1.2\FakeVideo-RealAudio\Asian (South)\men\id00773\00038_id06354_PmWLmcJNUhM.mp4,1,FakeVideo-RealAudio,fsgan,id00773,id06354,-,Asian (South),men,train
A__id04560__00195,raw\FakeAVCeleb_v1.2\RealVideo-RealAudio\Asian (South)\men\id04560\00195.mp4,0,RealVideo-RealAudio,real,id04560,-,-,Asian (South),men,train
C__id01528__00017_id02268_wavtolip,raw\FakeAVCeleb_v1.2\FakeVideo-RealAudio\African\men\id01528\00017_id02268_wavtolip.mp4,1,FakeVideo-RealAudio,wav2lip,id01528,id02268,-,African,men,train
C__id00634__00078_id00823_KgExwCvgrUk,raw\FakeAVCeleb_v1.2\FakeVideo-RealAudio\Caucasian (European)\women\id00634\00078_id00823_KgExwCvgrUk.mp4,1,FakeVideo-RealAudio,fsgan,id00634,id00823,-,Caucasian (European),women,train
A__id01204__00092,raw\FakeAVCeleb_v1.2\RealVideo-RealAudio\Asian (East)\men\id01204\00092.mp4,0,RealVideo-RealAudio,real,id01204,-,-,Asian (East),men,train
C__id00963__00028_id00519_wavtolip,raw\FakeAVCeleb_v1.2\FakeVideo-RealAudio\Caucasian (European)\men\id00963\00028_id00519_wavtolip.mp4,1,FakeVideo-RealAudio,wav2lip,id00963,id00519,-,Caucasian (European),men,train
C__id05920__00161_id07008_wavtolip,raw\FakeAVCeleb_v1.2\FakeVideo-RealAudio\Asian (South)\women\id05920\00161_id07008_wavtolip.mp4,1,FakeVideo-RealAudio,wav2lip,id05920,id07008,-,Asian (South),women,train
D__id06470__00052_id04789_wavtolip,raw\FakeAVCeleb_v1.2\FakeVideo-FakeAudio\Asian (East)\men\id06470\00052_id04789_wavtolip.mp4,1,FakeVideo-FakeAudio,wav2lip,id06470,id04789,-,Asian (East),men,train
A__id00056__00028,raw\FakeAVCeleb_v1.2\RealVideo-RealAudio\Asian (East)\men\id00056\00028.mp4,0,RealVideo-RealAudio,real,id00056,-,-,Asian (East),men,train
C__id00582__00006_id03379_A32nCObAHiI_faceswap,raw\FakeAVCeleb_v1.2\FakeVideo-RealAudio\Asian (East)\women\id00582\00006_id03379_A32nCObAHiI_faceswap.mp4,1,FakeVideo-RealAudio,faceswap,id00582,id03379,-,Asian (East),women,train
D__id01856__00006_id01920_w9C_knCPD94_id00475_wavtolip,raw\FakeAVCeleb_v1.2\FakeVideo-FakeAudio\African\men\id01856\00006_id01920_w9C_knCPD94_id00475_wavtolip.mp4,1,FakeVideo-FakeAudio,fsgan-wav2lip,id01856,id01920,knCPD94,African,men,train
A__id00519__00028,raw\FakeAVCeleb_v1.2\RealVideo-RealAudio\Caucasian (European)\men\id00519\00028.mp4,0,RealVideo-RealAudio,real,id00519,-,-,Caucasian (European),men,train
D__id00418__00052_2_id00618_wavtolip,raw\FakeAVCeleb_v1.2\FakeVideo-FakeAudio\Caucasian (American)\women\id00418\00052_2_id00618_wavtolip.mp4,1,FakeVideo-FakeAudio,faceswap-wav2lip,id00418,2,-,Caucasian (American),women,train
A__id03649__00001,raw\FakeAVCeleb_v1.2\RealVideo-RealAudio\Caucasian (European)\women\id03649\00001.mp4,0,RealVideo-RealAudio,real,id03649,-,-,Caucasian (European),women,train
A__id04529__00186,raw\FakeAVCeleb_v1.2\RealVideo-RealAudio\Asian (South)\women\id04529\00186.mp4,0,RealVideo-RealAudio,real,id04529,-,-,Asian (South),women,train
D__id00306__00015_id01058_2DKbOjf3Wyo_faceswap_id01157_wavtolip,raw\FakeAVCeleb_v1.2\FakeVideo-FakeAudio\Caucasian (European)\men\id00306\00015_id01058_2DKbOjf3Wyo_faceswap_id01157_wavtolip.mp4,1,FakeVideo-FakeAudio,faceswap-wav2lip,id00306,id01058,faceswap,Caucasian (European),men,train
C__id00458__00072_id00381_79zqA0CZh8s,raw\FakeAVCeleb_v1.2\FakeVideo-RealAudio\Caucasian (American)\women\id00458\00072_id00381_79zqA0CZh8s.mp4,1,FakeVideo-RealAudio,fsgan,id00458,id00381,-,Caucasian (American),women,train
A__id04564__00417,raw\FakeAVCeleb_v1.2\RealVideo-RealAudio\Asian (South)\women\id04564\00417.mp4,0,RealVideo-RealAudio,real,id04564,-,-,Asian (South),women,train
D__id08397__00167_id08397_wavtolip,raw\FakeAVCeleb_v1.2\FakeVideo-FakeAudio\Asian (East)\women\id08397\00167_id08397_wavtolip.mp4,1,FakeVideo-FakeAudio,wav2lip,id08397,id08397,-,Asian (East),women,train
A__id07179__00206,raw\FakeAVCeleb_v1.2\RealVideo-RealAudio\Asian (South)\men\id07179\00206.mp4,0,RealVideo-RealAudio,real,id07179,-,-,Asian (South),men,train
D__id05920__00161_id07049_BiljgZcyWI4_id07689_wavtolip,raw\FakeAVCeleb_v1.2\FakeVideo-FakeAudio\Asian (South)\women\id05920\00161_id07049_BiljgZcyWI4_id07689_wavtolip.mp4,1,FakeVideo-FakeAudio,fsgan-wav2lip,id05920,id07049,id07689,Asian (South),women,train
C__id01239__00280_id00696_7PrURACjhqU,raw\FakeAVCeleb_v1.2\FakeVideo-RealAudio\Caucasian (American)\men\id01239\00280_id00696_7PrURACjhqU.mp4,1,FakeVideo-RealAudio,fsgan,id01239,id00696,-,Caucasian (American),men,train
D__id04221__00053_id00088_wavtolip,raw\FakeAVCeleb_v1.2\FakeVideo-FakeAudio\Caucasian (American)\men\id04221\00053_id00088_wavtolip.mp4,1,FakeVideo-FakeAudio,wav2lip,id04221,id00088,-,Caucasian (American),men,train
C__id00555__00005_id00752_wavtolip,raw\FakeAVCeleb_v1.2\FakeVideo-RealAudio\Caucasian (American)\women\id00555\00005_id00752_wavtolip.mp4,1,FakeVideo-RealAudio,wav2lip,id00555,id00752,-,Caucasian (American),women,train
C__id04540__00078_id04547_3Qy2g2M47Aw,raw\FakeAVCeleb_v1.2\FakeVideo-RealAudio\African\women\id04540\00078_id04547_3Qy2g2M47Aw.mp4,1,FakeVideo-RealAudio,fsgan,id04540,id04547,-,African,women,train
C__id08397__00167_id07799_gO6nidmxrJU,raw\FakeAVCeleb_v1.2\FakeVideo-RealAudio\Asian (East)\women\id08397\00167_id07799_gO6nidmxrJU.mp4,1,FakeVideo-RealAudio,fsgan,id08397,id07799,-,Asian (East),women,train
C__id07338__00003_id04774_wavtolip,raw\FakeAVCeleb_v1.2\FakeVideo-RealAudio\Asian (East)\men\id07338\00003_id04774_wavtolip.mp4,1,FakeVideo-RealAudio,wav2lip,id07338,id04774,-,Asian (East),men,train
D__id07689__00028_id03985_01aVtyjfVFM_id06438_wavtolip,raw\FakeAVCeleb_v1.2\FakeVideo-FakeAudio\Asian (South)\women\id07689\00028_id03985_01aVtyjfVFM_id06438_wavtolip.mp4,1,FakeVideo-FakeAudio,fsgan-wav2lip,id07689,id03985,id06438,Asian (South),women,train
A__id00391__00052,raw\FakeAVCeleb_v1.2\RealVideo-RealAudio\African\men\id00391\00052.mp4,0,RealVideo-RealAudio,real,id00391,-,-,African,men,train
C__id00478__00206_id01597_52WEZxe4_GE,raw\FakeAVCeleb_v1.2\FakeVideo-RealAudio\African\men\id00478\00206_id01597_52WEZxe4_GE.mp4,1,FakeVideo-RealAudio,fsgan,id00478,id01597,-,African,men,train
D__id01098__00044_id00990_G-qzOIgxEoE_id00282_wavtolip,raw\FakeAVCeleb_v1.2\FakeVideo-FakeAudio\Caucasian (European)\men\id01098\00044_id00990_G-qzOIgxEoE_id00282_wavtolip.mp4,1,FakeVideo-FakeAudio,fsgan-wav2lip,id01098,id00990,id00282,Caucasian (European),men,train
A__id04070__00072,raw\FakeAVCeleb_v1.2\RealVideo-RealAudio\Asian (South)\women\id04070\00072.mp4,0,RealVideo-RealAudio,real,id04070,-,-,Asian (South),women,train
A__id00701__00092,raw\FakeAVCeleb_v1.2\RealVideo-RealAudio\African\men\id00701\00092.mp4,0,RealVideo-RealAudio,real,id00701,-,-,African,men,train
C__id01521__00109_id01856_wavtolip,raw\FakeAVCeleb_v1.2\FakeVideo-RealAudio\African\men\id01521\00109_id01856_wavtolip.mp4,1,FakeVideo-RealAudio,wav2lip,id01521,id01856,-,African,men,train
C__id00594__00005_id00519_wavtolip,raw\FakeAVCeleb_v1.2\FakeVideo-RealAudio\Caucasian (European)\men\id00594\00005_id00519_wavtolip.mp4,1,FakeVideo-RealAudio,wav2lip,id00594,id00519,-,Caucasian (European),men,train
A__id00592__00017,raw\FakeAVCeleb_v1.2\RealVideo-RealAudio\African\women\id00592\00017.mp4,0,RealVideo-RealAudio,real,id00592,-,-,African,women,train
A__id01126__00040,raw\FakeAVCeleb_v1.2\RealVideo-RealAudio\Caucasian (European)\men\id01126\00040.mp4,0,RealVideo-RealAudio,real,id01126,-,-,Caucasian (European),men,train
A__id03696__00160,raw\FakeAVCeleb_v1.2\RealVideo-RealAudio\Caucasian (American)\women\id03696\00160.mp4,0,RealVideo-RealAudio,real,id03696,-,-,Caucasian (American),women,train
C__id01124__00063_id00345_TIsGVOYfvZ8,raw\FakeAVCeleb_v1.2\FakeVideo-RealAudio\Caucasian (American)\men\id01124\00063_id00345_TIsGVOYfvZ8.mp4,1,FakeVideo-RealAudio,fsgan,id01124,id00345,-,Caucasian (American),men,train
C__id07377__00025_id06428_A9nvRKd1afA,raw\FakeAVCeleb_v1.2\FakeVideo-RealAudio\Asian (South)\women\id07377\00025_id06428_A9nvRKd1afA.mp4,1,FakeVideo-RealAudio,fsgan,id07377,id06428,-,Asian (South),women,train
D__id03889__00052_id00740_wavtolip,raw\FakeAVCeleb_v1.2\FakeVideo-FakeAudio\Asian (East)\men\id03889\00052_id00740_wavtolip.mp4,1,FakeVideo-FakeAudio,wav2lip,id03889,id00740,-,Asian (East),men,train
C__id01838__00126_id01178_wavtolip,raw\FakeAVCeleb_v1.2\FakeVideo-RealAudio\African\women\id01838\00126_id01178_wavtolip.mp4,1,FakeVideo-RealAudio,wav2lip,id01838,id01178,-,African,women,train
C__id03941__00021_id01001_dHJc8dh9X8c,raw\FakeAVCeleb_v1.2\FakeVideo-RealAudio\Caucasian (European)\women\id03941\00021_id01001_dHJc8dh9X8c.mp4,1,FakeVideo-RealAudio,fsgan,id03941,id01001,-,Caucasian (European),women,train
D__id02296__00019_id01207_wavtolip,raw\FakeAVCeleb_v1.2\FakeVideo-FakeAudio\African\men\id02296\00019_id01207_wavtolip.mp4,1,FakeVideo-FakeAudio,wav2lip,id02296,id01207,-,African,men,train
D__id01204__00092_id00560_wavtolip,raw\FakeAVCeleb_v1.2\FakeVideo-FakeAudio\Asian (East)\men\id01204\00092_id00560_wavtolip.mp4,1,FakeVideo-FakeAudio,wav2lip,id01204,id00560,-,Asian (East),men,train
D__id00747__00053_id07236_Fe0sdHw3sc4_id06343_wavtolip,raw\FakeAVCeleb_v1.2\FakeVideo-FakeAudio\Asian (South)\women\id00747\00053_id07236_Fe0sdHw3sc4_id06343_wavtolip.mp4,1,FakeVideo-FakeAudio,fsgan-wav2lip,id00747,id07236,id06343,Asian (South),women,train
D__id04687__00066_id02553_QTahH2rc8go_id01212_wavtolip,raw\FakeAVCeleb_v1.2\FakeVideo-FakeAudio\Asian (East)\men\id04687\00066_id02553_QTahH2rc8go_id01212_wavtolip.mp4,1,FakeVideo-FakeAudio,fsgan-wav2lip,id04687,id02553,id01212,Asian (East),men,train
A__id00747__00053,raw\FakeAVCeleb_v1.2\RealVideo-RealAudio\Asian (South)\women\id00747\00053.mp4,0,RealVideo-RealAudio,real,id00747,-,-,Asian (South),women,train
C__id01207__00320_id01835_wavtolip,raw\FakeAVCeleb_v1.2\FakeVideo-RealAudio\African\men\id01207\00320_id01835_wavtolip.mp4,1,FakeVideo-RealAudio,wav2lip,id01207,id01835,-,African,men,train
A__id03815__00118,raw\FakeAVCeleb_v1.2\RealVideo-RealAudio\Asian (South)\women\id03815\00118.mp4,0,RealVideo-RealAudio,real,id03815,-,-,Asian (South),women,train
D__id04057__00015_id04057_wavtolip,raw\FakeAVCeleb_v1.2\FakeVideo-FakeAudio\Asian (East)\women\id04057\00015_id04057_wavtolip.mp4,1,FakeVideo-FakeAudio,wav2lip,id04057,id04057,-,Asian (East),women,train
C__id06158__00015_id03940_axeR0CLu96U_faceswap,raw\FakeAVCeleb_v1.2\FakeVideo-RealAudio\Asian (East)\women\id06158\00015_id03940_axeR0CLu96U_faceswap.mp4,1,FakeVideo-RealAudio,faceswap,id06158,id03940,-,Asian (East),women,train
C__id00823__00125_id00234_wavtolip,raw\FakeAVCeleb_v1.2\FakeVideo-RealAudio\Caucasian (European)\women\id00823\00125_id00234_wavtolip.mp4,1,FakeVideo-RealAudio,wav2lip,id00823,id00234,-,Caucasian (European),women,train
C__id00042__00028_id03941_wavtolip,raw\FakeAVCeleb_v1.2\FakeVideo-RealAudio\Caucasian (European)\women\id00042\00028_id03941_wavtolip.mp4,1,FakeVideo-RealAudio,wav2lip,id00042,id03941,-,Caucasian (European),women,train
C__id00231__00037_id01248_2y-HnTO8WrQ_faceswap,raw\FakeAVCeleb_v1.2\FakeVideo-RealAudio\Caucasian (American)\women\id00231\00037_id01248_2y-HnTO8WrQ_faceswap.mp4,1,FakeVideo-RealAudio,faceswap,id00231,id01248,-,Caucasian (American),women,train
D__id03858__00092_id00823_KgExwCvgrUk_id03941_wavtolip,raw\FakeAVCeleb_v1.2\FakeVideo-FakeAudio\Caucasian (European)\women\id03858\00092_id00823_KgExwCvgrUk_id03941_wavtolip.mp4,1,FakeVideo-FakeAudio,fsgan-wav2lip,id03858,id00823,id03941,Caucasian (European),women,train
D__id00732__00118_id07768_mD6x-0ihLOI_id07195_wavtolip,raw\FakeAVCeleb_v1.2\FakeVideo-FakeAudio\Asian (South)\men\id00732\00118_id07768_mD6x-0ihLOI_id07195_wavtolip.mp4,1,FakeVideo-FakeAudio,fsgan-wav2lip,id00732,id07768,id07195,Asian (South),men,train
A__id00554__00028,raw\FakeAVCeleb_v1.2\RealVideo-RealAudio\Caucasian (European)\men\id00554\00028.mp4,0,RealVideo-RealAudio,real,id00554,-,-,Caucasian (European),men,train
C__id01211__00023_id01239_gJvquKo7kbA,raw\FakeAVCeleb_v1.2\FakeVideo-RealAudio\Caucasian (American)\men\id01211\00023_id01239_gJvquKo7kbA.mp4,1,FakeVideo-RealAudio,fsgan,id01211,id01239,-,Caucasian (American),men,train
D__id08314__00028_id07195_wXqfHGtaBn4_id06355_wavtolip,raw\FakeAVCeleb_v1.2\FakeVideo-FakeAudio\Asian (South)\men\id08314\00028_id07195_wXqfHGtaBn4_id06355_wavtolip.mp4,1,FakeVideo-FakeAudio,fsgan-wav2lip,id08314,id07195,id06355,Asian (South),men,train
D__id00589__00130_id00634_z5t9oJizDQg_faceswap_id00325_wavtolip,raw\FakeAVCeleb_v1.2\FakeVideo-FakeAudio\Caucasian (European)\women\id00589\00130_id00634_z5t9oJizDQg_faceswap_id00325_wavtolip.mp4,1,FakeVideo-FakeAudio,faceswap-wav2lip,id00589,id00634,faceswap,Caucasian (European),women,train
D__id06428__00043_id02310_zA-8Pw0SvZg_id03815_wavtolip,raw\FakeAVCeleb_v1.2\FakeVideo-FakeAudio\Asian (South)\women\id06428\00043_id02310_zA-8Pw0SvZg_id03815_wavtolip.mp4,1,FakeVideo-FakeAudio,fsgan-wav2lip,id06428,id02310,id03815,Asian (South),women,train
A__id04820__00015,raw\FakeAVCeleb_v1.2\RealVideo-RealAudio\African\women\id04820\00015.mp4,0,RealVideo-RealAudio,real,id04820,-,-,African,women,train
C__id00575__00092_id00618__TwV2SmUIlY,raw\FakeAVCeleb_v1.2\FakeVideo-RealAudio\Caucasian (American)\women\id00575\00092_id00618__TwV2SmUIlY.mp4,1,FakeVideo-RealAudio,fsgan,id00575,id00618,-,Caucasian (American),women,train
D__id00183__00015_1_id00368_wavtolip,raw\FakeAVCeleb_v1.2\FakeVideo-FakeAudio\Caucasian (European)\men\id00183\00015_1_id00368_wavtolip.mp4,1,FakeVideo-FakeAudio,faceswap-wav2lip,id00183,1,-,Caucasian (European),men,train
A__id00185__00015,raw\FakeAVCeleb_v1.2\RealVideo-RealAudio\Caucasian (European)\men\id00185\00015.mp4,0,RealVideo-RealAudio,real,id00185,-,-,Caucasian (European),men,train
C__id00391__00052_id02040_wavtolip,raw\FakeAVCeleb_v1.2\FakeVideo-RealAudio\African\men\id00391\00052_id02040_wavtolip.mp4,1,FakeVideo-RealAudio,wav2lip,id00391,id02040,-,African,men,train
C__id01683__00052_id08299_wavtolip,raw\FakeAVCeleb_v1.2\FakeVideo-RealAudio\Asian (East)\men\id01683\00052_id08299_wavtolip.mp4,1,FakeVideo-RealAudio,wav2lip,id01683,id08299,-,Asian (East),men,train
C__id06334__00015_id00032_AQMDc6SKNXs,raw\FakeAVCeleb_v1.2\FakeVideo-RealAudio\Asian (South)\men\id06334\00015_id00032_AQMDc6SKNXs.mp4,1,FakeVideo-RealAudio,fsgan,id06334,id00032,-,Asian (South),men,train
D__id01018__00072_id00271_wavtolip,raw\FakeAVCeleb_v1.2\FakeVideo-FakeAudio\Caucasian (European)\women\id01018\00072_id00271_wavtolip.mp4,1,FakeVideo-FakeAudio,wav2lip,id01018,id00271,-,Caucasian (European),women,train
C__id00848__00028_id00841_wavtolip,raw\FakeAVCeleb_v1.2\FakeVideo-RealAudio\Caucasian (American)\women\id00848\00028_id00841_wavtolip.mp4,1,FakeVideo-RealAudio,wav2lip,id00848,id00841,-,Caucasian (American),women,train
A__id01044__00336,raw\FakeAVCeleb_v1.2\RealVideo-RealAudio\Caucasian (American)\men\id01044\00336.mp4,0,RealVideo-RealAudio,real,id01044,-,-,Caucasian (American),men,train
D__id06753__00021_id07161_wavtolip,raw\FakeAVCeleb_v1.2\FakeVideo-FakeAudio\Asian (South)\men\id06753\00021_id07161_wavtolip.mp4,1,FakeVideo-FakeAudio,wav2lip,id06753,id07161,-,Asian (South),men,train
D__id01231__00015_id00462_EMnGfAq9gg4_id00618_wavtolip,raw\FakeAVCeleb_v1.2\FakeVideo-FakeAudio\Caucasian (American)\women\id01231\00015_id00462_EMnGfAq9gg4_id00618_wavtolip.mp4,1,FakeVideo-FakeAudio,fsgan-wav2lip,id01231,id00462,id00618,Caucasian (American),women,train
D__id01211__00023_id01042_wavtolip,raw\FakeAVCeleb_v1.2\FakeVideo-FakeAudio\Caucasian (American)\men\id01211\00023_id01042_wavtolip.mp4,1,FakeVideo-FakeAudio,wav2lip,id01211,id01042,-,Caucasian (American),men,train
D__id00261__00048_id00462_wavtolip,raw\FakeAVCeleb_v1.2\FakeVideo-FakeAudio\Caucasian (American)\women\id00261\00048_id00462_wavtolip.mp4,1,FakeVideo-FakeAudio,wav2lip,id00261,id00462,-,Caucasian (American),women,train
D__id05620__00005_id05620_wavtolip,raw\FakeAVCeleb_v1.2\FakeVideo-FakeAudio\Asian (East)\women\id05620\00005_id05620_wavtolip.mp4,1,FakeVideo-FakeAudio,wav2lip,id05620,id05620,-,Asian (East),women,train
C__id05931__00013_id07689_wavtolip,raw\FakeAVCeleb_v1.2\FakeVideo-RealAudio\Asian (South)\women\id05931\00013_id07689_wavtolip.mp4,1,FakeVideo-RealAudio,wav2lip,id05931,id07689,-,Asian (South),women,train
D__id00192__00078_id00266_wavtolip,raw\FakeAVCeleb_v1.2\FakeVideo-FakeAudio\Caucasian (European)\men\id00192\00078_id00266_wavtolip.mp4,1,FakeVideo-FakeAudio,wav2lip,id00192,id00266,-,Caucasian (European),men,train
C__id02089__00092_id04529_S92uo-UShxE,raw\FakeAVCeleb_v1.2\FakeVideo-RealAudio\Asian (South)\women\id02089\00092_id04529_S92uo-UShxE.mp4,1,FakeVideo-RealAudio,fsgan,id02089,id04529,-,Asian (South),women,train
A__id03620__00081,raw\FakeAVCeleb_v1.2\RealVideo-RealAudio\Caucasian (European)\women\id03620\00081.mp4,0,RealVideo-RealAudio,real,id03620,-,-,Caucasian (European),women,train
C__id01126__00040_0,raw\FakeAVCeleb_v1.2\FakeVideo-RealAudio\Caucasian (European)\men\id01126\00040_0.mp4,1,FakeVideo-RealAudio,faceswap,id01126,0.mp4,-,Caucasian (European),men,train
C__id09116__00026_id06066_wavtolip,raw\FakeAVCeleb_v1.2\FakeVideo-RealAudio\Asian (East)\women\id09116\00026_id06066_wavtolip.mp4,1,FakeVideo-RealAudio,wav2lip,id09116,id06066,-,Asian (East),women,train
A__id00366__00118,raw\FakeAVCeleb_v1.2\RealVideo-RealAudio\African\men\id00366\00118.mp4,0,RealVideo-RealAudio,real,id00366,-,-,African,men,train
A__id00761__00072,raw\FakeAVCeleb_v1.2\RealVideo-RealAudio\African\men\id00761\00072.mp4,0,RealVideo-RealAudio,real,id00761,-,-,African,men,train
A__id00235__00052,raw\FakeAVCeleb_v1.2\RealVideo-RealAudio\Asian (South)\women\id00235\00052.mp4,0,RealVideo-RealAudio,real,id00235,-,-,Asian (South),women,train
D__id05845__00027_id07008_wavtolip,raw\FakeAVCeleb_v1.2\FakeVideo-FakeAudio\Asian (South)\women\id05845\00027_id07008_wavtolip.mp4,1,FakeVideo-FakeAudio,wav2lip,id05845,id07008,-,Asian (South),women,train
D__id01589__00017_id02493_zYAm6W46Mcg_id08613_wavtolip,raw\FakeAVCeleb_v1.2\FakeVideo-FakeAudio\Asian (East)\men\id01589\00017_id02493_zYAm6W46Mcg_id08613_wavtolip.mp4,1,FakeVideo-FakeAudio,fsgan-wav2lip,id01589,id02493,id08613,Asian (East),men,train
D__id06591__00021_id00560_wavtolip,raw\FakeAVCeleb_v1.2\FakeVideo-FakeAudio\Asian (East)\men\id06591\00021_id00560_wavtolip.mp4,1,FakeVideo-FakeAudio,wav2lip,id06591,id00560,-,Asian (East),men,train
A__id00253__00021,raw\FakeAVCeleb_v1.2\RealVideo-RealAudio\Caucasian (European)\men\id00253\00021.mp4,0,RealVideo-RealAudio,real,id00253,-,-,Caucasian (European),men,train
D__id03816__00093_id00071_JU1cVINUTZA_id00330_wavtolip,raw\FakeAVCeleb_v1.2\FakeVideo-FakeAudio\Caucasian (European)\women\id03816\00093_id00071_JU1cVINUTZA_id00330_wavtolip.mp4,1,FakeVideo-FakeAudio,fsgan-wav2lip,id03816,id00071,id00330,Caucasian (European),women,train
A__id01835__00130,raw\FakeAVCeleb_v1.2\RealVideo-RealAudio\African\men\id01835\00130.mp4,0,RealVideo-RealAudio,real,id01835,-,-,African,men,train
D__id00391__00052_id00476_UgdYVJ6xPYg_faceswap_id01610_wavtolip,raw\FakeAVCeleb_v1.2\FakeVideo-FakeAudio\African\men\id00391\00052_id00476_UgdYVJ6xPYg_faceswap_id01610_wavtolip.mp4,1,FakeVideo-FakeAudio,faceswap-wav2lip,id00391,id00476,faceswap,African,men,train
C__id00225__00078_id00519_riI0J9g9OG4,raw\FakeAVCeleb_v1.2\FakeVideo-RealAudio\Caucasian (European)\men\id00225\00078_id00519_riI0J9g9OG4.mp4,1,FakeVideo-RealAudio,fsgan,id00225,id00519,-,Caucasian (European),men,train
C__id00739__00005_id06752_PYYIloTJiH0,raw\FakeAVCeleb_v1.2\FakeVideo-RealAudio\Asian (South)\women\id00739\00005_id06752_PYYIloTJiH0.mp4,1,FakeVideo-RealAudio,fsgan,id00739,id06752,-,Asian (South),women,train
C__id00842__00043_id01005_lJZrqhcRFSA,raw\FakeAVCeleb_v1.2\FakeVideo-RealAudio\Caucasian (American)\women\id00842\00043_id01005_lJZrqhcRFSA.mp4,1,FakeVideo-RealAudio,fsgan,id00842,id01005,-,Caucasian (American),women,train
D__id01637__00002_2_id00944_wavtolip,raw\FakeAVCeleb_v1.2\FakeVideo-FakeAudio\African\men\id01637\00002_2_id00944_wavtolip.mp4,1,FakeVideo-FakeAudio,faceswap-wav2lip,id01637,2,-,African,men,train
D__id03649__00001_id00633_UXrTMta1EDM_id00287_wavtolip,raw\FakeAVCeleb_v1.2\FakeVideo-FakeAudio\Caucasian (European)\women\id03649\00001_id00633_UXrTMta1EDM_id00287_wavtolip.mp4,1,FakeVideo-FakeAudio,fsgan-wav2lip,id03649,id00633,id00287,Caucasian (European),women,train
A__id00379__00043,raw\FakeAVCeleb_v1.2\RealVideo-RealAudio\Caucasian (European)\women\id00379\00043.mp4,0,RealVideo-RealAudio,real,id00379,-,-,Caucasian (European),women,train
A__id01691__00045,raw\FakeAVCeleb_v1.2\RealVideo-RealAudio\African\men\id01691\00045.mp4,0,RealVideo-RealAudio,real,id01691,-,-,African,men,train
A__id06268__00159,raw\FakeAVCeleb_v1.2\RealVideo-RealAudio\Asian (South)\women\id06268\00159.mp4,0,RealVideo-RealAudio,real,id06268,-,-,Asian (South),women,train
C__id04376__00181_id05231_wavtolip,raw\FakeAVCeleb_v1.2\FakeVideo-RealAudio\African\women\id04376\00181_id05231_wavtolip.mp4,1,FakeVideo-RealAudio,wav2lip,id04376,id05231,-,African,women,train
A__id02301__00092,raw\FakeAVCeleb_v1.2\RealVideo-RealAudio\African\women\id02301\00092.mp4,0,RealVideo-RealAudio,real,id02301,-,-,African,women,train
A__id00100__00028,raw\FakeAVCeleb_v1.2\RealVideo-RealAudio\Caucasian (American)\women\id00100\00028.mp4,0,RealVideo-RealAudio,real,id00100,-,-,Caucasian (American),women,train
A__id07689__00028,raw\FakeAVCeleb_v1.2\RealVideo-RealAudio\Asian (South)\women\id07689\00028.mp4,0,RealVideo-RealAudio,real,id07689,-,-,Asian (South),women,train
A__id03656__00052,raw\FakeAVCeleb_v1.2\RealVideo-RealAudio\African\women\id03656\00052.mp4,0,RealVideo-RealAudio,real,id03656,-,-,African,women,train
D__id00253__00021_id00183_z2DhZllPWUQ_faceswap_id00225_wavtolip,raw\FakeAVCeleb_v1.2\FakeVideo-FakeAudio\Caucasian (European)\men\id00253\00021_id00183_z2DhZllPWUQ_faceswap_id00225_wavtolip.mp4,1,FakeVideo-FakeAudio,faceswap-wav2lip,id00253,id00183,faceswap,Caucasian (European),men,train
A__id00225__00078,raw\FakeAVCeleb_v1.2\RealVideo-RealAudio\Caucasian (European)\men\id00225\00078.mp4,0,RealVideo-RealAudio,real,id00225,-,-,Caucasian (European),men,train
A__id00575__00092,raw\FakeAVCeleb_v1.2\RealVideo-RealAudio\Caucasian (American)\women\id00575\00092.mp4,0,RealVideo-RealAudio,real,id00575,-,-,Caucasian (American),women,train
C__id00166__00010_id02494_wavtolip,raw\FakeAVCeleb_v1.2\FakeVideo-RealAudio\African\men\id00166\00010_id02494_wavtolip.mp4,1,FakeVideo-RealAudio,wav2lip,id00166,id02494,-,African,men,train
C__id05920__00161_id00235_wavtolip,raw\FakeAVCeleb_v1.2\FakeVideo-RealAudio\Asian (South)\women\id05920\00161_id00235_wavtolip.mp4,1,FakeVideo-RealAudio,wav2lip,id05920,id00235,-,Asian (South),women,train
A__id00018__00181,raw\FakeAVCeleb_v1.2\RealVideo-RealAudio\Caucasian (American)\men\id00018\00181.mp4,0,RealVideo-RealAudio,real,id00018,-,-,Caucasian (American),men,train
C__id00021__00010_id00169_wavtolip,raw\FakeAVCeleb_v1.2\FakeVideo-RealAudio\Caucasian (American)\men\id00021\00010_id00169_wavtolip.mp4,1,FakeVideo-RealAudio,wav2lip,id00021,id00169,-,Caucasian (American),men,train
D__id00145__00043_id01231_wavtolip,raw\FakeAVCeleb_v1.2\FakeVideo-FakeAudio\Caucasian (American)\women\id00145\00043_id01231_wavtolip.mp4,1,FakeVideo-FakeAudio,wav2lip,id00145,id01231,-,Caucasian (American),women,train
A__id01838__00126,raw\FakeAVCeleb_v1.2\RealVideo-RealAudio\African\women\id01838\00126.mp4,0,RealVideo-RealAudio,real,id01838,-,-,African,women,train
D__id06437__00028_id00488_F3YxmZ9CYFw_id07051_wavtolip,raw\FakeAVCeleb_v1.2\FakeVideo-FakeAudio\Asian (South)\women\id06437\00028_id00488_F3YxmZ9CYFw_id07051_wavtolip.mp4,1,FakeVideo-FakeAudio,fsgan-wav2lip,id06437,id00488,id07051,Asian (South),women,train
D__id03816__00093_id00379_fgkgYHCuk4g_id00484_wavtolip,raw\FakeAVCeleb_v1.2\FakeVideo-FakeAudio\Caucasian (European)\women\id03816\00093_id00379_fgkgYHCuk4g_id00484_wavtolip.mp4,1,FakeVideo-FakeAudio,fsgan-wav2lip,id03816,id00379,id00484,Caucasian (European),women,train
D__id01182__00167_1_id00243_wavtolip,raw\FakeAVCeleb_v1.2\FakeVideo-FakeAudio\Caucasian (American)\men\id01182\00167_1_id00243_wavtolip.mp4,1,FakeVideo-FakeAudio,faceswap-wav2lip,id01182,1,-,Caucasian (American),men,train
D__id01182__00167_1_id00179_wavtolip,raw\FakeAVCeleb_v1.2\FakeVideo-FakeAudio\Caucasian (American)\men\id01182\00167_1_id00179_wavtolip.mp4,1,FakeVideo-FakeAudio,faceswap-wav2lip,id01182,1,-,Caucasian (American),men,train
D__id01018__00072_id03651_wavtolip,raw\FakeAVCeleb_v1.2\FakeVideo-FakeAudio\Caucasian (European)\women\id01018\00072_id03651_wavtolip.mp4,1,FakeVideo-FakeAudio,wav2lip,id01018,id03651,-,Caucasian (European),women,train
B__id07049__00043_fake,raw\FakeAVCeleb_v1.2\RealVideo-FakeAudio\Asian (South)\women\id07049\00043_fake.mp4,1,RealVideo-FakeAudio,rtvc,id07049,fake.mp4,-,Asian (South),women,train
C__id00241__00015_id00415_saYfEadFy_s,raw\FakeAVCeleb_v1.2\FakeVideo-RealAudio\Caucasian (European)\men\id00241\00015_id00415_saYfEadFy_s.mp4,1,FakeVideo-RealAudio,fsgan,id00241,id00415,-,Caucasian (European),men,train
C__id01126__00040_id00241_DlI4wqSFwbI,raw\FakeAVCeleb_v1.2\FakeVideo-RealAudio\Caucasian (European)\men\id01126\00040_id00241_DlI4wqSFwbI.mp4,1,FakeVideo-RealAudio,fsgan,id01126,id00241,-,Caucasian (European),men,train
D__id00137__00025_id04414_wavtolip,raw\FakeAVCeleb_v1.2\FakeVideo-FakeAudio\Asian (East)\women\id00137\00025_id04414_wavtolip.mp4,1,FakeVideo-FakeAudio,wav2lip,id00137,id04414,-,Asian (East),women,train
D__id01052__00076_id00415_wavtolip,raw\FakeAVCeleb_v1.2\FakeVideo-FakeAudio\Caucasian (European)\men\id01052\00076_id00415_wavtolip.mp4,1,FakeVideo-FakeAudio,wav2lip,id01052,id00415,-,Caucasian (European),men,train
D__id00709__00206_id01052_Kf4nlIEHfaU_id00185_wavtolip,raw\FakeAVCeleb_v1.2\FakeVideo-FakeAudio\Caucasian (European)\men\id00709\00206_id01052_Kf4nlIEHfaU_id00185_wavtolip.mp4,1,FakeVideo-FakeAudio,fsgan-wav2lip,id00709,id01052,id00185,Caucasian (European),men,train
A__id04376__00181,raw\FakeAVCeleb_v1.2\RealVideo-RealAudio\African\women\id04376\00181.mp4,0,RealVideo-RealAudio,real,id04376,-,-,African,women,train
A__id01201__00028,raw\FakeAVCeleb_v1.2\RealVideo-RealAudio\Caucasian (American)\men\id01201\00028.mp4,0,RealVideo-RealAudio,real,id01201,-,-,Caucasian (American),men,train
D__id01610__00090_id00518_qm7oQcDg4oI_id01076_wavtolip,raw\FakeAVCeleb_v1.2\FakeVideo-FakeAudio\African\men\id01610\00090_id00518_qm7oQcDg4oI_id01076_wavtolip.mp4,1,FakeVideo-FakeAudio,fsgan-wav2lip,id01610,id00518,id01076,African,men,train
A__id06061__00002,raw\FakeAVCeleb_v1.2\RealVideo-RealAudio\Asian (East)\women\id06061\00002.mp4,0,RealVideo-RealAudio,real,id06061,-,-,Asian (East),women,train
A__id00414__00052,raw\FakeAVCeleb_v1.2\RealVideo-RealAudio\Asian (South)\men\id00414\00052.mp4,0,RealVideo-RealAudio,real,id00414,-,-,Asian (South),men,train
C__id09143__00056_id01589_wavtolip,raw\FakeAVCeleb_v1.2\FakeVideo-RealAudio\Asian (East)\men\id09143\00056_id01589_wavtolip.mp4,1,FakeVideo-RealAudio,wav2lip,id09143,id01589,-,Asian (East),men,train
D__id00701__00092_id00987_wavtolip,raw\FakeAVCeleb_v1.2\FakeVideo-FakeAudio\African\men\id00701\00092_id00987_wavtolip.mp4,1,FakeVideo-FakeAudio,wav2lip,id00701,id00987,-,African,men,train
D__id01179__00160_id02342_RJPBPhJB8TA_id01779_wavtolip,raw\FakeAVCeleb_v1.2\FakeVideo-FakeAudio\African\men\id01179\00160_id02342_RJPBPhJB8TA_id01779_wavtolip.mp4,1,FakeVideo-FakeAudio,fsgan-wav2lip,id01179,id02342,id01779,African,men,train
D__id06060__00219_id00935_wavtolip,raw\FakeAVCeleb_v1.2\FakeVideo-FakeAudio\Asian (East)\women\id06060\00219_id00935_wavtolip.mp4,1,FakeVideo-FakeAudio,wav2lip,id06060,id00935,-,Asian (East),women,train
A__id02807__00032,raw\FakeAVCeleb_v1.2\RealVideo-RealAudio\Asian (East)\women\id02807\00032.mp4,0,RealVideo-RealAudio,real,id02807,-,-,Asian (East),women,train
A__id00231__00037,raw\FakeAVCeleb_v1.2\RealVideo-RealAudio\Caucasian (American)\women\id00231\00037.mp4,0,RealVideo-RealAudio,real,id00231,-,-,Caucasian (American),women,train
C__id03757__00149_id00087_0ZbOp9FgZf8,raw\FakeAVCeleb_v1.2\FakeVideo-RealAudio\Caucasian (American)\men\id03757\00149_id00087_0ZbOp9FgZf8.mp4,1,FakeVideo-RealAudio,fsgan,id03757,id00087,-,Caucasian (American),men,train
D__id01207__00320_id00076_Isiq7cA-DNE_id00478_wavtolip,raw\FakeAVCeleb_v1.2\FakeVideo-FakeAudio\African\men\id01207\00320_id00076_Isiq7cA-DNE_id00478_wavtolip.mp4,1,FakeVideo-FakeAudio,fsgan-wav2lip,id01207,id00076,id00478,African,men,train
A__id09116__00026,raw\FakeAVCeleb_v1.2\RealVideo-RealAudio\Asian (East)\women\id09116\00026.mp4,0,RealVideo-RealAudio,real,id09116,-,-,Asian (East),women,train
C__id00935__00005_id02807_wavtolip,raw\FakeAVCeleb_v1.2\FakeVideo-RealAudio\Asian (East)\women\id00935\00005_id02807_wavtolip.mp4,1,FakeVideo-RealAudio,wav2lip,id00935,id02807,-,Asian (East),women,train
A__id02948__00298,raw\FakeAVCeleb_v1.2\RealVideo-RealAudio\African\women\id02948\00298.mp4,0,RealVideo-RealAudio,real,id02948,-,-,African,women,train
C__id02838__00080_id04374_SWltOOZmlWM,raw\FakeAVCeleb_v1.2\FakeVideo-RealAudio\African\women\id02838\00080_id04374_SWltOOZmlWM.mp4,1,FakeVideo-RealAudio,fsgan,id02838,id04374,-,African,women,train
C__id08397__00167_id04066_wavtolip,raw\FakeAVCeleb_v1.2\FakeVideo-RealAudio\Asian (East)\women\id08397\00167_id04066_wavtolip.mp4,1,FakeVideo-RealAudio,wav2lip,id08397,id04066,-,Asian (East),women,train
C__id00860__00154_id04537_G1e1UFopjfI_faceswap,raw\FakeAVCeleb_v1.2\FakeVideo-RealAudio\Asian (South)\men\id00860\00154_id04537_G1e1UFopjfI_faceswap.mp4,1,FakeVideo-RealAudio,faceswap,id00860,id04537,-,Asian (South),men,train
C__id00103__00241_id07210_0160kET2rUM,raw\FakeAVCeleb_v1.2\FakeVideo-RealAudio\Asian (South)\men\id00103\00241_id07210_0160kET2rUM.mp4,1,FakeVideo-RealAudio,fsgan,id00103,id07210,-,Asian (South),men,train
C__id08313__00202_id04562_qio_Gs7wjvY,raw\FakeAVCeleb_v1.2\FakeVideo-RealAudio\Asian (South)\men\id08313\00202_id04562_qio_Gs7wjvY.mp4,1,FakeVideo-RealAudio,fsgan,id08313,id04562,-,Asian (South),men,train
A__id03211__00032,raw\FakeAVCeleb_v1.2\RealVideo-RealAudio\Asian (East)\women\id03211\00032.mp4,0,RealVideo-RealAudio,real,id03211,-,-,Asian (East),women,train
A__id03707__00055,raw\FakeAVCeleb_v1.2\RealVideo-RealAudio\Caucasian (American)\women\id03707\00055.mp4,0,RealVideo-RealAudio,real,id03707,-,-,Caucasian (American),women,train
C__id06439__00118_id06445_NWtdqOxEbDY,raw\FakeAVCeleb_v1.2\FakeVideo-RealAudio\Asian (South)\women\id06439\00118_id06445_NWtdqOxEbDY.mp4,1,FakeVideo-RealAudio,fsgan,id06439,id06445,-,Asian (South),women,train
A__id00708__00043,raw\FakeAVCeleb_v1.2\RealVideo-RealAudio\Caucasian (American)\men\id00708\00043.mp4,0,RealVideo-RealAudio,real,id00708,-,-,Caucasian (American),men,train
C__id04884__00028_id08652_wavtolip,raw\FakeAVCeleb_v1.2\FakeVideo-RealAudio\Asian (East)\men\id04884\00028_id08652_wavtolip.mp4,1,FakeVideo-RealAudio,wav2lip,id04884,id08652,-,Asian (East),men,train
A__id00098__00004,raw\FakeAVCeleb_v1.2\RealVideo-RealAudio\Caucasian (American)\women\id00098\00004.mp4,0,RealVideo-RealAudio,real,id00098,-,-,Caucasian (American),women,train
C__id04221__00053_id00029_wavtolip,raw\FakeAVCeleb_v1.2\FakeVideo-RealAudio\Caucasian (American)\men\id04221\00053_id00029_wavtolip.mp4,1,FakeVideo-RealAudio,wav2lip,id04221,id00029,-,Caucasian (American),men,train
C__id08397__00167_id04701_7mnc8w6jRlM,raw\FakeAVCeleb_v1.2\FakeVideo-RealAudio\Asian (East)\women\id08397\00167_id04701_7mnc8w6jRlM.mp4,1,FakeVideo-RealAudio,fsgan,id08397,id04701,-,Asian (East),women,train
D__id03379__00032_id09174_wavtolip,raw\FakeAVCeleb_v1.2\FakeVideo-FakeAudio\Asian (East)\women\id03379\00032_id09174_wavtolip.mp4,1,FakeVideo-FakeAudio,wav2lip,id03379,id09174,-,Asian (East),women,train
A__id06535__00183,raw\FakeAVCeleb_v1.2\RealVideo-RealAudio\Asian (East)\men\id06535\00183.mp4,0,RealVideo-RealAudio,real,id06535,-,-,Asian (East),men,train
A__id00262__00028,raw\FakeAVCeleb_v1.2\RealVideo-RealAudio\Caucasian (European)\women\id00262\00028.mp4,0,RealVideo-RealAudio,real,id00262,-,-,Caucasian (European),women,train
A__id08314__00028,raw\FakeAVCeleb_v1.2\RealVideo-RealAudio\Asian (South)\men\id08314\00028.mp4,0,RealVideo-RealAudio,real,id08314,-,-,Asian (South),men,train
D__id00225__00078_id00358_wavtolip,raw\FakeAVCeleb_v1.2\FakeVideo-FakeAudio\Caucasian (European)\men\id00225\00078_id00358_wavtolip.mp4,1,FakeVideo-FakeAudio,wav2lip,id00225,id00358,-,Caucasian (European),men,train
C__id00183__00015_2,raw\FakeAVCeleb_v1.2\FakeVideo-RealAudio\Caucasian (European)\men\id00183\00015_2.mp4,1,FakeVideo-RealAudio,faceswap,id00183,2.mp4,-,Caucasian (European),men,train
A__id05931__00013,raw\FakeAVCeleb_v1.2\RealVideo-RealAudio\Asian (South)\women\id05931\00013.mp4,0,RealVideo-RealAudio,real,id05931,-,-,Asian (South),women,train
A__id03757__00149,raw\FakeAVCeleb_v1.2\RealVideo-RealAudio\Caucasian (American)\men\id03757\00149.mp4,0,RealVideo-RealAudio,real,id03757,-,-,Caucasian (American),men,train
B__id07200__00045_fake,raw\FakeAVCeleb_v1.2\RealVideo-FakeAudio\Asian (South)\men\id07200\00045_fake.mp4,1,RealVideo-FakeAudio,rtvc,id07200,fake.mp4,-,Asian (South),men,train
D__id00192__00078_id00292_qELK8N_DykA_faceswap_id00520_wavtolip,raw\FakeAVCeleb_v1.2\FakeVideo-FakeAudio\Caucasian (European)\men\id00192\00078_id00292_qELK8N_DykA_faceswap_id00520_wavtolip.mp4,1,FakeVideo-FakeAudio,faceswap-wav2lip,id00192,id00292,DykA,Caucasian (European),men,train
A__id04221__00053,raw\FakeAVCeleb_v1.2\RealVideo-RealAudio\Caucasian (American)\men\id04221\00053.mp4,0,RealVideo-RealAudio,real,id04221,-,-,Caucasian (American),men,train
C__id07049__00043_id05920_wavtolip,raw\FakeAVCeleb_v1.2\FakeVideo-RealAudio\Asian (South)\women\id07049\00043_id05920_wavtolip.mp4,1,FakeVideo-RealAudio,wav2lip,id07049,id05920,-,Asian (South),women,train
D__id02824__00130_id00359_wavtolip,raw\FakeAVCeleb_v1.2\FakeVideo-FakeAudio\African\women\id02824\00130_id00359_wavtolip.mp4,1,FakeVideo-FakeAudio,wav2lip,id02824,id00359,-,African,women,train
C__id00945__00107_id01105_wavtolip,raw\FakeAVCeleb_v1.2\FakeVideo-RealAudio\Caucasian (American)\men\id00945\00107_id01105_wavtolip.mp4,1,FakeVideo-RealAudio,wav2lip,id00945,id01105,-,Caucasian (American),men,train
D__id03103__00130_id02721_wavtolip,raw\FakeAVCeleb_v1.2\FakeVideo-FakeAudio\African\women\id03103\00130_id02721_wavtolip.mp4,1,FakeVideo-FakeAudio,wav2lip,id03103,id02721,-,African,women,train
C__id00287__00005_id03371_wavtolip,raw\FakeAVCeleb_v1.2\FakeVideo-RealAudio\Caucasian (European)\women\id00287\00005_id03371_wavtolip.mp4,1,FakeVideo-RealAudio,wav2lip,id00287,id03371,-,Caucasian (European),women,train
A__id07200__00045,raw\FakeAVCeleb_v1.2\RealVideo-RealAudio\Asian (South)\men\id07200\00045.mp4,0,RealVideo-RealAudio,real,id07200,-,-,Asian (South),men,train
C__id05980__00143_id02071_cHuDh9F87vA,raw\FakeAVCeleb_v1.2\FakeVideo-RealAudio\African\women\id05980\00143_id02071_cHuDh9F87vA.mp4,1,FakeVideo-RealAudio,fsgan,id05980,id02071,-,African,women,train
D__id00777__00160_id01105_qxMlGJlyfA8_id01124_wavtolip,raw\FakeAVCeleb_v1.2\FakeVideo-FakeAudio\Caucasian (American)\men\id00777\00160_id01105_qxMlGJlyfA8_id01124_wavtolip.mp4,1,FakeVideo-FakeAudio,fsgan-wav2lip,id00777,id01105,id01124,Caucasian (American),men,train
C__id00180__00206_id00835_zWTp4szbb5k,raw\FakeAVCeleb_v1.2\FakeVideo-RealAudio\Caucasian (American)\women\id00180\00206_id00835_zWTp4szbb5k.mp4,1,FakeVideo-RealAudio,fsgan,id00180,id00835,-,Caucasian (American),women,train
A__id00999__00028,raw\FakeAVCeleb_v1.2\RealVideo-RealAudio\Caucasian (European)\men\id00999\00028.mp4,0,RealVideo-RealAudio,real,id00999,-,-,Caucasian (European),men,train
C__id02493__00073_id08652_wavtolip,raw\FakeAVCeleb_v1.2\FakeVideo-RealAudio\Asian (East)\men\id02493\00073_id08652_wavtolip.mp4,1,FakeVideo-RealAudio,wav2lip,id02493,id08652,-,Asian (East),men,train
D__id00391__00052_id01179_RnqLJMrWELw_id01856_wavtolip,raw\FakeAVCeleb_v1.2\FakeVideo-FakeAudio\African\men\id00391\00052_id01179_RnqLJMrWELw_id01856_wavtolip.mp4,1,FakeVideo-FakeAudio,fsgan-wav2lip,id00391,id01179,id01856,African,men,train
A__id07768__00143,raw\FakeAVCeleb_v1.2\RealVideo-RealAudio\Asian (South)\men\id07768\00143.mp4,0,RealVideo-RealAudio,real,id07768,-,-,Asian (South),men,train
A__id00458__00072,raw\FakeAVCeleb_v1.2\RealVideo-RealAudio\Caucasian (American)\women\id00458\00072.mp4,0,RealVideo-RealAudio,real,id00458,-,-,Caucasian (American),women,train
D__id00569__00239_id01018_VNPt_GB5QiE_id03589_wavtolip,raw\FakeAVCeleb_v1.2\FakeVideo-FakeAudio\Caucasian (European)\women\id00569\00239_id01018_VNPt_GB5QiE_id03589_wavtolip.mp4,1,FakeVideo-FakeAudio,fsgan-wav2lip,id00569,id01018,GB5QiE,Caucasian (European),women,train
D__id00594__00005_id00305_wavtolip,raw\FakeAVCeleb_v1.2\FakeVideo-FakeAudio\Caucasian (European)\men\id00594\00005_id00305_wavtolip.mp4,1,FakeVideo-FakeAudio,wav2lip,id00594,id00305,-,Caucasian (European),men,train
A__id00270__00088,raw\FakeAVCeleb_v1.2\RealVideo-RealAudio\Caucasian (European)\women\id00270\00088.mp4,0,RealVideo-RealAudio,real,id00270,-,-,Caucasian (European),women,train
D__id01598__00109_1_id02051_wavtolip,raw\FakeAVCeleb_v1.2\FakeVideo-FakeAudio\African\men\id01598\00109_1_id02051_wavtolip.mp4,1,FakeVideo-FakeAudio,faceswap-wav2lip,id01598,1,-,African,men,train
D__id04376__00181_id04437_2csrqaF55pk_faceswap_id01838_wavtolip,raw\FakeAVCeleb_v1.2\FakeVideo-FakeAudio\African\women\id04376\00181_id04437_2csrqaF55pk_faceswap_id01838_wavtolip.mp4,1,FakeVideo-FakeAudio,faceswap-wav2lip,id04376,id04437,faceswap,African,women,train
A__id05980__00143,raw\FakeAVCeleb_v1.2\RealVideo-RealAudio\African\women\id05980\00143.mp4,0,RealVideo-RealAudio,real,id05980,-,-,African,women,train
A__id01211__00023,raw\FakeAVCeleb_v1.2\RealVideo-RealAudio\Caucasian (American)\men\id01211\00023.mp4,0,RealVideo-RealAudio,real,id01211,-,-,Caucasian (American),men,train
B__id00395__00420_fake,raw\FakeAVCeleb_v1.2\RealVideo-FakeAudio\Caucasian (European)\women\id00395\00420_fake.mp4,1,RealVideo-FakeAudio,rtvc,id00395,fake.mp4,-,Caucasian (European),women,train
A__id02316__00094,raw\FakeAVCeleb_v1.2\RealVideo-RealAudio\African\men\id02316\00094.mp4,0,RealVideo-RealAudio,real,id02316,-,-,African,men,train
D__id02553__00043_3_id06591_wavtolip,raw\FakeAVCeleb_v1.2\FakeVideo-FakeAudio\Asian (East)\men\id02553\00043_3_id06591_wavtolip.mp4,1,FakeVideo-FakeAudio,faceswap-wav2lip,id02553,3,-,Asian (East),men,train
C__id00345__00243_id00945_wavtolip,raw\FakeAVCeleb_v1.2\FakeVideo-RealAudio\Caucasian (American)\men\id00345\00243_id00945_wavtolip.mp4,1,FakeVideo-RealAudio,wav2lip,id00345,id00945,-,Caucasian (American),men,train
C__id01610__00090_id00781_wavtolip,raw\FakeAVCeleb_v1.2\FakeVideo-RealAudio\African\men\id01610\00090_id00781_wavtolip.mp4,1,FakeVideo-RealAudio,wav2lip,id01610,id00781,-,African,men,train
D__id03781__00113_id00428_Kr7n-68JWww_id02464_wavtolip,raw\FakeAVCeleb_v1.2\FakeVideo-FakeAudio\Caucasian (American)\women\id03781\00113_id00428_Kr7n-68JWww_id02464_wavtolip.mp4,1,FakeVideo-FakeAudio,fsgan-wav2lip,id03781,id00428,id02464,Caucasian (American),women,train
D__id03747__00273_id02824_glBy_mYcXZw_faceswap_id05235_wavtolip,raw\FakeAVCeleb_v1.2\FakeVideo-FakeAudio\African\women\id03747\00273_id02824_glBy_mYcXZw_faceswap_id05235_wavtolip.mp4,1,FakeVideo-FakeAudio,faceswap-wav2lip,id03747,id02824,mYcXZw,African,women,train
C__id03696__00160_id03556_wavtolip,raw\FakeAVCeleb_v1.2\FakeVideo-RealAudio\Caucasian (American)\women\id03696\00160_id03556_wavtolip.mp4,1,FakeVideo-RealAudio,wav2lip,id03696,id03556,-,Caucasian (American),women,train
D__id01589__00017_id09053_6baCAGutGFg_id08613_wavtolip,raw\FakeAVCeleb_v1.2\FakeVideo-FakeAudio\Asian (East)\men\id01589\00017_id09053_6baCAGutGFg_id08613_wavtolip.mp4,1,FakeVideo-FakeAudio,fsgan-wav2lip,id01589,id09053,id08613,Asian (East),men,train
A__id00243__00037,raw\FakeAVCeleb_v1.2\RealVideo-RealAudio\Caucasian (American)\men\id00243\00037.mp4,0,RealVideo-RealAudio,real,id00243,-,-,Caucasian (American),men,train
A__id01042__00154,raw\FakeAVCeleb_v1.2\RealVideo-RealAudio\Caucasian (American)\men\id01042\00154.mp4,0,RealVideo-RealAudio,real,id01042,-,-,Caucasian (American),men,train
C__id00225__00078_id00225_wavtolip,raw\FakeAVCeleb_v1.2\FakeVideo-RealAudio\Caucasian (European)\men\id00225\00078_id00225_wavtolip.mp4,1,FakeVideo-RealAudio,wav2lip,id00225,id00225,-,Caucasian (European),men,train
A__id00945__00107,raw\FakeAVCeleb_v1.2\RealVideo-RealAudio\Caucasian (American)\men\id00945\00107.mp4,0,RealVideo-RealAudio,real,id00945,-,-,Caucasian (American),men,train
C__id00262__00028_id00633_wavtolip,raw\FakeAVCeleb_v1.2\FakeVideo-RealAudio\Caucasian (European)\women\id00262\00028_id00633_wavtolip.mp4,1,FakeVideo-RealAudio,wav2lip,id00262,id00633,-,Caucasian (European),women,train
C__id04073__00021_id00243_wavtolip,raw\FakeAVCeleb_v1.2\FakeVideo-RealAudio\Caucasian (American)\men\id04073\00021_id00243_wavtolip.mp4,1,FakeVideo-RealAudio,wav2lip,id04073,id00243,-,Caucasian (American),men,train
D__id03965__00051_id00863_wavtolip,raw\FakeAVCeleb_v1.2\FakeVideo-FakeAudio\Asian (East)\men\id03965\00051_id00863_wavtolip.mp4,1,FakeVideo-FakeAudio,faceswap-wav2lip,id03965,id00863,-,Asian (East),men,train
D__id00582__00006_id09174_Qspzu6tyArc_id02587_wavtolip,raw\FakeAVCeleb_v1.2\FakeVideo-FakeAudio\Asian (East)\women\id00582\00006_id09174_Qspzu6tyArc_id02587_wavtolip.mp4,1,FakeVideo-FakeAudio,fsgan-wav2lip,id00582,id09174,id02587,Asian (East),women,train
C__id00999__00028_3,raw\FakeAVCeleb_v1.2\FakeVideo-RealAudio\Caucasian (European)\men\id00999\00028_3.mp4,1,FakeVideo-RealAudio,faceswap,id00999,3.mp4,-,Caucasian (European),men,train
D__id07165__00368_id07161_OYWKr82Zu38_id07200_wavtolip,raw\FakeAVCeleb_v1.2\FakeVideo-FakeAudio\Asian (South)\men\id07165\00368_id07161_OYWKr82Zu38_id07200_wavtolip.mp4,1,FakeVideo-FakeAudio,fsgan-wav2lip,id07165,id07161,id07200,Asian (South),men,train
D__id01182__00167_id01124_Lnf2oGSM00s_id00020_wavtolip,raw\FakeAVCeleb_v1.2\FakeVideo-FakeAudio\Caucasian (American)\men\id01182\00167_id01124_Lnf2oGSM00s_id00020_wavtolip.mp4,1,FakeVideo-FakeAudio,fsgan-wav2lip,id01182,id01124,id00020,Caucasian (American),men,train
D__id04537__00083_1_id07210_wavtolip,raw\FakeAVCeleb_v1.2\FakeVideo-FakeAudio\Asian (South)\men\id04537\00083_1_id07210_wavtolip.mp4,1,FakeVideo-FakeAudio,faceswap-wav2lip,id04537,1,-,Asian (South),men,train
D__id01217__00005_id01216_IRxEWpT_lZs_id01225_wavtolip,raw\FakeAVCeleb_v1.2\FakeVideo-FakeAudio\Caucasian (American)\women\id01217\00005_id01216_IRxEWpT_lZs_id01225_wavtolip.mp4,1,FakeVideo-FakeAudio,fsgan-wav2lip,id01217,id01216,lZs,Caucasian (American),women,train
D__id01838__00126_id01661_wavtolip,raw\FakeAVCeleb_v1.2\FakeVideo-FakeAudio\African\women\id01838\00126_id01661_wavtolip.mp4,1,FakeVideo-FakeAudio,wav2lip,id01838,id01661,-,African,women,train
C__id08397__00167_id09174_wavtolip,raw\FakeAVCeleb_v1.2\FakeVideo-RealAudio\Asian (East)\women\id08397\00167_id09174_wavtolip.mp4,1,FakeVideo-RealAudio,wav2lip,id08397,id09174,-,Asian (East),women,train
C__id03696__00160_id00145_JveyoCdoCuI,raw\FakeAVCeleb_v1.2\FakeVideo-RealAudio\Caucasian (American)\women\id03696\00160_id00145_JveyoCdoCuI.mp4,1,FakeVideo-RealAudio,fsgan,id03696,id00145,-,Caucasian (American),women,train
A__id00097__00162,raw\FakeAVCeleb_v1.2\RealVideo-RealAudio\Caucasian (American)\women\id00097\00162.mp4,0,RealVideo-RealAudio,real,id00097,-,-,Caucasian (American),women,train
D__id07463__00028_id00773_2j3lUETJ57I_id00033_wavtolip,raw\FakeAVCeleb_v1.2\FakeVideo-FakeAudio\Asian (South)\men\id07463\00028_id00773_2j3lUETJ57I_id00033_wavtolip.mp4,1,FakeVideo-FakeAudio,fsgan-wav2lip,id07463,id00773,id00033,Asian (South),men,train
C__id01597__00005_id00701_lW6uzLIOwd0,raw\FakeAVCeleb_v1.2\FakeVideo-RealAudio\African\men\id01597\00005_id00701_lW6uzLIOwd0.mp4,1,FakeVideo-RealAudio,fsgan,id01597,id00701,-,African,men,train
D__id01661__00059_id00371_wavtolip,raw\FakeAVCeleb_v1.2\FakeVideo-FakeAudio\African\women\id01661\00059_id00371_wavtolip.mp4,1,FakeVideo-FakeAudio,wav2lip,id01661,id00371,-,African,women,train
D__id06225__00005_id04144_wavtolip,raw\FakeAVCeleb_v1.2\FakeVideo-FakeAudio\Asian (East)\women\id06225\00005_id04144_wavtolip.mp4,1,FakeVideo-FakeAudio,wav2lip,id06225,id04144,-,Asian (East),women,train
A__id04540__00078,raw\FakeAVCeleb_v1.2\RealVideo-RealAudio\African\women\id04540\00078.mp4,0,RealVideo-RealAudio,real,id04540,-,-,African,women,train
A__id00459__00382,raw\FakeAVCeleb_v1.2\RealVideo-RealAudio\Asian (South)\men\id00459\00382.mp4,0,RealVideo-RealAudio,real,id00459,-,-,Asian (South),men,train
D__id09175__00072_id06388_AtidJ-WlONc_id06054_wavtolip,raw\FakeAVCeleb_v1.2\FakeVideo-FakeAudio\Asian (East)\women\id09175\00072_id06388_AtidJ-WlONc_id06054_wavtolip.mp4,1,FakeVideo-FakeAudio,fsgan-wav2lip,id09175,id06388,id06054,Asian (East),women,train
A__id01058__00005,raw\FakeAVCeleb_v1.2\RealVideo-RealAudio\Caucasian (European)\men\id01058\00005.mp4,0,RealVideo-RealAudio,real,id01058,-,-,Caucasian (European),men,train
A__id00415__00017,raw\FakeAVCeleb_v1.2\RealVideo-RealAudio\Caucasian (European)\men\id00415\00017.mp4,0,RealVideo-RealAudio,real,id00415,-,-,Caucasian (European),men,train
A__id01683__00052,raw\FakeAVCeleb_v1.2\RealVideo-RealAudio\Asian (East)\men\id01683\00052.mp4,0,RealVideo-RealAudio,real,id01683,-,-,Asian (East),men,train
D__id03559__00023_id00043_wavtolip,raw\FakeAVCeleb_v1.2\FakeVideo-FakeAudio\Asian (South)\women\id03559\00023_id00043_wavtolip.mp4,1,FakeVideo-FakeAudio,wav2lip,id03559,id00043,-,Asian (South),women,train
C__id03569__00065_id05235_wavtolip,raw\FakeAVCeleb_v1.2\FakeVideo-RealAudio\African\women\id03569\00065_id05235_wavtolip.mp4,1,FakeVideo-RealAudio,wav2lip,id03569,id05235,-,African,women,train
A__id00462__00143,raw\FakeAVCeleb_v1.2\RealVideo-RealAudio\Caucasian (American)\women\id00462\00143.mp4,0,RealVideo-RealAudio,real,id00462,-,-,Caucasian (American),women,train
C__id01211__00023_id04219_9llHvP-jYDg_faceswap,raw\FakeAVCeleb_v1.2\FakeVideo-RealAudio\Caucasian (American)\men\id01211\00023_id04219_9llHvP-jYDg_faceswap.mp4,1,FakeVideo-RealAudio,faceswap,id01211,id04219,-,Caucasian (American),men,train
A__id00271__00028,raw\FakeAVCeleb_v1.2\RealVideo-RealAudio\Caucasian (European)\women\id00271\00028.mp4,0,RealVideo-RealAudio,real,id00271,-,-,Caucasian (European),women,train
D__id03569__00065_id02948__ZEDGNWjuFE_id02508_wavtolip,raw\FakeAVCeleb_v1.2\FakeVideo-FakeAudio\African\women\id03569\00065_id02948__ZEDGNWjuFE_id02508_wavtolip.mp4,1,FakeVideo-FakeAudio,fsgan-wav2lip,id03569,id02948,ZEDGNWjuFE,African,women,train
A__id00944__00135,raw\FakeAVCeleb_v1.2\RealVideo-RealAudio\African\men\id00944\00135.mp4,0,RealVideo-RealAudio,real,id00944,-,-,African,men,train
D__id00618__00195_id00841_wavtolip,raw\FakeAVCeleb_v1.2\FakeVideo-FakeAudio\Caucasian (American)\women\id00618\00195_id00841_wavtolip.mp4,1,FakeVideo-FakeAudio,wav2lip,id00618,id00841,-,Caucasian (American),women,train
D__id00261__00048_id03605_JGZt9DAhBRs_faceswap_id01216_wavtolip,raw\FakeAVCeleb_v1.2\FakeVideo-FakeAudio\Caucasian (American)\women\id00261\00048_id03605_JGZt9DAhBRs_faceswap_id01216_wavtolip.mp4,1,FakeVideo-FakeAudio,faceswap-wav2lip,id00261,id03605,faceswap,Caucasian (American),women,train
A__id00374__00311,raw\FakeAVCeleb_v1.2\RealVideo-RealAudio\Caucasian (European)\women\id00374\00311.mp4,0,RealVideo-RealAudio,real,id00374,-,-,Caucasian (European),women,train
D__id00459__00382_id00769_BqHVSZdoVpM_faceswap_id07195_wavtolip,raw\FakeAVCeleb_v1.2\FakeVideo-FakeAudio\Asian (South)\men\id00459\00382_id00769_BqHVSZdoVpM_faceswap_id07195_wavtolip.mp4,1,FakeVideo-FakeAudio,faceswap-wav2lip,id00459,id00769,faceswap,Asian (South),men,train
C__id00328__00092_id00373_5NXv3Dxkd6E,raw\FakeAVCeleb_v1.2\FakeVideo-RealAudio\Caucasian (European)\women\id00328\00092_id00373_5NXv3Dxkd6E.mp4,1,FakeVideo-RealAudio,fsgan,id00328,id00373,-,Caucasian (European),women,train
D__id08313__00202_id00773_2j3lUETJ57I_id07058_wavtolip,raw\FakeAVCeleb_v1.2\FakeVideo-FakeAudio\Asian (South)\men\id08313\00202_id00773_2j3lUETJ57I_id07058_wavtolip.mp4,1,FakeVideo-FakeAudio,fsgan-wav2lip,id08313,id00773,id07058,Asian (South),men,train
C__id04070__00072_id00739_wavtolip,raw\FakeAVCeleb_v1.2\FakeVideo-RealAudio\Asian (South)\women\id04070\00072_id00739_wavtolip.mp4,1,FakeVideo-RealAudio,wav2lip,id04070,id00739,-,Asian (South),women,train
D__id08397__00167_id04057_wavtolip,raw\FakeAVCeleb_v1.2\FakeVideo-FakeAudio\Asian (East)\women\id08397\00167_id04057_wavtolip.mp4,1,FakeVideo-FakeAudio,wav2lip,id08397,id04057,-,Asian (East),women,train
D__id05631__00073_id09181_wavtolip,raw\FakeAVCeleb_v1.2\FakeVideo-FakeAudio\Asian (East)\women\id05631\00073_id09181_wavtolip.mp4,1,FakeVideo-FakeAudio,wav2lip,id05631,id09181,-,Asian (East),women,train
C__id06753__00021_id06355_wavtolip,raw\FakeAVCeleb_v1.2\FakeVideo-RealAudio\Asian (South)\men\id06753\00021_id06355_wavtolip.mp4,1,FakeVideo-RealAudio,wav2lip,id06753,id06355,-,Asian (South),men,train
C__id03649__00001_id00068_A7uFnQw--bY,raw\FakeAVCeleb_v1.2\FakeVideo-RealAudio\Caucasian (European)\women\id03649\00001_id00068_A7uFnQw--bY.mp4,1,FakeVideo-RealAudio,fsgan,id03649,id00068,-,Caucasian (European),women,train
A__id01589__00017,raw\FakeAVCeleb_v1.2\RealVideo-RealAudio\Asian (East)\men\id01589\00017.mp4,0,RealVideo-RealAudio,real,id01589,-,-,Asian (East),men,train
D__id00897__00005_id00042_wavtolip,raw\FakeAVCeleb_v1.2\FakeVideo-FakeAudio\Caucasian (European)\women\id00897\00005_id00042_wavtolip.mp4,1,FakeVideo-FakeAudio,wav2lip,id00897,id00042,-,Caucasian (European),women,train
D__id00519__00028_id00909_nEQbKqo1XCs_id00694_wavtolip,raw\FakeAVCeleb_v1.2\FakeVideo-FakeAudio\Caucasian (European)\men\id00519\00028_id00909_nEQbKqo1XCs_id00694_wavtolip.mp4,1,FakeVideo-FakeAudio,fsgan-wav2lip,id00519,id00909,id00694,Caucasian (European),men,train
B__id00328__00092_fake,raw\FakeAVCeleb_v1.2\RealVideo-FakeAudio\Caucasian (European)\women\id00328\00092_fake.mp4,1,RealVideo-FakeAudio,rtvc,id00328,fake.mp4,-,Caucasian (European),women,train
D__id00395__00420_id03941_wavtolip,raw\FakeAVCeleb_v1.2\FakeVideo-FakeAudio\Caucasian (European)\women\id00395\00420_id03941_wavtolip.mp4,1,FakeVideo-FakeAudio,wav2lip,id00395,id03941,-,Caucasian (European),women,train
C__id01589__00017_id05743_wavtolip,raw\FakeAVCeleb_v1.2\FakeVideo-RealAudio\Asian (East)\men\id01589\00017_id05743_wavtolip.mp4,1,FakeVideo-RealAudio,wav2lip,id01589,id05743,-,Asian (East),men,train
A__id00582__00006,raw\FakeAVCeleb_v1.2\RealVideo-RealAudio\Asian (East)\women\id00582\00006.mp4,0,RealVideo-RealAudio,real,id00582,-,-,Asian (East),women,train
C__id00018__00181_id01192_wavtolip,raw\FakeAVCeleb_v1.2\FakeVideo-RealAudio\Caucasian (American)\men\id00018\00181_id01192_wavtolip.mp4,1,FakeVideo-RealAudio,wav2lip,id00018,id01192,-,Caucasian (American),men,train
C__id03559__00023_id04583_wavtolip,raw\FakeAVCeleb_v1.2\FakeVideo-RealAudio\Asian (South)\women\id03559\00023_id04583_wavtolip.mp4,1,FakeVideo-RealAudio,wav2lip,id03559,id04583,-,Asian (South),women,train
C__id02807__00032_id03211_wavtolip,raw\FakeAVCeleb_v1.2\FakeVideo-RealAudio\Asian (East)\women\id02807\00032_id03211_wavtolip.mp4,1,FakeVideo-RealAudio,wav2lip,id02807,id03211,-,Asian (East),women,train
D__id00829__00271_id03103_wavtolip,raw\FakeAVCeleb_v1.2\FakeVideo-FakeAudio\African\women\id00829\00271_id03103_wavtolip.mp4,1,FakeVideo-FakeAudio,faceswap-wav2lip,id00829,id03103,-,African,women,train
D__id03815__00118_1_id00043_wavtolip,raw\FakeAVCeleb_v1.2\FakeVideo-FakeAudio\Asian (South)\women\id03815\00118_1_id00043_wavtolip.mp4,1,FakeVideo-FakeAudio,faceswap-wav2lip,id03815,1,-,Asian (South),women,train
D__id00270__00088_id00496_wavtolip,raw\FakeAVCeleb_v1.2\FakeVideo-FakeAudio\Caucasian (European)\women\id00270\00088_id00496_wavtolip.mp4,1,FakeVideo-FakeAudio,wav2lip,id00270,id00496,-,Caucasian (European),women,train
D__id01248__00005_id01091_wavtolip,raw\FakeAVCeleb_v1.2\FakeVideo-FakeAudio\Caucasian (American)\women\id01248\00005_id01091_wavtolip.mp4,1,FakeVideo-FakeAudio,wav2lip,id01248,id01091,-,Caucasian (American),women,train
A__id00781__00092,raw\FakeAVCeleb_v1.2\RealVideo-RealAudio\African\men\id00781\00092.mp4,0,RealVideo-RealAudio,real,id00781,-,-,African,men,train
D__id04726__00245_3_id04691_wavtolip,raw\FakeAVCeleb_v1.2\FakeVideo-FakeAudio\Asian (East)\men\id04726\00245_3_id04691_wavtolip.mp4,1,FakeVideo-FakeAudio,faceswap-wav2lip,id04726,3,-,Asian (East),men,train
D__id01856__00006_id01597_52WEZxe4_GE_id01207_wavtolip,raw\FakeAVCeleb_v1.2\FakeVideo-FakeAudio\African\men\id01856\00006_id01597_52WEZxe4_GE_id01207_wavtolip.mp4,1,FakeVideo-FakeAudio,fsgan-wav2lip,id01856,id01597,id01207,African,men,train
D__id01051__00322_id01058_wavtolip,raw\FakeAVCeleb_v1.2\FakeVideo-FakeAudio\Caucasian (European)\men\id01051\00322_id01058_wavtolip.mp4,1,FakeVideo-FakeAudio,wav2lip,id01051,id01058,-,Caucasian (European),men,train
D__id02310__00139_id07689_wavtolip,raw\FakeAVCeleb_v1.2\FakeVideo-FakeAudio\Asian (South)\women\id02310\00139_id07689_wavtolip.mp4,1,FakeVideo-FakeAudio,wav2lip,id02310,id07689,-,Asian (South),women,train
D__id03781__00113_id03605_JGZt9DAhBRs_id00025_wavtolip,raw\FakeAVCeleb_v1.2\FakeVideo-FakeAudio\Caucasian (American)\women\id03781\00113_id03605_JGZt9DAhBRs_id00025_wavtolip.mp4,1,FakeVideo-FakeAudio,fsgan-wav2lip,id03781,id03605,id00025,Caucasian (American),women,train
A__id05434__00052,raw\FakeAVCeleb_v1.2\RealVideo-RealAudio\Asian (South)\women\id05434\00052.mp4,0,RealVideo-RealAudio,real,id05434,-,-,Asian (South),women,train
D__id00999__00028_id01157_yDgqfOWVKko_id00909_wavtolip,raw\FakeAVCeleb_v1.2\FakeVideo-FakeAudio\Caucasian (European)\men\id00999\00028_id01157_yDgqfOWVKko_id00909_wavtolip.mp4,1,FakeVideo-FakeAudio,fsgan-wav2lip,id00999,id01157,id00909,Caucasian (European),men,train
D__id06268__00159_id00747_l3eOd4UDsGc_id00080_wavtolip,raw\FakeAVCeleb_v1.2\FakeVideo-FakeAudio\Asian (South)\women\id06268\00159_id00747_l3eOd4UDsGc_id00080_wavtolip.mp4,1,FakeVideo-FakeAudio,fsgan-wav2lip,id06268,id00747,id00080,Asian (South),women,train
C__id00582__00006_id09171_wavtolip,raw\FakeAVCeleb_v1.2\FakeVideo-RealAudio\Asian (East)\women\id00582\00006_id09171_wavtolip.mp4,1,FakeVideo-RealAudio,wav2lip,id00582,id09171,-,Asian (East),women,train
A__id00403__00052,raw\FakeAVCeleb_v1.2\RealVideo-RealAudio\Caucasian (European)\women\id00403\00052.mp4,0,RealVideo-RealAudio,real,id00403,-,-,Caucasian (European),women,train
D__id03945__00063_id04554_wavtolip,raw\FakeAVCeleb_v1.2\FakeVideo-FakeAudio\Asian (South)\men\id03945\00063_id04554_wavtolip.mp4,1,FakeVideo-FakeAudio,wav2lip,id03945,id04554,-,Asian (South),men,train
D__id01182__00167_1_id01175_wavtolip,raw\FakeAVCeleb_v1.2\FakeVideo-FakeAudio\Caucasian (American)\men\id01182\00167_1_id01175_wavtolip.mp4,1,FakeVideo-FakeAudio,faceswap-wav2lip,id01182,1,-,Caucasian (American),men,train
C__id01052__00076_0,raw\FakeAVCeleb_v1.2\FakeVideo-RealAudio\Caucasian (European)\men\id01052\00076_0.mp4,1,FakeVideo-RealAudio,faceswap,id01052,0.mp4,-,Caucasian (European),men,train
D__id00548__00015_id00368_KohcGDsg29U_faceswap_id01156_wavtolip,raw\FakeAVCeleb_v1.2\FakeVideo-FakeAudio\Caucasian (European)\men\id00548\00015_id00368_KohcGDsg29U_faceswap_id01156_wavtolip.mp4,1,FakeVideo-FakeAudio,faceswap-wav2lip,id00548,id00368,faceswap,Caucasian (European),men,train
A__id01212__00183,raw\FakeAVCeleb_v1.2\RealVideo-RealAudio\Asian (East)\men\id01212\00183.mp4,0,RealVideo-RealAudio,real,id01212,-,-,Asian (East),men,train
C__id06066__00028_id00363_XNRwEZtddRk,raw\FakeAVCeleb_v1.2\FakeVideo-RealAudio\Asian (East)\women\id06066\00028_id00363_XNRwEZtddRk.mp4,1,FakeVideo-RealAudio,fsgan,id06066,id00363,-,Asian (East),women,train
D__id00100__00028_3_id01227_wavtolip,raw\FakeAVCeleb_v1.2\FakeVideo-FakeAudio\Caucasian (American)\women\id00100\00028_3_id01227_wavtolip.mp4,1,FakeVideo-FakeAudio,faceswap-wav2lip,id00100,3,-,Caucasian (American),women,train
D__id00830__00143_id00076_Isiq7cA-DNE_faceswap_id01544_wavtolip,raw\FakeAVCeleb_v1.2\FakeVideo-FakeAudio\African\men\id00830\00143_id00076_Isiq7cA-DNE_faceswap_id01544_wavtolip.mp4,1,FakeVideo-FakeAudio,faceswap-wav2lip,id00830,id00076,faceswap,African,men,train
D__id00042__00028_id01002_eQTviHjyISo_id00270_wavtolip,raw\FakeAVCeleb_v1.2\FakeVideo-FakeAudio\Caucasian (European)\women\id00042\00028_id01002_eQTviHjyISo_id00270_wavtolip.mp4,1,FakeVideo-FakeAudio,fsgan-wav2lip,id00042,id01002,id00270,Caucasian (European),women,train
C__id05251__00033_id05252_wavtolip,raw\FakeAVCeleb_v1.2\FakeVideo-RealAudio\African\women\id05251\00033_id05252_wavtolip.mp4,1,FakeVideo-RealAudio,wav2lip,id05251,id05252,-,African,women,train
D__id00694__00340_id00535_BhvTIJ-YG5s_faceswap_id00225_wavtolip,raw\FakeAVCeleb_v1.2\FakeVideo-FakeAudio\Caucasian (European)\men\id00694\00340_id00535_BhvTIJ-YG5s_faceswap_id00225_wavtolip.mp4,1,FakeVideo-FakeAudio,faceswap-wav2lip,id00694,id00535,faceswap,Caucasian (European),men,train
C__id01154__00118_id02567_4Ao5jgpSXdw,raw\FakeAVCeleb_v1.2\FakeVideo-RealAudio\Caucasian (European)\men\id01154\00118_id02567_4Ao5jgpSXdw.mp4,1,FakeVideo-RealAudio,fsgan,id01154,id02567,-,Caucasian (European),men,train
D__id01126__00040_id00265_dZq57FoxXR4_id00519_wavtolip,raw\FakeAVCeleb_v1.2\FakeVideo-FakeAudio\Caucasian (European)\men\id01126\00040_id00265_dZq57FoxXR4_id00519_wavtolip.mp4,1,FakeVideo-FakeAudio,fsgan-wav2lip,id01126,id00265,id00519,Caucasian (European),men,train
A__id00548__00015,raw\FakeAVCeleb_v1.2\RealVideo-RealAudio\Caucasian (European)\men\id00548\00015.mp4,0,RealVideo-RealAudio,real,id00548,-,-,Caucasian (European),men,train
C__id00945__00107_id01105_qxMlGJlyfA8,raw\FakeAVCeleb_v1.2\FakeVideo-RealAudio\Caucasian (American)\men\id00945\00107_id01105_qxMlGJlyfA8.mp4,1,FakeVideo-RealAudio,fsgan,id00945,id01105,-,Caucasian (American),men,train
A__id00594__00005,raw\FakeAVCeleb_v1.2\RealVideo-RealAudio\Caucasian (European)\men\id00594\00005.mp4,0,RealVideo-RealAudio,real,id00594,-,-,Caucasian (European),men,train
D__id00100__00028_0_id01248_wavtolip,raw\FakeAVCeleb_v1.2\FakeVideo-FakeAudio\Caucasian (American)\women\id00100\00028_0_id01248_wavtolip.mp4,1,FakeVideo-FakeAudio,faceswap-wav2lip,id00100,0,-,Caucasian (American),women,train
C__id01835__00130_id00476_wavtolip,raw\FakeAVCeleb_v1.2\FakeVideo-RealAudio\African\men\id01835\00130_id00476_wavtolip.mp4,1,FakeVideo-RealAudio,wav2lip,id01835,id00476,-,African,men,train
A__id00192__00078,raw\FakeAVCeleb_v1.2\RealVideo-RealAudio\Caucasian (European)\men\id00192\00078.mp4,0,RealVideo-RealAudio,real,id00192,-,-,Caucasian (European),men,train
A__id00696__00005,raw\FakeAVCeleb_v1.2\RealVideo-RealAudio\Caucasian (American)\men\id00696\00005.mp4,0,RealVideo-RealAudio,real,id00696,-,-,Caucasian (American),men,train
A__id02553__00043,raw\FakeAVCeleb_v1.2\RealVideo-RealAudio\Asian (East)\men\id02553\00043.mp4,0,RealVideo-RealAudio,real,id02553,-,-,Asian (East),men,train
C__id00496__00015_id03589_9NxOQlwpMys,raw\FakeAVCeleb_v1.2\FakeVideo-RealAudio\Caucasian (European)\women\id00496\00015_id03589_9NxOQlwpMys.mp4,1,FakeVideo-RealAudio,fsgan,id00496,id03589,-,Caucasian (European),women,train
C__id00554__00028_id00981_wavtolip,raw\FakeAVCeleb_v1.2\FakeVideo-RealAudio\Caucasian (European)\men\id00554\00028_id00981_wavtolip.mp4,1,FakeVideo-RealAudio,wav2lip,id00554,id00981,-,Caucasian (European),men,train
D__id00897__00005_id00813_dKs9CWJIkSI_id00484_wavtolip,raw\FakeAVCeleb_v1.2\FakeVideo-FakeAudio\Caucasian (European)\women\id00897\00005_id00813_dKs9CWJIkSI_id00484_wavtolip.mp4,1,FakeVideo-FakeAudio,fsgan-wav2lip,id00897,id00813,id00484,Caucasian (European),women,train
C__id02493__00073_id04774_k3yOcTA95dg,raw\FakeAVCeleb_v1.2\FakeVideo-RealAudio\Asian (East)\men\id02493\00073_id04774_k3yOcTA95dg.mp4,1,FakeVideo-RealAudio,fsgan,id02493,id04774,-,Asian (East),men,train
D__id02493__00073_id09053_6baCAGutGFg_faceswap_id06776_wavtolip,raw\FakeAVCeleb_v1.2\FakeVideo-FakeAudio\Asian (East)\men\id02493\00073_id09053_6baCAGutGFg_faceswap_id06776_wavtolip.mp4,1,FakeVideo-FakeAudio,faceswap-wav2lip,id02493,id09053,faceswap,Asian (East),men,train
A__id01248__00005,raw\FakeAVCeleb_v1.2\RealVideo-RealAudio\Caucasian (American)\women\id01248\00005.mp4,0,RealVideo-RealAudio,real,id01248,-,-,Caucasian (American),women,train
D__id02310__00139_id04070_wavtolip,raw\FakeAVCeleb_v1.2\FakeVideo-FakeAudio\Asian (South)\women\id02310\00139_id04070_wavtolip.mp4,1,FakeVideo-FakeAudio,wav2lip,id02310,id04070,-,Asian (South),women,train
C__id08314__00028_id00078_9CoVxzTOAhk,raw\FakeAVCeleb_v1.2\FakeVideo-RealAudio\Asian (South)\men\id08314\00028_id00078_9CoVxzTOAhk.mp4,1,FakeVideo-RealAudio,fsgan,id08314,id00078,-,Asian (South),men,train
D__id01052__00076_id00559_wavtolip,raw\FakeAVCeleb_v1.2\FakeVideo-FakeAudio\Caucasian (European)\men\id01052\00076_id00559_wavtolip.mp4,1,FakeVideo-FakeAudio,wav2lip,id01052,id00559,-,Caucasian (European),men,train
D__id01227__00052_id00752_mqS1sUVFjhM_id00291_wavtolip,raw\FakeAVCeleb_v1.2\FakeVideo-FakeAudio\Caucasian (American)\women\id01227\00052_id00752_mqS1sUVFjhM_id00291_wavtolip.mp4,1,FakeVideo-FakeAudio,fsgan-wav2lip,id01227,id00752,id00291,Caucasian (American),women,train
D__id04726__00245_id02553_wavtolip,raw\FakeAVCeleb_v1.2\FakeVideo-FakeAudio\Asian (East)\men\id04726\00245_id02553_wavtolip.mp4,1,FakeVideo-FakeAudio,wav2lip,id04726,id02553,-,Asian (East),men,train
C__id00292__00072_id01157_wavtolip,raw\FakeAVCeleb_v1.2\FakeVideo-RealAudio\Caucasian (European)\men\id00292\00072_id01157_wavtolip.mp4,1,FakeVideo-RealAudio,wav2lip,id00292,id01157,-,Caucasian (European),men,train
C__id03180__00039_id06354_PmWLmcJNUhM,raw\FakeAVCeleb_v1.2\FakeVideo-RealAudio\Asian (South)\men\id03180\00039_id06354_PmWLmcJNUhM.mp4,1,FakeVideo-RealAudio,fsgan,id03180,id06354,-,Asian (South),men,train
A__id07377__00025,raw\FakeAVCeleb_v1.2\RealVideo-RealAudio\Asian (South)\women\id07377\00025.mp4,0,RealVideo-RealAudio,real,id07377,-,-,Asian (South),women,train
D__id03103__00130_id00460_9sVM1Crx1FA_id04540_wavtolip,raw\FakeAVCeleb_v1.2\FakeVideo-FakeAudio\African\women\id03103\00130_id00460_9sVM1Crx1FA_id04540_wavtolip.mp4,1,FakeVideo-FakeAudio,fsgan-wav2lip,id03103,id00460,id04540,African,women,train
A__id00076__00109,raw\FakeAVCeleb_v1.2\RealVideo-RealAudio\African\men\id00076\00109.mp4,0,RealVideo-RealAudio,real,id00076,-,-,African,men,train
C__id00781__00092_id01972_hBYoeQTm8ZQ,raw\FakeAVCeleb_v1.2\FakeVideo-RealAudio\African\men\id00781\00092_id01972_hBYoeQTm8ZQ.mp4,1,FakeVideo-RealAudio,fsgan,id00781,id01972,-,African,men,train
C__id03028__00466_id05479_wavtolip,raw\FakeAVCeleb_v1.2\FakeVideo-RealAudio\Asian (East)\men\id03028\00466_id05479_wavtolip.mp4,1,FakeVideo-RealAudio,wav2lip,id03028,id05479,-,Asian (East),men,train
D__id01123__00072_id00909_nEQbKqo1XCs_id00963_wavtolip,raw\FakeAVCeleb_v1.2\FakeVideo-FakeAudio\Caucasian (European)\men\id01123\00072_id00909_nEQbKqo1XCs_id00963_wavtolip.mp4,1,FakeVideo-FakeAudio,fsgan-wav2lip,id01123,id00909,id00963,Caucasian (European),men,train
C__id00909__00037_id00241_DlI4wqSFwbI,raw\FakeAVCeleb_v1.2\FakeVideo-RealAudio\Caucasian (European)\men\id00909\00037_id00241_DlI4wqSFwbI.mp4,1,FakeVideo-RealAudio,fsgan,id00909,id00241,-,Caucasian (European),men,train
A__id03747__00273,raw\FakeAVCeleb_v1.2\RealVideo-RealAudio\African\women\id03747\00273.mp4,0,RealVideo-RealAudio,real,id03747,-,-,African,women,train
C__id03757__00149_id00945_wavtolip,raw\FakeAVCeleb_v1.2\FakeVideo-RealAudio\Caucasian (American)\men\id03757\00149_id00945_wavtolip.mp4,1,FakeVideo-RealAudio,wav2lip,id03757,id00945,-,Caucasian (American),men,train
C__id00185__00015_id00171_PWU6n0qrv4c,raw\FakeAVCeleb_v1.2\FakeVideo-RealAudio\Caucasian (European)\men\id00185\00015_id00171_PWU6n0qrv4c.mp4,1,FakeVideo-RealAudio,fsgan,id00185,id00171,-,Caucasian (European),men,train
D__id00241__00015_2_id00963_wavtolip,raw\FakeAVCeleb_v1.2\FakeVideo-FakeAudio\Caucasian (European)\men\id00241\00015_2_id00963_wavtolip.mp4,1,FakeVideo-FakeAudio,faceswap-wav2lip,id00241,2,-,Caucasian (European),men,train
C__id00813__00169_id00262_3p7sRWAAh1Q,raw\FakeAVCeleb_v1.2\FakeVideo-RealAudio\Caucasian (European)\women\id00813\00169_id00262_3p7sRWAAh1Q.mp4,1,FakeVideo-RealAudio,fsgan,id00813,id00262,-,Caucasian (European),women,train
A__id08652__00006,raw\FakeAVCeleb_v1.2\RealVideo-RealAudio\Asian (East)\men\id08652\00006.mp4,0,RealVideo-RealAudio,real,id08652,-,-,Asian (East),men,train
C__id00458__00072_id01248_2y-HnTO8WrQ,raw\FakeAVCeleb_v1.2\FakeVideo-RealAudio\Caucasian (American)\women\id00458\00072_id01248_2y-HnTO8WrQ.mp4,1,FakeVideo-RealAudio,fsgan,id00458,id01248,-,Caucasian (American),women,train
A__id00842__00043,raw\FakeAVCeleb_v1.2\RealVideo-RealAudio\Caucasian (American)\women\id00842\00043.mp4,0,RealVideo-RealAudio,real,id00842,-,-,Caucasian (American),women,train
D__id01051__00322_id00305_wavtolip,raw\FakeAVCeleb_v1.2\FakeVideo-FakeAudio\Caucasian (European)\men\id01051\00322_id00305_wavtolip.mp4,1,FakeVideo-FakeAudio,wav2lip,id01051,id00305,-,Caucasian (European),men,train
D__id01528__00017_id01452_4MqeoSxSy3w_faceswap_id01076_wavtolip,raw\FakeAVCeleb_v1.2\FakeVideo-FakeAudio\African\men\id01528\00017_id01452_4MqeoSxSy3w_faceswap_id01076_wavtolip.mp4,1,FakeVideo-FakeAudio,faceswap-wav2lip,id01528,id01452,faceswap,African,men,train
C__id00816__00118_id04526_wavtolip,raw\FakeAVCeleb_v1.2\FakeVideo-RealAudio\Asian (South)\men\id00816\00118_id04526_wavtolip.mp4,1,FakeVideo-RealAudio,wav2lip,id00816,id04526,-,Asian (South),men,train
A__id01182__00167,raw\FakeAVCeleb_v1.2\RealVideo-RealAudio\Caucasian (American)\men\id01182\00167.mp4,0,RealVideo-RealAudio,real,id01182,-,-,Caucasian (American),men,train
C__id01521__00109_id01452_wavtolip,raw\FakeAVCeleb_v1.2\FakeVideo-RealAudio\African\men\id01521\00109_id01452_wavtolip.mp4,1,FakeVideo-RealAudio,wav2lip,id01521,id01452,-,African,men,train
A__id02587__00020,raw\FakeAVCeleb_v1.2\RealVideo-RealAudio\Asian (East)\women\id02587\00020.mp4,0,RealVideo-RealAudio,real,id02587,-,-,Asian (East),women,train
D__id02005__00052_id02342_RJPBPhJB8TA_faceswap_id00518_wavtolip,raw\FakeAVCeleb_v1.2\FakeVideo-FakeAudio\African\men\id02005\00052_id02342_RJPBPhJB8TA_faceswap_id00518_wavtolip.mp4,1,FakeVideo-FakeAudio,faceswap-wav2lip,id02005,id02342,faceswap,African,men,train
C__id00747__00053_id05920_wavtolip,raw\FakeAVCeleb_v1.2\FakeVideo-RealAudio\Asian (South)\women\id00747\00053_id05920_wavtolip.mp4,1,FakeVideo-RealAudio,wav2lip,id00747,id05920,-,Asian (South),women,train
C__id00919__00063_id02567_4Ao5jgpSXdw,raw\FakeAVCeleb_v1.2\FakeVideo-RealAudio\Caucasian (European)\men\id00919\00063_id02567_4Ao5jgpSXdw.mp4,1,FakeVideo-RealAudio,fsgan,id00919,id02567,-,Caucasian (European),men,train
A__id00287__00005,raw\FakeAVCeleb_v1.2\RealVideo-RealAudio\Caucasian (European)\women\id00287\00005.mp4,0,RealVideo-RealAudio,real,id00287,-,-,Caucasian (European),women,train
A__id05251__00033,raw\FakeAVCeleb_v1.2\RealVideo-RealAudio\African\women\id05251\00033.mp4,0,RealVideo-RealAudio,real,id05251,-,-,African,women,train
C__id02494__00050_id02268_irA9myDvW-I,raw\FakeAVCeleb_v1.2\FakeVideo-RealAudio\African\men\id02494\00050_id02268_irA9myDvW-I.mp4,1,FakeVideo-RealAudio,fsgan,id02494,id02268,-,African,men,train
A__id01238__00037,raw\FakeAVCeleb_v1.2\RealVideo-RealAudio\Caucasian (American)\women\id01238\00037.mp4,0,RealVideo-RealAudio,real,id01238,-,-,Caucasian (American),women,train
A__id07182__00040,raw\FakeAVCeleb_v1.2\RealVideo-RealAudio\Asian (South)\men\id07182\00040.mp4,0,RealVideo-RealAudio,real,id07182,-,-,Asian (South),men,train
D__id01179__00160_id00476_UgdYVJ6xPYg_id01856_wavtolip,raw\FakeAVCeleb_v1.2\FakeVideo-FakeAudio\African\men\id01179\00160_id00476_UgdYVJ6xPYg_id01856_wavtolip.mp4,1,FakeVideo-FakeAudio,fsgan-wav2lip,id01179,id00476,id01856,African,men,train
A__id04582__00180,raw\FakeAVCeleb_v1.2\RealVideo-RealAudio\Asian (South)\women\id04582\00180.mp4,0,RealVideo-RealAudio,real,id04582,-,-,Asian (South),women,train
C__id02587__00020_id01281_wavtolip,raw\FakeAVCeleb_v1.2\FakeVideo-RealAudio\Asian (East)\women\id02587\00020_id01281_wavtolip.mp4,1,FakeVideo-RealAudio,wav2lip,id02587,id01281,-,Asian (East),women,train
D__id00945__00107_id00264_gslpgRLj4Xo_id04073_wavtolip,raw\FakeAVCeleb_v1.2\FakeVideo-FakeAudio\Caucasian (American)\men\id00945\00107_id00264_gslpgRLj4Xo_id04073_wavtolip.mp4,1,FakeVideo-FakeAudio,fsgan-wav2lip,id00945,id00264,id04073,Caucasian (American),men,train
D__id00816__00118_id07200_quCElxMhW6g_faceswap_id07108_wavtolip,raw\FakeAVCeleb_v1.2\FakeVideo-FakeAudio\Asian (South)\men\id00816\00118_id07200_quCElxMhW6g_faceswap_id07108_wavtolip.mp4,1,FakeVideo-FakeAudio,faceswap-wav2lip,id00816,id07200,faceswap,Asian (South),men,train
C__id02464__00002_id03781_jbHfYGVNqTg,raw\FakeAVCeleb_v1.2\FakeVideo-RealAudio\Caucasian (American)\women\id02464\00002_id03781_jbHfYGVNqTg.mp4,1,FakeVideo-RealAudio,fsgan,id02464,id03781,-,Caucasian (American),women,train
D__id04726__00245_1_id06152_wavtolip,raw\FakeAVCeleb_v1.2\FakeVideo-FakeAudio\Asian (East)\men\id04726\00245_1_id06152_wavtolip.mp4,1,FakeVideo-FakeAudio,faceswap-wav2lip,id04726,1,-,Asian (East),men,train
D__id00414__00052_id03599_wavtolip,raw\FakeAVCeleb_v1.2\FakeVideo-FakeAudio\Asian (South)\men\id00414\00052_id03599_wavtolip.mp4,1,FakeVideo-FakeAudio,wav2lip,id00414,id03599,-,Asian (South),men,train
D__id07739__00019_id07039_wavtolip,raw\FakeAVCeleb_v1.2\FakeVideo-FakeAudio\Asian (East)\women\id07739\00019_id07039_wavtolip.mp4,1,FakeVideo-FakeAudio,wav2lip,id07739,id07039,-,Asian (East),women,train
A__id06437__00028,raw\FakeAVCeleb_v1.2\RealVideo-RealAudio\Asian (South)\women\id06437\00028.mp4,0,RealVideo-RealAudio,real,id06437,-,-,Asian (South),women,train
C__id00735__00037_id00569_wavtolip,raw\FakeAVCeleb_v1.2\FakeVideo-RealAudio\Caucasian (European)\women\id00735\00037_id00569_wavtolip.mp4,1,FakeVideo-RealAudio,wav2lip,id00735,id00569,-,Caucasian (European),women,train
A__id06470__00052,raw\FakeAVCeleb_v1.2\RealVideo-RealAudio\Asian (East)\men\id06470\00052.mp4,0,RealVideo-RealAudio,real,id06470,-,-,Asian (East),men,train
A__id01856__00006,raw\FakeAVCeleb_v1.2\RealVideo-RealAudio\African\men\id01856\00006.mp4,0,RealVideo-RealAudio,real,id01856,-,-,African,men,train
C__id07377__00025_id04530_wavtolip,raw\FakeAVCeleb_v1.2\FakeVideo-RealAudio\Asian (South)\women\id07377\00025_id04530_wavtolip.mp4,1,FakeVideo-RealAudio,wav2lip,id07377,id04530,-,Asian (South),women,train
A__id06060__00219,raw\FakeAVCeleb_v1.2\RealVideo-RealAudio\Asian (East)\women\id06060\00219.mp4,0,RealVideo-RealAudio,real,id06060,-,-,Asian (East),women,train
D__id00594__00005_id00185_1lsGWpwnl1M_faceswap_id00498_wavtolip,raw\FakeAVCeleb_v1.2\FakeVideo-FakeAudio\Caucasian (European)\men\id00594\00005_id00185_1lsGWpwnl1M_faceswap_id00498_wavtolip.mp4,1,FakeVideo-FakeAudio,faceswap-wav2lip,id00594,id00185,faceswap,Caucasian (European),men,train
D__id01532__00065_id03569_YO0EpPm9p-8_id01532_wavtolip,raw\FakeAVCeleb_v1.2\FakeVideo-FakeAudio\African\women\id01532\00065_id03569_YO0EpPm9p-8_id01532_wavtolip.mp4,1,FakeVideo-FakeAudio,fsgan-wav2lip,id01532,id03569,id01532,African,women,train
D__id00575__00092_id00025_PjSeVtbvSjA_id00145_wavtolip,raw\FakeAVCeleb_v1.2\FakeVideo-FakeAudio\Caucasian (American)\women\id00575\00092_id00025_PjSeVtbvSjA_id00145_wavtolip.mp4,1,FakeVideo-FakeAudio,fsgan-wav2lip,id00575,id00025,id00145,Caucasian (American),women,train
A__id07338__00003,raw\FakeAVCeleb_v1.2\RealVideo-RealAudio\Asian (East)\men\id07338\00003.mp4,0,RealVideo-RealAudio,real,id07338,-,-,Asian (East),men,train
D__id00100__00028_2_id01075_wavtolip,raw\FakeAVCeleb_v1.2\FakeVideo-FakeAudio\Caucasian (American)\women\id00100\00028_2_id01075_wavtolip.mp4,1,FakeVideo-FakeAudio,faceswap-wav2lip,id00100,2,-,Caucasian (American),women,train
C__id00431__00039_id00555_4DWmIb1tFZQ,raw\FakeAVCeleb_v1.2\FakeVideo-RealAudio\Caucasian (American)\women\id00431\00039_id00555_4DWmIb1tFZQ.mp4,1,FakeVideo-RealAudio,fsgan,id00431,id00555,-,Caucasian (American),women,train
A__id09143__00056,raw\FakeAVCeleb_v1.2\RealVideo-RealAudio\Asian (East)\men\id09143\00056.mp4,0,RealVideo-RealAudio,real,id09143,-,-,Asian (East),men,train
D__id00234__00063_id00403_n4LSCxzFr6o_faceswap_id00234_wavtolip,raw\FakeAVCeleb_v1.2\FakeVideo-FakeAudio\Caucasian (European)\women\id00234\00063_id00403_n4LSCxzFr6o_faceswap_id00234_wavtolip.mp4,1,FakeVideo-FakeAudio,faceswap-wav2lip,id00234,id00403,faceswap,Caucasian (European),women,train
C__id02089__00092_id05845_wavtolip,raw\FakeAVCeleb_v1.2\FakeVideo-RealAudio\Asian (South)\women\id02089\00092_id05845_wavtolip.mp4,1,FakeVideo-RealAudio,wav2lip,id02089,id05845,-,Asian (South),women,train
D__id00835__00195_id00462_wavtolip,raw\FakeAVCeleb_v1.2\FakeVideo-FakeAudio\Caucasian (American)\women\id00835\00195_id00462_wavtolip.mp4,1,FakeVideo-FakeAudio,wav2lip,id00835,id00462,-,Caucasian (American),women,train
D__id00431__00039_id00428_Kr7n-68JWww_id03707_wavtolip,raw\FakeAVCeleb_v1.2\FakeVideo-FakeAudio\Caucasian (American)\women\id00431\00039_id00428_Kr7n-68JWww_id03707_wavtolip.mp4,1,FakeVideo-FakeAudio,fsgan-wav2lip,id00431,id00428,id03707,Caucasian (American),women,train
A__id00021__00010,raw\FakeAVCeleb_v1.2\RealVideo-RealAudio\Caucasian (American)\men\id00021\00010.mp4,0,RealVideo-RealAudio,real,id00021,-,-,Caucasian (American),men,train
D__id00709__00206_1_id00187_wavtolip,raw\FakeAVCeleb_v1.2\FakeVideo-FakeAudio\Caucasian (European)\men\id00709\00206_1_id00187_wavtolip.mp4,1,FakeVideo-FakeAudio,faceswap-wav2lip,id00709,1,-,Caucasian (European),men,train
C__id04057__00015_id02587_KzwJPH5_8j0,raw\FakeAVCeleb_v1.2\FakeVideo-RealAudio\Asian (East)\women\id04057\00015_id02587_KzwJPH5_8j0.mp4,1,FakeVideo-RealAudio,fsgan,id04057,id02587,-,Asian (East),women,train
C__id00694__00340_id00535_BhvTIJ-YG5s_faceswap,raw\FakeAVCeleb_v1.2\FakeVideo-RealAudio\Caucasian (European)\men\id00694\00340_id00535_BhvTIJ-YG5s_faceswap.mp4,1,FakeVideo-RealAudio,faceswap,id00694,id00535,-,Caucasian (European),men,train
D__id01231__00015_id01227_wavtolip,raw\FakeAVCeleb_v1.2\FakeVideo-FakeAudio\Caucasian (American)\women\id01231\00015_id01227_wavtolip.mp4,1,FakeVideo-FakeAudio,wav2lip,id01231,id01227,-,Caucasian (American),women,train
B__id09175__00072_fake,raw\FakeAVCeleb_v1.2\RealVideo-FakeAudio\Asian (East)\women\id09175\00072_fake.mp4,1,RealVideo-FakeAudio,rtvc,id09175,fake.mp4,-,Asian (East),women,train
A__id00963__00028,raw\FakeAVCeleb_v1.2\RealVideo-RealAudio\Caucasian (European)\men\id00963\00028.mp4,0,RealVideo-RealAudio,real,id00963,-,-,Caucasian (European),men,train
C__id00055__00120_id00292_qELK8N_DykA,raw\FakeAVCeleb_v1.2\FakeVideo-RealAudio\Caucasian (European)\men\id00055\00120_id00292_qELK8N_DykA.mp4,1,FakeVideo-RealAudio,fsgan,id00055,id00292,-,Caucasian (European),men,train
A__id00241__00015,raw\FakeAVCeleb_v1.2\RealVideo-RealAudio\Caucasian (European)\men\id00241\00015.mp4,0,RealVideo-RealAudio,real,id00241,-,-,Caucasian (European),men,train
A__id05743__00015,raw\FakeAVCeleb_v1.2\RealVideo-RealAudio\Asian (East)\men\id05743\00015.mp4,0,RealVideo-RealAudio,real,id05743,-,-,Asian (East),men,train
A__id01245__00028,raw\FakeAVCeleb_v1.2\RealVideo-RealAudio\Caucasian (American)\women\id01245\00028.mp4,0,RealVideo-RealAudio,real,id01245,-,-,Caucasian (American),women,train
C__id07051__00083_id05478_wavtolip,raw\FakeAVCeleb_v1.2\FakeVideo-RealAudio\Asian (South)\women\id07051\00083_id05478_wavtolip.mp4,1,FakeVideo-RealAudio,wav2lip,id07051,id05478,-,Asian (South),women,train
C__id04582__00180_id07236_Fe0sdHw3sc4,raw\FakeAVCeleb_v1.2\FakeVideo-RealAudio\Asian (South)\women\id04582\00180_id07236_Fe0sdHw3sc4.mp4,1,FakeVideo-RealAudio,fsgan,id04582,id07236,-,Asian (South),women,train
D__id00235__00052_id05845_XfMHm6CEwPw_faceswap_id04530_wavtolip,raw\FakeAVCeleb_v1.2\FakeVideo-FakeAudio\Asian (South)\women\id00235\00052_id05845_XfMHm6CEwPw_faceswap_id04530_wavtolip.mp4,1,FakeVideo-FakeAudio,faceswap-wav2lip,id00235,id05845,faceswap,Asian (South),women,train
A__id03940__00025,raw\FakeAVCeleb_v1.2\RealVideo-RealAudio\Asian (East)\women\id03940\00025.mp4,0,RealVideo-RealAudio,real,id03940,-,-,Asian (East),women,train
A__id00829__00271,raw\FakeAVCeleb_v1.2\RealVideo-RealAudio\African\women\id00829\00271.mp4,0,RealVideo-RealAudio,real,id00829,-,-,African,women,train
C__id02365__00028_id02561_wavtolip,raw\FakeAVCeleb_v1.2\FakeVideo-RealAudio\Asian (East)\men\id02365\00028_id02561_wavtolip.mp4,1,FakeVideo-RealAudio,wav2lip,id02365,id02561,-,Asian (East),men,train
A__id00180__00206,raw\FakeAVCeleb_v1.2\RealVideo-RealAudio\Caucasian (American)\women\id00180\00206.mp4,0,RealVideo-RealAudio,real,id00180,-,-,Caucasian (American),women,train
A__id00577__00010,raw\FakeAVCeleb_v1.2\RealVideo-RealAudio\African\women\id00577\00010.mp4,0,RealVideo-RealAudio,real,id00577,-,-,African,women,train
B__id03180__00039_fake,raw\FakeAVCeleb_v1.2\RealVideo-FakeAudio\Asian (South)\men\id03180\00039_fake.mp4,1,RealVideo-FakeAudio,rtvc,id03180,fake.mp4,-,Asian (South),men,train
D__id00021__00010_id00088_6WIDWxr8vuU_id00529_wavtolip,raw\FakeAVCeleb_v1.2\FakeVideo-FakeAudio\Caucasian (American)\men\id00021\00010_id00088_6WIDWxr8vuU_id00529_wavtolip.mp4,1,FakeVideo-FakeAudio,fsgan-wav2lip,id00021,id00088,id00529,Caucasian (American),men,train
C__id00462__00143_id00835_zWTp4szbb5k,raw\FakeAVCeleb_v1.2\FakeVideo-RealAudio\Caucasian (American)\women\id00462\00143_id00835_zWTp4szbb5k.mp4,1,FakeVideo-RealAudio,fsgan,id00462,id00835,-,Caucasian (American),women,train
C__id08314__00028_id07195_wXqfHGtaBn4,raw\FakeAVCeleb_v1.2\FakeVideo-RealAudio\Asian (South)\men\id08314\00028_id07195_wXqfHGtaBn4.mp4,1,FakeVideo-RealAudio,fsgan,id08314,id07195,-,Asian (South),men,train
D__id06807__00015_id04111_wavtolip,raw\FakeAVCeleb_v1.2\FakeVideo-FakeAudio\Asian (East)\men\id06807\00015_id04111_wavtolip.mp4,1,FakeVideo-FakeAudio,wav2lip,id06807,id04111,-,Asian (East),men,train
C__id05743__00015_id00740_wavtolip,raw\FakeAVCeleb_v1.2\FakeVideo-RealAudio\Asian (East)\men\id05743\00015_id00740_wavtolip.mp4,1,FakeVideo-RealAudio,wav2lip,id05743,id00740,-,Asian (East),men,train
A__id01637__00002,raw\FakeAVCeleb_v1.2\RealVideo-RealAudio\African\men\id01637\00002.mp4,0,RealVideo-RealAudio,real,id01637,-,-,African,men,train
C__id00816__00118_id07195_wXqfHGtaBn4,raw\FakeAVCeleb_v1.2\FakeVideo-RealAudio\Asian (South)\men\id00816\00118_id07195_wXqfHGtaBn4.mp4,1,FakeVideo-RealAudio,fsgan,id00816,id07195,-,Asian (South),men,train
C__id02365__00028_id03889_C54Tw6xrc4U,raw\FakeAVCeleb_v1.2\FakeVideo-RealAudio\Asian (East)\men\id02365\00028_id03889_C54Tw6xrc4U.mp4,1,FakeVideo-RealAudio,fsgan,id02365,id03889,-,Asian (East),men,train
A__id05231__00149,raw\FakeAVCeleb_v1.2\RealVideo-RealAudio\African\women\id05231\00149.mp4,0,RealVideo-RealAudio,real,id05231,-,-,African,women,train
D__id06437__00028_id06232_wavtolip,raw\FakeAVCeleb_v1.2\FakeVideo-FakeAudio\Asian (South)\women\id06437\00028_id06232_wavtolip.mp4,1,FakeVideo-FakeAudio,wav2lip,id06437,id06232,-,Asian (South),women,train
C__id07078__00405_id00043_wavtolip,raw\FakeAVCeleb_v1.2\FakeVideo-RealAudio\Asian (South)\women\id07078\00405_id00043_wavtolip.mp4,1,FakeVideo-RealAudio,wav2lip,id07078,id00043,-,Asian (South),women,train
D__id00781__00092_id02342_wavtolip,raw\FakeAVCeleb_v1.2\FakeVideo-FakeAudio\African\men\id00781\00092_id02342_wavtolip.mp4,1,FakeVideo-FakeAudio,wav2lip,id00781,id02342,-,African,men,train
C__id07689__00028_id06752_wavtolip,raw\FakeAVCeleb_v1.2\FakeVideo-RealAudio\Asian (South)\women\id07689\00028_id06752_wavtolip.mp4,1,FakeVideo-RealAudio,wav2lip,id07689,id06752,-,Asian (South),women,train
C__id01124__00063_id00020_wavtolip,raw\FakeAVCeleb_v1.2\FakeVideo-RealAudio\Caucasian (American)\men\id01124\00063_id00020_wavtolip.mp4,1,FakeVideo-RealAudio,wav2lip,id01124,id00020,-,Caucasian (American),men,train
D__id04057__00015_id05576_wavtolip,raw\FakeAVCeleb_v1.2\FakeVideo-FakeAudio\Asian (East)\women\id04057\00015_id05576_wavtolip.mp4,1,FakeVideo-FakeAudio,wav2lip,id04057,id05576,-,Asian (East),women,train
D__id00231__00037_id00848_wavtolip,raw\FakeAVCeleb_v1.2\FakeVideo-FakeAudio\Caucasian (American)\women\id00231\00037_id00848_wavtolip.mp4,1,FakeVideo-FakeAudio,wav2lip,id00231,id00848,-,Caucasian (American),women,train
D__id01201__00028_id00020_wavtolip,raw\FakeAVCeleb_v1.2\FakeVideo-FakeAudio\Caucasian (American)\men\id01201\00028_id00020_wavtolip.mp4,1,FakeVideo-FakeAudio,wav2lip,id01201,id00020,-,Caucasian (American),men,train
C__id04820__00015_id00832_wavtolip,raw\FakeAVCeleb_v1.2\FakeVideo-RealAudio\African\women\id04820\00015_id00832_wavtolip.mp4,1,FakeVideo-RealAudio,wav2lip,id04820,id00832,-,African,women,train
D__id04884__00028_id09143_wavtolip,raw\FakeAVCeleb_v1.2\FakeVideo-FakeAudio\Asian (East)\men\id04884\00028_id09143_wavtolip.mp4,1,FakeVideo-FakeAudio,wav2lip,id04884,id09143,-,Asian (East),men,train
A__id00591__00001,raw\FakeAVCeleb_v1.2\RealVideo-RealAudio\Caucasian (European)\women\id00591\00001.mp4,0,RealVideo-RealAudio,real,id00591,-,-,Caucasian (European),women,train
A__id00049__00118,raw\FakeAVCeleb_v1.2\RealVideo-RealAudio\Caucasian (American)\men\id00049\00118.mp4,0,RealVideo-RealAudio,real,id00049,-,-,Caucasian (American),men,train
A__id00919__00063,raw\FakeAVCeleb_v1.2\RealVideo-RealAudio\Caucasian (European)\men\id00919\00063.mp4,0,RealVideo-RealAudio,real,id00919,-,-,Caucasian (European),men,train
D__id01528__00017_id01972_hBYoeQTm8ZQ_id01610_wavtolip,raw\FakeAVCeleb_v1.2\FakeVideo-FakeAudio\African\men\id01528\00017_id01972_hBYoeQTm8ZQ_id01610_wavtolip.mp4,1,FakeVideo-FakeAudio,fsgan-wav2lip,id01528,id01972,id01610,African,men,train
C__id01105__00083_id01192_kAht8HG7-1s,raw\FakeAVCeleb_v1.2\FakeVideo-RealAudio\Caucasian (American)\men\id01105\00083_id01192_kAht8HG7-1s.mp4,1,FakeVideo-RealAudio,fsgan,id01105,id01192,-,Caucasian (American),men,train
C__id00418__00052_id00180_lkeAa8Od_tg,raw\FakeAVCeleb_v1.2\FakeVideo-RealAudio\Caucasian (American)\women\id00418\00052_id00180_lkeAa8Od_tg.mp4,1,FakeVideo-RealAudio,fsgan,id00418,id00180,-,Caucasian (American),women,train
A__id00566__00032,raw\FakeAVCeleb_v1.2\RealVideo-RealAudio\Asian (East)\women\id00566\00032.mp4,0,RealVideo-RealAudio,real,id00566,-,-,Asian (East),women,train
A__id01528__00017,raw\FakeAVCeleb_v1.2\RealVideo-RealAudio\African\men\id01528\00017.mp4,0,RealVideo-RealAudio,real,id01528,-,-,African,men,train
D__id00739__00005_id07008_wavtolip,raw\FakeAVCeleb_v1.2\FakeVideo-FakeAudio\Asian (South)\women\id00739\00005_id07008_wavtolip.mp4,1,FakeVideo-FakeAudio,wav2lip,id00739,id07008,-,Asian (South),women,train
D__id07008__00175_id07136_4e43eS5p3_M_id07008_wavtolip,raw\FakeAVCeleb_v1.2\FakeVideo-FakeAudio\Asian (South)\women\id07008\00175_id07136_4e43eS5p3_M_id07008_wavtolip.mp4,1,FakeVideo-FakeAudio,fsgan-wav2lip,id07008,id07136,id07008,Asian (South),women,train
A__id07008__00175,raw\FakeAVCeleb_v1.2\RealVideo-RealAudio\Asian (South)\women\id07008\00175.mp4,0,RealVideo-RealAudio,real,id07008,-,-,Asian (South),women,train
C__id03945__00063_id06354_PmWLmcJNUhM,raw\FakeAVCeleb_v1.2\FakeVideo-RealAudio\Asian (South)\men\id03945\00063_id06354_PmWLmcJNUhM.mp4,1,FakeVideo-RealAudio,fsgan,id03945,id06354,-,Asian (South),men,train
D__id03605__00048_id00848_wavtolip,raw\FakeAVCeleb_v1.2\FakeVideo-FakeAudio\Caucasian (American)\women\id03605\00048_id00848_wavtolip.mp4,1,FakeVideo-FakeAudio,wav2lip,id03605,id00848,-,Caucasian (American),women,train
C__id00813__00169_id00379_wavtolip,raw\FakeAVCeleb_v1.2\FakeVideo-RealAudio\Caucasian (European)\women\id00813\00169_id00379_wavtolip.mp4,1,FakeVideo-RealAudio,wav2lip,id00813,id00379,-,Caucasian (European),women,train
A__id04437__00002,raw\FakeAVCeleb_v1.2\RealVideo-RealAudio\African\women\id04437\00002.mp4,0,RealVideo-RealAudio,real,id04437,-,-,African,women,train
D__id00554__00028_id01156_wavtolip,raw\FakeAVCeleb_v1.2\FakeVideo-FakeAudio\Caucasian (European)\men\id00554\00028_id01156_wavtolip.mp4,1,FakeVideo-FakeAudio,wav2lip,id00554,id01156,-,Caucasian (European),men,train
A__id01018__00072,raw\FakeAVCeleb_v1.2\RealVideo-RealAudio\Caucasian (European)\women\id01018\00072.mp4,0,RealVideo-RealAudio,real,id01018,-,-,Caucasian (European),women,train
C__id00946__00126_id00358_vsVwGKy79kM,raw\FakeAVCeleb_v1.2\FakeVideo-RealAudio\Caucasian (European)\men\id00946\00126_id00358_vsVwGKy79kM.mp4,1,FakeVideo-RealAudio,fsgan,id00946,id00358,-,Caucasian (European),men,train
C__id04070__00072_id04530_wavtolip,raw\FakeAVCeleb_v1.2\FakeVideo-RealAudio\Asian (South)\women\id04070\00072_id04530_wavtolip.mp4,1,FakeVideo-RealAudio,wav2lip,id04070,id04530,-,Asian (South),women,train
D__id00235__00052_id05845_XfMHm6CEwPw_faceswap_id06445_wavtolip,raw\FakeAVCeleb_v1.2\FakeVideo-FakeAudio\Asian (South)\women\id00235\00052_id05845_XfMHm6CEwPw_faceswap_id06445_wavtolip.mp4,1,FakeVideo-FakeAudio,faceswap-wav2lip,id00235,id05845,faceswap,Asian (South),women,train
D__id02316__00094_id01530_wavtolip,raw\FakeAVCeleb_v1.2\FakeVideo-FakeAudio\African\men\id02316\00094_id01530_wavtolip.mp4,1,FakeVideo-FakeAudio,wav2lip,id02316,id01530,-,African,men,train
A__id00078__00114,raw\FakeAVCeleb_v1.2\RealVideo-RealAudio\Asian (South)\men\id00078\00114.mp4,0,RealVideo-RealAudio,real,id00078,-,-,Asian (South),men,train
C__id00566__00032_id05620_wavtolip,raw\FakeAVCeleb_v1.2\FakeVideo-RealAudio\Asian (East)\women\id00566\00032_id05620_wavtolip.mp4,1,FakeVideo-RealAudio,wav2lip,id00566,id05620,-,Asian (East),women,train
D__id02553__00043_id02332_hlo8q3-L9vI_faceswap_id01204_wavtolip,raw\FakeAVCeleb_v1.2\FakeVideo-FakeAudio\Asian (East)\men\id02553\00043_id02332_hlo8q3-L9vI_faceswap_id01204_wavtolip.mp4,1,FakeVideo-FakeAudio,faceswap-wav2lip,id02553,id02332,faceswap,Asian (East),men,train
C__id00634__00078_id00569_wavtolip,raw\FakeAVCeleb_v1.2\FakeVideo-RealAudio\Caucasian (European)\women\id00634\00078_id00569_wavtolip.mp4,1,FakeVideo-RealAudio,wav2lip,id00634,id00569,-,Caucasian (European),women,train
D__id08397__00167_id06065_wavtolip,raw\FakeAVCeleb_v1.2\FakeVideo-FakeAudio\Asian (East)\women\id08397\00167_id06065_wavtolip.mp4,1,FakeVideo-FakeAudio,wav2lip,id08397,id06065,-,Asian (East),women,train
A__id00220__00027,raw\FakeAVCeleb_v1.2\RealVideo-RealAudio\African\women\id00220\00027.mp4,0,RealVideo-RealAudio,real,id00220,-,-,African,women,train
C__id04144__00028_id00582_9gvF6IohoUI,raw\FakeAVCeleb_v1.2\FakeVideo-RealAudio\Asian (East)\women\id04144\00028_id00582_9gvF6IohoUI.mp4,1,FakeVideo-RealAudio,fsgan,id04144,id00582,-,Asian (East),women,train
C__id08613__00074_id06594_wavtolip,raw\FakeAVCeleb_v1.2\FakeVideo-RealAudio\Asian (East)\men\id08613\00074_id06594_wavtolip.mp4,1,FakeVideo-RealAudio,wav2lip,id08613,id06594,-,Asian (East),men,train
C__id01239__00280_id01124_wavtolip,raw\FakeAVCeleb_v1.2\FakeVideo-RealAudio\Caucasian (American)\men\id01239\00280_id01124_wavtolip.mp4,1,FakeVideo-RealAudio,wav2lip,id01239,id01124,-,Caucasian (American),men,train
D__id00732__00118_id04537_G1e1UFopjfI_id07163_wavtolip,raw\FakeAVCeleb_v1.2\FakeVideo-FakeAudio\Asian (South)\men\id00732\00118_id04537_G1e1UFopjfI_id07163_wavtolip.mp4,1,FakeVideo-FakeAudio,fsgan-wav2lip,id00732,id04537,id07163,Asian (South),men,train
B__id02617__00028_fake,raw\FakeAVCeleb_v1.2\RealVideo-FakeAudio\African\women\id02617\00028_fake.mp4,1,RealVideo-FakeAudio,rtvc,id02617,fake.mp4,-,African,women,train
D__id06061__00002_id07039_fZEATu9fyTk_id00935_wavtolip,raw\FakeAVCeleb_v1.2\FakeVideo-FakeAudio\Asian (East)\women\id06061\00002_id07039_fZEATu9fyTk_id00935_wavtolip.mp4,1,FakeVideo-FakeAudio,fsgan-wav2lip,id06061,id07039,id00935,Asian (East),women,train
D__id00946__00126_id00999_SjnM4XFBz0M_id01157_wavtolip,raw\FakeAVCeleb_v1.2\FakeVideo-FakeAudio\Caucasian (European)\men\id00946\00126_id00999_SjnM4XFBz0M_id01157_wavtolip.mp4,1,FakeVideo-FakeAudio,fsgan-wav2lip,id00946,id00999,id01157,Caucasian (European),men,train
D__id00459__00382_id00769_BqHVSZdoVpM_faceswap_id08457_wavtolip,raw\FakeAVCeleb_v1.2\FakeVideo-FakeAudio\Asian (South)\men\id00459\00382_id00769_BqHVSZdoVpM_faceswap_id08457_wavtolip.mp4,1,FakeVideo-FakeAudio,faceswap-wav2lip,id00459,id00769,faceswap,Asian (South),men,train
D__id00963__00028_id00055_XzCF6sJ8Axc_id01098_wavtolip,raw\FakeAVCeleb_v1.2\FakeVideo-FakeAudio\Caucasian (European)\men\id00963\00028_id00055_XzCF6sJ8Axc_id01098_wavtolip.mp4,1,FakeVideo-FakeAudio,fsgan-wav2lip,id00963,id00055,id01098,Caucasian (European),men,train
A__id05631__00073,raw\FakeAVCeleb_v1.2\RealVideo-RealAudio\Asian (East)\women\id05631\00073.mp4,0,RealVideo-RealAudio,real,id05631,-,-,Asian (East),women,train
C__id04884__00028_id04687_cSxCV6zdmwo,raw\FakeAVCeleb_v1.2\FakeVideo-RealAudio\Asian (East)\men\id04884\00028_id04687_cSxCV6zdmwo.mp4,1,FakeVideo-RealAudio,fsgan,id04884,id04687,-,Asian (East),men,train
D__id00594__00005_id00999_SjnM4XFBz0M_id00185_wavtolip,raw\FakeAVCeleb_v1.2\FakeVideo-FakeAudio\Caucasian (European)\men\id00594\00005_id00999_SjnM4XFBz0M_id00185_wavtolip.mp4,1,FakeVideo-FakeAudio,fsgan-wav2lip,id00594,id00999,id00185,Caucasian (European),men,train
D__id04073__00021_id04034_wavtolip,raw\FakeAVCeleb_v1.2\FakeVideo-FakeAudio\Caucasian (American)\men\id04073\00021_id04034_wavtolip.mp4,1,FakeVideo-FakeAudio,wav2lip,id04073,id04034,-,Caucasian (American),men,train
B__id03620__00081_fake,raw\FakeAVCeleb_v1.2\RealVideo-FakeAudio\Caucasian (European)\women\id03620\00081_fake.mp4,1,RealVideo-FakeAudio,rtvc,id03620,fake.mp4,-,Caucasian (European),women,train
D__id00225__00078_id00709_Rh23ELMGsIQ_faceswap_id00305_wavtolip,raw\FakeAVCeleb_v1.2\FakeVideo-FakeAudio\Caucasian (European)\men\id00225\00078_id00709_Rh23ELMGsIQ_faceswap_id00305_wavtolip.mp4,1,FakeVideo-FakeAudio,faceswap-wav2lip,id00225,id00709,faceswap,Caucasian (European),men,train
D__id00261__00048_id00428_Kr7n-68JWww_id03605_wavtolip,raw\FakeAVCeleb_v1.2\FakeVideo-FakeAudio\Caucasian (American)\women\id00261\00048_id00428_Kr7n-68JWww_id03605_wavtolip.mp4,1,FakeVideo-FakeAudio,fsgan-wav2lip,id00261,id00428,id03605,Caucasian (American),women,train
D__id05845__00027_id05478_VJkjRzPt-Jw_faceswap_id05845_wavtolip,raw\FakeAVCeleb_v1.2\FakeVideo-FakeAudio\Asian (South)\women\id05845\00027_id05478_VJkjRzPt-Jw_faceswap_id05845_wavtolip.mp4,1,FakeVideo-FakeAudio,faceswap-wav2lip,id05845,id05478,faceswap,Asian (South),women,train
C__id03941__00021_id00826_wavtolip,raw\FakeAVCeleb_v1.2\FakeVideo-RealAudio\Caucasian (European)\women\id03941\00021_id00826_wavtolip.mp4,1,FakeVideo-RealAudio,wav2lip,id03941,id00826,-,Caucasian (European),women,train
C__id00555__00005_id01004_867Wlj7Gw68,raw\FakeAVCeleb_v1.2\FakeVideo-RealAudio\Caucasian (American)\women\id00555\00005_id01004_867Wlj7Gw68.mp4,1,FakeVideo-RealAudio,fsgan,id00555,id01004,-,Caucasian (American),women,train
D__id00618__00195_id01075_wavtolip,raw\FakeAVCeleb_v1.2\FakeVideo-FakeAudio\Caucasian (American)\women\id00618\00195_id01075_wavtolip.mp4,1,FakeVideo-FakeAudio,wav2lip,id00618,id01075,-,Caucasian (American),women,train
C__id00243__00037_id00060_gZ4RkcQ0SXE,raw\FakeAVCeleb_v1.2\FakeVideo-RealAudio\Caucasian (American)\men\id00243\00037_id00060_gZ4RkcQ0SXE.mp4,1,FakeVideo-RealAudio,fsgan,id00243,id00060,-,Caucasian (American),men,train
A__id00029__00288,raw\FakeAVCeleb_v1.2\RealVideo-RealAudio\Caucasian (American)\men\id00029\00288.mp4,0,RealVideo-RealAudio,real,id00029,-,-,Caucasian (American),men,train
D__id00577__00010_id03103_wiCYm3THQPw_id00829_wavtolip,raw\FakeAVCeleb_v1.2\FakeVideo-FakeAudio\African\women\id00577\00010_id03103_wiCYm3THQPw_id00829_wavtolip.mp4,1,FakeVideo-FakeAudio,fsgan-wav2lip,id00577,id03103,id00829,African,women,train
C__id00414__00052_id07165_oJ_iy16IBTM,raw\FakeAVCeleb_v1.2\FakeVideo-RealAudio\Asian (South)\men\id00414\00052_id07165_oJ_iy16IBTM.mp4,1,FakeVideo-RealAudio,fsgan,id00414,id07165,-,Asian (South),men,train
C__id01044__00336_id01192_kAht8HG7-1s,raw\FakeAVCeleb_v1.2\FakeVideo-RealAudio\Caucasian (American)\men\id01044\00336_id01192_kAht8HG7-1s.mp4,1,FakeVideo-RealAudio,fsgan,id01044,id01192,-,Caucasian (American),men,train
D__id04490__00054_id05435_OvX-Jv_whcU_id06268_wavtolip,raw\FakeAVCeleb_v1.2\FakeVideo-FakeAudio\Asian (South)\women\id04490\00054_id05435_OvX-Jv_whcU_id06268_wavtolip.mp4,1,FakeVideo-FakeAudio,fsgan-wav2lip,id04490,id05435,whcU,Asian (South),women,train
A__id06066__00028,raw\FakeAVCeleb_v1.2\RealVideo-RealAudio\Asian (East)\women\id06066\00028.mp4,0,RealVideo-RealAudio,real,id06066,-,-,Asian (East),women,train
D__id03747__00273_id02071_cHuDh9F87vA_id02071_wavtolip,raw\FakeAVCeleb_v1.2\FakeVideo-FakeAudio\African\women\id03747\00273_id02071_cHuDh9F87vA_id02071_wavtolip.mp4,1,FakeVideo-FakeAudio,fsgan-wav2lip,id03747,id02071,id02071,African,women,train
D__id04034__00009_id01210_wavtolip,raw\FakeAVCeleb_v1.2\FakeVideo-FakeAudio\Caucasian (American)\men\id04034\00009_id01210_wavtolip.mp4,1,FakeVideo-FakeAudio,wav2lip,id04034,id01210,-,Caucasian (American),men,train
A__id00418__00052,raw\FakeAVCeleb_v1.2\RealVideo-RealAudio\Caucasian (American)\women\id00418\00052.mp4,0,RealVideo-RealAudio,real,id00418,-,-,Caucasian (American),women,train
C__id01392__00167_id01179_RnqLJMrWELw,raw\FakeAVCeleb_v1.2\FakeVideo-RealAudio\African\men\id01392\00167_id01179_RnqLJMrWELw.mp4,1,FakeVideo-RealAudio,fsgan,id01392,id01179,-,African,men,train
D__id01597__00005_id00830_rfl3Teg9uew_id01530_wavtolip,raw\FakeAVCeleb_v1.2\FakeVideo-FakeAudio\African\men\id01597\00005_id00830_rfl3Teg9uew_id01530_wavtolip.mp4,1,FakeVideo-FakeAudio,fsgan-wav2lip,id01597,id00830,id01530,African,men,train
C__id04564__00417_id06268_wavtolip,raw\FakeAVCeleb_v1.2\FakeVideo-RealAudio\Asian (South)\women\id04564\00417_id06268_wavtolip.mp4,1,FakeVideo-RealAudio,wav2lip,id04564,id06268,-,Asian (South),women,train
C__id01058__00005_0,raw\FakeAVCeleb_v1.2\FakeVideo-RealAudio\Caucasian (European)\men\id01058\00005_0.mp4,1,FakeVideo-RealAudio,faceswap,id01058,0.mp4,-,Caucasian (European),men,train
D__id06535__00183_id05268_wavtolip,raw\FakeAVCeleb_v1.2\FakeVideo-FakeAudio\Asian (East)\men\id06535\00183_id05268_wavtolip.mp4,1,FakeVideo-FakeAudio,wav2lip,id06535,id05268,-,Asian (East),men,train
A__id01175__00025,raw\FakeAVCeleb_v1.2\RealVideo-RealAudio\Caucasian (American)\men\id01175\00025.mp4,0,RealVideo-RealAudio,real,id01175,-,-,Caucasian (American),men,train
C__id01098__00044_id00225_MHSgwpfHAXw,raw\FakeAVCeleb_v1.2\FakeVideo-RealAudio\Caucasian (European)\men\id01098\00044_id00225_MHSgwpfHAXw.mp4,1,FakeVideo-RealAudio,fsgan,id01098,id00225,-,Caucasian (European),men,train
D__id08299__00110_3_id01212_wavtolip,raw\FakeAVCeleb_v1.2\FakeVideo-FakeAudio\Asian (East)\men\id08299\00110_3_id01212_wavtolip.mp4,1,FakeVideo-FakeAudio,faceswap-wav2lip,id08299,3,-,Asian (East),men,train
D__id00097__00162_id00180_lkeAa8Od_tg_id00231_wavtolip,raw\FakeAVCeleb_v1.2\FakeVideo-FakeAudio\Caucasian (American)\women\id00097\00162_id00180_lkeAa8Od_tg_id00231_wavtolip.mp4,1,FakeVideo-FakeAudio,fsgan-wav2lip,id00097,id00180,id00231,Caucasian (American),women,train
D__id00769__00015_id00414_wavtolip,raw\FakeAVCeleb_v1.2\FakeVideo-FakeAudio\Asian (South)\men\id00769\00015_id00414_wavtolip.mp4,1,FakeVideo-FakeAudio,wav2lip,id00769,id00414,-,Asian (South),men,train
C__id04073__00021_1,raw\FakeAVCeleb_v1.2\FakeVideo-RealAudio\Caucasian (American)\men\id04073\00021_1.mp4,1,FakeVideo-RealAudio,faceswap,id04073,1.mp4,-,Caucasian (American),men,train
C__id01035__00012_id00018_wavtolip,raw\FakeAVCeleb_v1.2\FakeVideo-RealAudio\Caucasian (American)\men\id01035\00012_id00018_wavtolip.mp4,1,FakeVideo-RealAudio,wav2lip,id01035,id00018,-,Caucasian (American),men,train
D__id06752__00221_id04583_wavtolip,raw\FakeAVCeleb_v1.2\FakeVideo-FakeAudio\Asian (South)\women\id06752\00221_id04583_wavtolip.mp4,1,FakeVideo-FakeAudio,wav2lip,id06752,id04583,-,Asian (South),women,train
D__id09175__00072_id09116_wavtolip,raw\FakeAVCeleb_v1.2\FakeVideo-FakeAudio\Asian (East)\women\id09175\00072_id09116_wavtolip.mp4,1,FakeVideo-FakeAudio,wav2lip,id09175,id09116,-,Asian (East),women,train
D__id07008__00175_id07051_d1c0Pl2aP_4_id06437_wavtolip,raw\FakeAVCeleb_v1.2\FakeVideo-FakeAudio\Asian (South)\women\id07008\00175_id07051_d1c0Pl2aP_4_id06437_wavtolip.mp4,1,FakeVideo-FakeAudio,fsgan-wav2lip,id07008,id07051,id06437,Asian (South),women,train
A__id01170__00021,raw\FakeAVCeleb_v1.2\RealVideo-RealAudio\African\men\id01170\00021.mp4,0,RealVideo-RealAudio,real,id01170,-,-,African,men,train
D__id00220__00027_id05251_wavtolip,raw\FakeAVCeleb_v1.2\FakeVideo-FakeAudio\African\women\id00220\00027_id05251_wavtolip.mp4,1,FakeVideo-FakeAudio,faceswap-wav2lip,id00220,id05251,-,African,women,train
A__id00769__00015,raw\FakeAVCeleb_v1.2\RealVideo-RealAudio\Asian (South)\men\id00769\00015.mp4,0,RealVideo-RealAudio,real,id00769,-,-,Asian (South),men,train
C__id04374__00032_id02586_wavtolip,raw\FakeAVCeleb_v1.2\FakeVideo-RealAudio\African\women\id04374\00032_id02586_wavtolip.mp4,1,FakeVideo-RealAudio,wav2lip,id04374,id02586,-,African,women,train
A__id01178__00028,raw\FakeAVCeleb_v1.2\RealVideo-RealAudio\African\women\id01178\00028.mp4,0,RealVideo-RealAudio,real,id01178,-,-,African,women,train
D__id00566__00032_id06054_wavtolip,raw\FakeAVCeleb_v1.2\FakeVideo-FakeAudio\Asian (East)\women\id00566\00032_id06054_wavtolip.mp4,1,FakeVideo-FakeAudio,wav2lip,id00566,id06054,-,Asian (East),women,train
A__id06594__00002,raw\FakeAVCeleb_v1.2\RealVideo-RealAudio\Asian (East)\men\id06594\00002.mp4,0,RealVideo-RealAudio,real,id06594,-,-,Asian (East),men,train
D__id01026__00083_1_id06428_wavtolip,raw\FakeAVCeleb_v1.2\FakeVideo-FakeAudio\Asian (South)\women\id01026\00083_1_id06428_wavtolip.mp4,1,FakeVideo-FakeAudio,faceswap-wav2lip,id01026,1,-,Asian (South),women,train
C__id09143__00056_id01589_ZCwF6XVRiAU,raw\FakeAVCeleb_v1.2\FakeVideo-RealAudio\Asian (East)\men\id09143\00056_id01589_ZCwF6XVRiAU.mp4,1,FakeVideo-RealAudio,fsgan,id09143,id01589,-,Asian (East),men,train
C__id00777__00160_id01168_wavtolip,raw\FakeAVCeleb_v1.2\FakeVideo-RealAudio\Caucasian (American)\men\id00777\00160_id01168_wavtolip.mp4,1,FakeVideo-RealAudio,wav2lip,id00777,id01168,-,Caucasian (American),men,train
A__id00813__00169,raw\FakeAVCeleb_v1.2\RealVideo-RealAudio\Caucasian (European)\women\id00813\00169.mp4,0,RealVideo-RealAudio,real,id00813,-,-,Caucasian (European),women,train
D__id00358__00217_id00981_OmNALjENDkI_id00709_wavtolip,raw\FakeAVCeleb_v1.2\FakeVideo-FakeAudio\Caucasian (European)\men\id00358\00217_id00981_OmNALjENDkI_id00709_wavtolip.mp4,1,FakeVideo-FakeAudio,fsgan-wav2lip,id00358,id00981,id00709,Caucasian (European),men,train
D__id04691__1_3_id02365_wavtolip,raw\FakeAVCeleb_v1.2\FakeVideo-FakeAudio\Asian (East)\men\id04691\1_3_id02365_wavtolip.mp4,1,FakeVideo-FakeAudio,faceswap-wav2lip,id04691,3,-,Asian (East),men,train
D__id00484__00202_id00328_ytKnCbJSEcU_id00374_wavtolip,raw\FakeAVCeleb_v1.2\FakeVideo-FakeAudio\Caucasian (European)\women\id00484\00202_id00328_ytKnCbJSEcU_id00374_wavtolip.mp4,1,FakeVideo-FakeAudio,fsgan-wav2lip,id00484,id00328,id00374,Caucasian (European),women,train
D__id00478__00206_id00944_wavtolip,raw\FakeAVCeleb_v1.2\FakeVideo-FakeAudio\African\men\id00478\00206_id00944_wavtolip.mp4,1,FakeVideo-FakeAudio,wav2lip,id00478,id00944,-,African,men,train
D__id00555__00005_id00428_Kr7n-68JWww_faceswap_id00458_wavtolip,raw\FakeAVCeleb_v1.2\FakeVideo-FakeAudio\Caucasian (American)\women\id00555\00005_id00428_Kr7n-68JWww_faceswap_id00458_wavtolip.mp4,1,FakeVideo-FakeAudio,faceswap-wav2lip,id00555,id00428,faceswap,Caucasian (American),women,train
D__id01192__00217_id00052_wavtolip,raw\FakeAVCeleb_v1.2\FakeVideo-FakeAudio\Caucasian (American)\men\id01192\00217_id00052_wavtolip.mp4,1,FakeVideo-FakeAudio,wav2lip,id01192,id00052,-,Caucasian (American),men,train
D__id02553__00043_3_id06152_wavtolip,raw\FakeAVCeleb_v1.2\FakeVideo-FakeAudio\Asian (East)\men\id02553\00043_3_id06152_wavtolip.mp4,1,FakeVideo-FakeAudio,faceswap-wav2lip,id02553,3,-,Asian (East),men,train
C__id06158__00015_id06462_wavtolip,raw\FakeAVCeleb_v1.2\FakeVideo-RealAudio\Asian (East)\women\id06158\00015_id06462_wavtolip.mp4,1,FakeVideo-RealAudio,wav2lip,id06158,id06462,-,Asian (East),women,train
C__id00591__00001_id01001_wavtolip,raw\FakeAVCeleb_v1.2\FakeVideo-RealAudio\Caucasian (European)\women\id00591\00001_id01001_wavtolip.mp4,1,FakeVideo-RealAudio,wav2lip,id00591,id01001,-,Caucasian (European),women,train
D__id00946__00126_id00919_XDUn0Pskyrk_id00265_wavtolip,raw\FakeAVCeleb_v1.2\FakeVideo-FakeAudio\Caucasian (European)\men\id00946\00126_id00919_XDUn0Pskyrk_id00265_wavtolip.mp4,1,FakeVideo-FakeAudio,fsgan-wav2lip,id00946,id00919,id00265,Caucasian (European),men,train
D__id01392__00167_id00391_TjJgUZaenWI_id01598_wavtolip,raw\FakeAVCeleb_v1.2\FakeVideo-FakeAudio\African\men\id01392\00167_id00391_TjJgUZaenWI_id01598_wavtolip.mp4,1,FakeVideo-FakeAudio,fsgan-wav2lip,id01392,id00391,id01598,African,men,train
D__id05931__00013_id00488_wavtolip,raw\FakeAVCeleb_v1.2\FakeVideo-FakeAudio\Asian (South)\women\id05931\00013_id00488_wavtolip.mp4,1,FakeVideo-FakeAudio,wav2lip,id05931,id00488,-,Asian (South),women,train
B__id01026__00083_fake,raw\FakeAVCeleb_v1.2\RealVideo-FakeAudio\Asian (South)\women\id01026\00083_fake.mp4,1,RealVideo-FakeAudio,rtvc,id01026,fake.mp4,-,Asian (South),women,train
A__id04884__00028,raw\FakeAVCeleb_v1.2\RealVideo-RealAudio\Asian (East)\men\id04884\00028.mp4,0,RealVideo-RealAudio,real,id04884,-,-,Asian (East),men,train
C__id00589__00130_0,raw\FakeAVCeleb_v1.2\FakeVideo-RealAudio\Caucasian (European)\women\id00589\00130_0.mp4,1,FakeVideo-RealAudio,faceswap,id00589,0.mp4,-,Caucasian (European),women,train
D__id04437__00002_id04245_nQD_PRlBDyw_id03658_wavtolip,raw\FakeAVCeleb_v1.2\FakeVideo-FakeAudio\African\women\id04437\00002_id04245_nQD_PRlBDyw_id03658_wavtolip.mp4,1,FakeVideo-FakeAudio,fsgan-wav2lip,id04437,id04245,PRlBDyw,African,women,train
A__id00395__00420,raw\FakeAVCeleb_v1.2\RealVideo-RealAudio\Caucasian (European)\women\id00395\00420.mp4,0,RealVideo-RealAudio,real,id00395,-,-,Caucasian (European),women,train
C__id06439__00118_id00417_GhIZam3v09g_faceswap,raw\FakeAVCeleb_v1.2\FakeVideo-RealAudio\Asian (South)\women\id06439\00118_id00417_GhIZam3v09g_faceswap.mp4,1,FakeVideo-RealAudio,faceswap,id06439,id00417,-,Asian (South),women,train
A__id06232__00025,raw\FakeAVCeleb_v1.2\RealVideo-RealAudio\Asian (South)\women\id06232\00025.mp4,0,RealVideo-RealAudio,real,id06232,-,-,Asian (South),women,train
D__id04219__00130_id00529_xtx2GeQN-DQ_id00052_wavtolip,raw\FakeAVCeleb_v1.2\FakeVideo-FakeAudio\Caucasian (American)\men\id04219\00130_id00529_xtx2GeQN-DQ_id00052_wavtolip.mp4,1,FakeVideo-FakeAudio,fsgan-wav2lip,id04219,id00529,id00052,Caucasian (American),men,train
A__id01392__00167,raw\FakeAVCeleb_v1.2\RealVideo-RealAudio\African\men\id01392\00167.mp4,0,RealVideo-RealAudio,real,id01392,-,-,African,men,train
C__id00373__00028_id00484_wavtolip,raw\FakeAVCeleb_v1.2\FakeVideo-RealAudio\Caucasian (European)\women\id00373\00028_id00484_wavtolip.mp4,1,FakeVideo-RealAudio,wav2lip,id00373,id00484,-,Caucasian (European),women,train
A__id04530__00231,raw\FakeAVCeleb_v1.2\RealVideo-RealAudio\Asian (South)\women\id04530\00231.mp4,0,RealVideo-RealAudio,real,id04530,-,-,Asian (South),women,train
C__id06427__00138_id08139_wavtolip,raw\FakeAVCeleb_v1.2\FakeVideo-RealAudio\Asian (East)\women\id06427\00138_id08139_wavtolip.mp4,1,FakeVideo-RealAudio,wav2lip,id06427,id08139,-,Asian (East),women,train
C__id06470__00052_id04111_Fg4CZ7ZzAGU,raw\FakeAVCeleb_v1.2\FakeVideo-RealAudio\Asian (East)\men\id06470\00052_id04111_Fg4CZ7ZzAGU.mp4,1,FakeVideo-RealAudio,fsgan,id06470,id04111,-,Asian (East),men,train
D__id01227__00052_id00261_gYQ5Scz5FnA_faceswap_id00381_wavtolip,raw\FakeAVCeleb_v1.2\FakeVideo-FakeAudio\Caucasian (American)\women\id01227\00052_id00261_gYQ5Scz5FnA_faceswap_id00381_wavtolip.mp4,1,FakeVideo-FakeAudio,faceswap-wav2lip,id01227,id00261,faceswap,Caucasian (American),women,train
C__id00860__00154_id00685_wavtolip,raw\FakeAVCeleb_v1.2\FakeVideo-RealAudio\Asian (South)\men\id00860\00154_id00685_wavtolip.mp4,1,FakeVideo-RealAudio,wav2lip,id00860,id00685,-,Asian (South),men,train
C__id07210__00005_id04599_Q60DPi5Nhmk,raw\FakeAVCeleb_v1.2\FakeVideo-RealAudio\Asian (South)\men\id07210\00005_id04599_Q60DPi5Nhmk.mp4,1,FakeVideo-RealAudio,fsgan,id07210,id04599,-,Asian (South),men,train
C__id02587__00020_id07739_wavtolip,raw\FakeAVCeleb_v1.2\FakeVideo-RealAudio\Asian (East)\women\id02587\00020_id07739_wavtolip.mp4,1,FakeVideo-RealAudio,wav2lip,id02587,id07739,-,Asian (East),women,train
A__id00368__00078,raw\FakeAVCeleb_v1.2\RealVideo-RealAudio\Caucasian (European)\men\id00368\00078.mp4,0,RealVideo-RealAudio,real,id00368,-,-,Caucasian (European),men,train
A__id01281__00040,raw\FakeAVCeleb_v1.2\RealVideo-RealAudio\Asian (East)\women\id01281\00040.mp4,0,RealVideo-RealAudio,real,id01281,-,-,Asian (East),women,train
D__id00103__00241_id00078_9CoVxzTOAhk_faceswap_id00082_wavtolip,raw\FakeAVCeleb_v1.2\FakeVideo-FakeAudio\Asian (South)\men\id00103\00241_id00078_9CoVxzTOAhk_faceswap_id00082_wavtolip.mp4,1,FakeVideo-FakeAudio,faceswap-wav2lip,id00103,id00078,faceswap,Asian (South),men,train
A__id04073__00021,raw\FakeAVCeleb_v1.2\RealVideo-RealAudio\Caucasian (American)\men\id04073\00021.mp4,0,RealVideo-RealAudio,real,id04073,-,-,Caucasian (American),men,train
C__id00055__00120_id00063_cVZBXC2rjPM,raw\FakeAVCeleb_v1.2\FakeVideo-RealAudio\Caucasian (European)\men\id00055\00120_id00063_cVZBXC2rjPM.mp4,1,FakeVideo-RealAudio,fsgan,id00055,id00063,-,Caucasian (European),men,train
C__id00371__00099_id00568_wavtolip,raw\FakeAVCeleb_v1.2\FakeVideo-RealAudio\African\women\id00371\00099_id00568_wavtolip.mp4,1,FakeVideo-RealAudio,wav2lip,id00371,id00568,-,African,women,train
C__id00555__00005_id01238_wavtolip,raw\FakeAVCeleb_v1.2\FakeVideo-RealAudio\Caucasian (American)\women\id00555\00005_id01238_wavtolip.mp4,1,FakeVideo-RealAudio,wav2lip,id00555,id01238,-,Caucasian (American),women,train
C__id05980__00143_id02508_wavtolip,raw\FakeAVCeleb_v1.2\FakeVideo-RealAudio\African\women\id05980\00143_id02508_wavtolip.mp4,1,FakeVideo-RealAudio,wav2lip,id05980,id02508,-,African,women,train
A__id01598__00044,raw\FakeAVCeleb_v1.2\RealVideo-RealAudio\African\men\id01598\00044.mp4,0,RealVideo-RealAudio,real,id01598,-,-,African,men,train
C__id00909__00037_id01098_wavtolip,raw\FakeAVCeleb_v1.2\FakeVideo-RealAudio\Caucasian (European)\men\id00909\00037_id01098_wavtolip.mp4,1,FakeVideo-RealAudio,wav2lip,id00909,id01098,-,Caucasian (European),men,train
C__id07078__00405_id04927_8MD618FRyfA,raw\FakeAVCeleb_v1.2\FakeVideo-RealAudio\Asian (South)\women\id07078\00405_id04927_8MD618FRyfA.mp4,1,FakeVideo-RealAudio,fsgan,id07078,id04927,-,Asian (South),women,train
D__id04540__00078_id00707_wavtolip,raw\FakeAVCeleb_v1.2\FakeVideo-FakeAudio\African\women\id04540\00078_id00707_wavtolip.mp4,1,FakeVideo-FakeAudio,wav2lip,id04540,id00707,-,African,women,train
D__id00594__00005_id00185_1lsGWpwnl1M_faceswap_id00909_wavtolip,raw\FakeAVCeleb_v1.2\FakeVideo-FakeAudio\Caucasian (European)\men\id00594\00005_id00185_1lsGWpwnl1M_faceswap_id00909_wavtolip.mp4,1,FakeVideo-FakeAudio,faceswap-wav2lip,id00594,id00185,faceswap,Caucasian (European),men,train
C__id01281__00040_id04414_0sJN-9GIO-M,raw\FakeAVCeleb_v1.2\FakeVideo-RealAudio\Asian (East)\women\id01281\00040_id04414_0sJN-9GIO-M.mp4,1,FakeVideo-RealAudio,fsgan,id01281,id04414,-,Asian (East),women,train
D__id00391__00052_id00166_wavtolip,raw\FakeAVCeleb_v1.2\FakeVideo-FakeAudio\African\men\id00391\00052_id00166_wavtolip.mp4,1,FakeVideo-FakeAudio,wav2lip,id00391,id00166,-,African,men,train
A__id06752__00221,raw\FakeAVCeleb_v1.2\RealVideo-RealAudio\Asian (South)\women\id06752\00221.mp4,0,RealVideo-RealAudio,real,id06752,-,-,Asian (South),women,train
C__id03696__00160_id00180_wavtolip,raw\FakeAVCeleb_v1.2\FakeVideo-RealAudio\Caucasian (American)\women\id03696\00160_id00180_wavtolip.mp4,1,FakeVideo-RealAudio,wav2lip,id03696,id00180,-,Caucasian (American),women,train
D__id03028__00466_id09053_wavtolip,raw\FakeAVCeleb_v1.2\FakeVideo-FakeAudio\Asian (East)\men\id03028\00466_id09053_wavtolip.mp4,1,FakeVideo-FakeAudio,wav2lip,id03028,id09053,-,Asian (East),men,train
A__id00266__00470,raw\FakeAVCeleb_v1.2\RealVideo-RealAudio\Caucasian (European)\men\id00266\00470.mp4,0,RealVideo-RealAudio,real,id00266,-,-,Caucasian (European),men,train
D__id02948__00298_id04939_wavtolip,raw\FakeAVCeleb_v1.2\FakeVideo-FakeAudio\African\women\id02948\00298_id04939_wavtolip.mp4,1,FakeVideo-FakeAudio,wav2lip,id02948,id04939,-,African,women,train
A__id08402__00092,raw\FakeAVCeleb_v1.2\RealVideo-RealAudio\Asian (East)\women\id08402\00092.mp4,0,RealVideo-RealAudio,real,id08402,-,-,Asian (East),women,train
D__id07200__00045_id04554_8rSKsBhAaDo_id07194_wavtolip,raw\FakeAVCeleb_v1.2\FakeVideo-FakeAudio\Asian (South)\men\id07200\00045_id04554_8rSKsBhAaDo_id07194_wavtolip.mp4,1,FakeVideo-FakeAudio,fsgan-wav2lip,id07200,id04554,id07194,Asian (South),men,train
D__id01610__00090_id02268_wavtolip,raw\FakeAVCeleb_v1.2\FakeVideo-FakeAudio\African\men\id01610\00090_id02268_wavtolip.mp4,1,FakeVideo-FakeAudio,wav2lip,id01610,id02268,-,African,men,train
D__id07338__00003_id00126_wavtolip,raw\FakeAVCeleb_v1.2\FakeVideo-FakeAudio\Asian (East)\men\id07338\00003_id00126_wavtolip.mp4,1,FakeVideo-FakeAudio,faceswap-wav2lip,id07338,id00126,-,Asian (East),men,train
C__id03965__00051_id05268_wavtolip,raw\FakeAVCeleb_v1.2\FakeVideo-RealAudio\Asian (East)\men\id03965\00051_id05268_wavtolip.mp4,1,FakeVideo-RealAudio,wav2lip,id03965,id05268,-,Asian (East),men,train
A__id01210__00283,raw\FakeAVCeleb_v1.2\RealVideo-RealAudio\Caucasian (American)\men\id01210\00283.mp4,0,RealVideo-RealAudio,real,id01210,-,-,Caucasian (American),men,train
C__id07768__00143_id00033_gduDuRWhnlQ,raw\FakeAVCeleb_v1.2\FakeVideo-RealAudio\Asian (South)\men\id07768\00143_id00033_gduDuRWhnlQ.mp4,1,FakeVideo-RealAudio,fsgan,id07768,id00033,-,Asian (South),men,train
D__id07463__00028_id04562_qio_Gs7wjvY_faceswap_id08313_wavtolip,raw\FakeAVCeleb_v1.2\FakeVideo-FakeAudio\Asian (South)\men\id07463\00028_id04562_qio_Gs7wjvY_faceswap_id08313_wavtolip.mp4,1,FakeVideo-FakeAudio,faceswap-wav2lip,id07463,id04562,Gs7wjvY,Asian (South),men,train
C__id01215__00001_id06269_wavtolip,raw\FakeAVCeleb_v1.2\FakeVideo-RealAudio\Asian (East)\men\id01215\00001_id06269_wavtolip.mp4,1,FakeVideo-RealAudio,wav2lip,id01215,id06269,-,Asian (East),men,train
A__id04111__00015,raw\FakeAVCeleb_v1.2\RealVideo-RealAudio\Asian (East)\men\id04111\00015.mp4,0,RealVideo-RealAudio,real,id04111,-,-,Asian (East),men,train
C__id01026__00083_id03985_01aVtyjfVFM,raw\FakeAVCeleb_v1.2\FakeVideo-RealAudio\Asian (South)\women\id01026\00083_id03985_01aVtyjfVFM.mp4,1,FakeVideo-RealAudio,fsgan,id01026,id03985,-,Asian (South),women,train
B__id00332__00293_fake,raw\FakeAVCeleb_v1.2\RealVideo-FakeAudio\Caucasian (European)\women\id00332\00293_fake.mp4,1,RealVideo-FakeAudio,rtvc,id00332,fake.mp4,-,Caucasian (European),women,train
C__id03816__00093_id00897_0ayFw8JhoyI,raw\FakeAVCeleb_v1.2\FakeVideo-RealAudio\Caucasian (European)\women\id03816\00093_id00897_0ayFw8JhoyI.mp4,1,FakeVideo-RealAudio,fsgan,id03816,id00897,-,Caucasian (European),women,train
C__id06437__00028_id04583_wavtolip,raw\FakeAVCeleb_v1.2\FakeVideo-RealAudio\Asian (South)\women\id06437\00028_id04583_wavtolip.mp4,1,FakeVideo-RealAudio,wav2lip,id06437,id04583,-,Asian (South),women,train
D__id07136__00052_2_id03559_wavtolip,raw\FakeAVCeleb_v1.2\FakeVideo-FakeAudio\Asian (South)\women\id07136\00052_2_id03559_wavtolip.mp4,1,FakeVideo-FakeAudio,faceswap-wav2lip,id07136,2,-,Asian (South),women,train
D__id04537__00083_2_id07058_wavtolip,raw\FakeAVCeleb_v1.2\FakeVideo-FakeAudio\Asian (South)\men\id04537\00083_2_id07058_wavtolip.mp4,1,FakeVideo-FakeAudio,faceswap-wav2lip,id04537,2,-,Asian (South),men,train
D__id00358__00217_id00225_wavtolip,raw\FakeAVCeleb_v1.2\FakeVideo-FakeAudio\Caucasian (European)\men\id00358\00217_id00225_wavtolip.mp4,1,FakeVideo-FakeAudio,wav2lip,id00358,id00225,-,Caucasian (European),men,train
D__id07194__00014_id00414_wavtolip,raw\FakeAVCeleb_v1.2\FakeVideo-FakeAudio\Asian (South)\men\id07194\00014_id00414_wavtolip.mp4,1,FakeVideo-FakeAudio,wav2lip,id07194,id00414,-,Asian (South),men,train
C__id07686__00254_id00417_GhIZam3v09g,raw\FakeAVCeleb_v1.2\FakeVideo-RealAudio\Asian (South)\women\id07686\00254_id00417_GhIZam3v09g.mp4,1,FakeVideo-RealAudio,fsgan,id07686,id00417,-,Asian (South),women,train
D__id00935__00005_id06061_wavtolip,raw\FakeAVCeleb_v1.2\FakeVideo-FakeAudio\Asian (East)\women\id00935\00005_id06061_wavtolip.mp4,1,FakeVideo-FakeAudio,wav2lip,id00935,id06061,-,Asian (East),women,train
D__id02617__00028_id00371_wavtolip,raw\FakeAVCeleb_v1.2\FakeVideo-FakeAudio\African\women\id02617\00028_id00371_wavtolip.mp4,1,FakeVideo-FakeAudio,wav2lip,id02617,id00371,-,African,women,train
C__id04564__00417_id07377_wavtolip,raw\FakeAVCeleb_v1.2\FakeVideo-RealAudio\Asian (South)\women\id04564\00417_id07377_wavtolip.mp4,1,FakeVideo-RealAudio,wav2lip,id04564,id07377,-,Asian (South),women,train
D__id00761__00072_id01835_UZbWA0QfXXA_faceswap_id01528_wavtolip,raw\FakeAVCeleb_v1.2\FakeVideo-FakeAudio\African\men\id00761\00072_id01835_UZbWA0QfXXA_faceswap_id01528_wavtolip.mp4,1,FakeVideo-FakeAudio,faceswap-wav2lip,id00761,id01835,faceswap,African,men,train
A__id00431__00039,raw\FakeAVCeleb_v1.2\RealVideo-RealAudio\Caucasian (American)\women\id00431\00039.mp4,0,RealVideo-RealAudio,real,id00431,-,-,Caucasian (American),women,train
C__id00103__00241_id00350_75IFJNFAMIM,raw\FakeAVCeleb_v1.2\FakeVideo-RealAudio\Asian (South)\men\id00103\00241_id00350_75IFJNFAMIM.mp4,1,FakeVideo-RealAudio,fsgan,id00103,id00350,-,Asian (South),men,train
C__id00830__00143_id00366_wavtolip,raw\FakeAVCeleb_v1.2\FakeVideo-RealAudio\African\men\id00830\00143_id00366_wavtolip.mp4,1,FakeVideo-RealAudio,wav2lip,id00830,id00366,-,African,men,train
A__id00555__00005,raw\FakeAVCeleb_v1.2\RealVideo-RealAudio\Caucasian (American)\women\id00555\00005.mp4,0,RealVideo-RealAudio,real,id00555,-,-,Caucasian (American),women,train
C__id03707__00055_id01248_2y-HnTO8WrQ,raw\FakeAVCeleb_v1.2\FakeVideo-RealAudio\Caucasian (American)\women\id03707\00055_id01248_2y-HnTO8WrQ.mp4,1,FakeVideo-RealAudio,fsgan,id03707,id01248,-,Caucasian (American),women,train
C__id00076__00109_id00166_wavtolip,raw\FakeAVCeleb_v1.2\FakeVideo-RealAudio\African\men\id00076\00109_id00166_wavtolip.mp4,1,FakeVideo-RealAudio,wav2lip,id00076,id00166,-,African,men,train
C__id03816__00093_id03941_SsYtP8Ze88Q,raw\FakeAVCeleb_v1.2\FakeVideo-RealAudio\Caucasian (European)\women\id03816\00093_id03941_SsYtP8Ze88Q.mp4,1,FakeVideo-RealAudio,fsgan,id03816,id03941,-,Caucasian (European),women,train
A__id00823__00125,raw\FakeAVCeleb_v1.2\RealVideo-RealAudio\Caucasian (European)\women\id00823\00125.mp4,0,RealVideo-RealAudio,real,id00823,-,-,Caucasian (European),women,train
C__id01207__00320_id01717_JDW6p8yU13A,raw\FakeAVCeleb_v1.2\FakeVideo-RealAudio\African\men\id01207\00320_id01717_JDW6p8yU13A.mp4,1,FakeVideo-RealAudio,fsgan,id01207,id01717,-,African,men,train
C__id03696__00160_id00462_wavtolip,raw\FakeAVCeleb_v1.2\FakeVideo-RealAudio\Caucasian (American)\women\id03696\00160_id00462_wavtolip.mp4,1,FakeVideo-RealAudio,wav2lip,id03696,id00462,-,Caucasian (American),women,train
D__id07689__00028_id04070_wavtolip,raw\FakeAVCeleb_v1.2\FakeVideo-FakeAudio\Asian (South)\women\id07689\00028_id04070_wavtolip.mp4,1,FakeVideo-FakeAudio,wav2lip,id07689,id04070,-,Asian (South),women,train
D__id00169__00021_id00945_wavtolip,raw\FakeAVCeleb_v1.2\FakeVideo-FakeAudio\Caucasian (American)\men\id00169\00021_id00945_wavtolip.mp4,1,FakeVideo-FakeAudio,wav2lip,id00169,id00945,-,Caucasian (American),men,train
A__id01907__00148,raw\FakeAVCeleb_v1.2\RealVideo-RealAudio\African\women\id01907\00148.mp4,0,RealVideo-RealAudio,real,id01907,-,-,African,women,train
D__id01236__00005_id00391_TjJgUZaenWI_id01717_wavtolip,raw\FakeAVCeleb_v1.2\FakeVideo-FakeAudio\African\men\id01236\00005_id00391_TjJgUZaenWI_id01717_wavtolip.mp4,1,FakeVideo-FakeAudio,fsgan-wav2lip,id01236,id00391,id01717,African,men,train
C__id00137__00025_id04057_SmHwNbR-498,raw\FakeAVCeleb_v1.2\FakeVideo-RealAudio\Asian (East)\women\id00137\00025_id04057_SmHwNbR-498.mp4,1,FakeVideo-RealAudio,fsgan,id00137,id04057,-,Asian (East),women,train
D__id08313__00202_id07058_JXJTxhrICl0_faceswap_id00732_wavtolip,raw\FakeAVCeleb_v1.2\FakeVideo-FakeAudio\Asian (South)\men\id08313\00202_id07058_JXJTxhrICl0_faceswap_id00732_wavtolip.mp4,1,FakeVideo-FakeAudio,faceswap-wav2lip,id08313,id07058,faceswap,Asian (South),men,train
D__id00137__00025_id04057_SmHwNbR-498_id06054_wavtolip,raw\FakeAVCeleb_v1.2\FakeVideo-FakeAudio\Asian (East)\women\id00137\00025_id04057_SmHwNbR-498_id06054_wavtolip.mp4,1,FakeVideo-FakeAudio,fsgan-wav2lip,id00137,id04057,id06054,Asian (East),women,train
A__id00478__00206,raw\FakeAVCeleb_v1.2\RealVideo-RealAudio\African\men\id00478\00206.mp4,0,RealVideo-RealAudio,real,id00478,-,-,African,men,train
D__id00332__00293_id00633_UXrTMta1EDM_id00826_wavtolip,raw\FakeAVCeleb_v1.2\FakeVideo-FakeAudio\Caucasian (European)\women\id00332\00293_id00633_UXrTMta1EDM_id00826_wavtolip.mp4,1,FakeVideo-FakeAudio,fsgan-wav2lip,id00332,id00633,id00826,Caucasian (European),women,train
A__id00589__00130,raw\FakeAVCeleb_v1.2\RealVideo-RealAudio\Caucasian (European)\women\id00589\00130.mp4,0,RealVideo-RealAudio,real,id00589,-,-,Caucasian (European),women,train
C__id08314__00028_id00103_qpTVaP4y5DQ,raw\FakeAVCeleb_v1.2\FakeVideo-RealAudio\Asian (South)\men\id08314\00028_id00103_qpTVaP4y5DQ.mp4,1,FakeVideo-RealAudio,fsgan,id08314,id00103,-,Asian (South),men,train
D__id00243__00037_id03668_mjurT3_7DpE_faceswap_id00243_wavtolip,raw\FakeAVCeleb_v1.2\FakeVideo-FakeAudio\Caucasian (American)\men\id00243\00037_id03668_mjurT3_7DpE_faceswap_id00243_wavtolip.mp4,1,FakeVideo-FakeAudio,faceswap-wav2lip,id00243,id03668,7DpE,Caucasian (American),men,train
D__id00261__00048_id00272_wavtolip,raw\FakeAVCeleb_v1.2\FakeVideo-FakeAudio\Caucasian (American)\women\id00261\00048_id00272_wavtolip.mp4,1,FakeVideo-FakeAudio,wav2lip,id00261,id00272,-,Caucasian (American),women,train
C__id02508__00083_id04376_p643JnOAGx8,raw\FakeAVCeleb_v1.2\FakeVideo-RealAudio\African\women\id02508\00083_id04376_p643JnOAGx8.mp4,1,FakeVideo-RealAudio,fsgan,id02508,id04376,-,African,women,train
C__id02301__00092_id05252_wavtolip,raw\FakeAVCeleb_v1.2\FakeVideo-RealAudio\African\women\id02301\00092_id05252_wavtolip.mp4,1,FakeVideo-RealAudio,wav2lip,id02301,id05252,-,African,women,train
C__id01528__00017_id01528_wavtolip,raw\FakeAVCeleb_v1.2\FakeVideo-RealAudio\African\men\id01528\00017_id01528_wavtolip.mp4,1,FakeVideo-RealAudio,wav2lip,id01528,id01528,-,African,men,train
A__id07463__00028,raw\FakeAVCeleb_v1.2\RealVideo-RealAudio\Asian (South)\men\id07463\00028.mp4,0,RealVideo-RealAudio,real,id07463,-,-,Asian (South),men,train
D__id03379__00032_id00763_lI1GEn3Ima0_id06462_wavtolip,raw\FakeAVCeleb_v1.2\FakeVideo-FakeAudio\Asian (East)\women\id03379\00032_id00763_lI1GEn3Ima0_id06462_wavtolip.mp4,1,FakeVideo-FakeAudio,fsgan-wav2lip,id03379,id00763,id06462,Asian (East),women,train
A__id00739__00005,raw\FakeAVCeleb_v1.2\RealVideo-RealAudio\Asian (South)\women\id00739\00005.mp4,0,RealVideo-RealAudio,real,id00739,-,-,Asian (South),women,train
A__id02561__02561,raw\FakeAVCeleb_v1.2\RealVideo-RealAudio\Asian (East)\men\id02561\02561.mp4,0,RealVideo-RealAudio,real,id02561,-,-,Asian (East),men,train
D__id00919__00063_id01099_ZpgbIKxzkrg_id00946_wavtolip,raw\FakeAVCeleb_v1.2\FakeVideo-FakeAudio\Caucasian (European)\men\id00919\00063_id01099_ZpgbIKxzkrg_id00946_wavtolip.mp4,1,FakeVideo-FakeAudio,fsgan-wav2lip,id00919,id01099,id00946,Caucasian (European),men,train
A__id02824__00130,raw\FakeAVCeleb_v1.2\RealVideo-RealAudio\African\women\id02824\00130.mp4,0,RealVideo-RealAudio,real,id02824,-,-,African,women,train
C__id07108__00412_id08313_t6WZ9KCaXBM,raw\FakeAVCeleb_v1.2\FakeVideo-RealAudio\Asian (South)\men\id07108\00412_id08313_t6WZ9KCaXBM.mp4,1,FakeVideo-RealAudio,fsgan,id07108,id08313,-,Asian (South),men,train
C__id07463__00028_id04562_qio_Gs7wjvY_faceswap,raw\FakeAVCeleb_v1.2\FakeVideo-RealAudio\Asian (South)\men\id07463\00028_id04562_qio_Gs7wjvY_faceswap.mp4,1,FakeVideo-RealAudio,faceswap,id07463,id04562,Gs7wjvY,Asian (South),men,train
D__id04582__00180_id06445_NWtdqOxEbDY_faceswap_id02619_wavtolip,raw\FakeAVCeleb_v1.2\FakeVideo-FakeAudio\Asian (South)\women\id04582\00180_id06445_NWtdqOxEbDY_faceswap_id02619_wavtolip.mp4,1,FakeVideo-FakeAudio,faceswap-wav2lip,id04582,id06445,faceswap,Asian (South),women,train
C__id03757__00149_id00049_wavtolip,raw\FakeAVCeleb_v1.2\FakeVideo-RealAudio\Caucasian (American)\men\id03757\00149_id00049_wavtolip.mp4,1,FakeVideo-RealAudio,wav2lip,id03757,id00049,-,Caucasian (American),men,train
C__id01521__00109_id00478_wavtolip,raw\FakeAVCeleb_v1.2\FakeVideo-RealAudio\African\men\id01521\00109_id00478_wavtolip.mp4,1,FakeVideo-RealAudio,wav2lip,id01521,id00478,-,African,men,train
C__id04034__00009_id04219_9llHvP-jYDg,raw\FakeAVCeleb_v1.2\FakeVideo-RealAudio\Caucasian (American)\men\id04034\00009_id04219_9llHvP-jYDg.mp4,1,FakeVideo-RealAudio,fsgan,id04034,id04219,-,Caucasian (American),men,train
C__id04057__00015_id03379_wavtolip,raw\FakeAVCeleb_v1.2\FakeVideo-RealAudio\Asian (East)\women\id04057\00015_id03379_wavtolip.mp4,1,FakeVideo-RealAudio,wav2lip,id04057,id03379,-,Asian (East),women,train
D__id07377__00025_id06254_wavtolip,raw\FakeAVCeleb_v1.2\FakeVideo-FakeAudio\Asian (South)\women\id07377\00025_id06254_wavtolip.mp4,1,FakeVideo-FakeAudio,wav2lip,id07377,id06254,-,Asian (South),women,train
A__id03897__00021,raw\FakeAVCeleb_v1.2\RealVideo-RealAudio\Asian (South)\women\id03897\00021.mp4,0,RealVideo-RealAudio,real,id03897,-,-,Asian (South),women,train
A__id01530__00002,raw\FakeAVCeleb_v1.2\RealVideo-RealAudio\African\men\id01530\00002.mp4,0,RealVideo-RealAudio,real,id01530,-,-,African,men,train
D__id00345__00243_id01239_gJvquKo7kbA_id01096_wavtolip,raw\FakeAVCeleb_v1.2\FakeVideo-FakeAudio\Caucasian (American)\men\id00345\00243_id01239_gJvquKo7kbA_id01096_wavtolip.mp4,1,FakeVideo-FakeAudio,fsgan-wav2lip,id00345,id01239,id01096,Caucasian (American),men,train
A__id04727__00007,raw\FakeAVCeleb_v1.2\RealVideo-RealAudio\African\men\id04727\00007.mp4,0,RealVideo-RealAudio,real,id04727,-,-,African,men,train
D__id00569__00239_1_id03716_wavtolip,raw\FakeAVCeleb_v1.2\FakeVideo-FakeAudio\Caucasian (European)\women\id00569\00239_1_id03716_wavtolip.mp4,1,FakeVideo-FakeAudio,faceswap-wav2lip,id00569,1,-,Caucasian (European),women,train
C__id02316__00094_id00944_wavtolip,raw\FakeAVCeleb_v1.2\FakeVideo-RealAudio\African\men\id02316\00094_id00944_wavtolip.mp4,1,FakeVideo-RealAudio,wav2lip,id02316,id00944,-,African,men,train
D__id00773__00038_id07194_NDJaiff98Fo_faceswap_id00857_wavtolip,raw\FakeAVCeleb_v1.2\FakeVideo-FakeAudio\Asian (South)\men\id00773\00038_id07194_NDJaiff98Fo_faceswap_id00857_wavtolip.mp4,1,FakeVideo-FakeAudio,faceswap-wav2lip,id00773,id07194,faceswap,Asian (South),men,train
C__id00414__00052_id04599_wavtolip,raw\FakeAVCeleb_v1.2\FakeVideo-RealAudio\Asian (South)\men\id00414\00052_id04599_wavtolip.mp4,1,FakeVideo-RealAudio,wav2lip,id00414,id04599,-,Asian (South),men,train
C__id01532__00065_id00371_t20i0HtPwW0,raw\FakeAVCeleb_v1.2\FakeVideo-RealAudio\African\women\id01532\00065_id00371_t20i0HtPwW0.mp4,1,FakeVideo-RealAudio,fsgan,id01532,id00371,-,African,women,train
C__id00415__00017_id00183_z2DhZllPWUQ,raw\FakeAVCeleb_v1.2\FakeVideo-RealAudio\Caucasian (European)\men\id00415\00017_id00183_z2DhZllPWUQ.mp4,1,FakeVideo-RealAudio,fsgan,id00415,id00183,-,Caucasian (European),men,train
D__id00235__00052_id06752_wavtolip,raw\FakeAVCeleb_v1.2\FakeVideo-FakeAudio\Asian (South)\women\id00235\00052_id06752_wavtolip.mp4,1,FakeVideo-FakeAudio,wav2lip,id00235,id06752,-,Asian (South),women,train
D__id00581__00010_id01018_wavtolip,raw\FakeAVCeleb_v1.2\FakeVideo-FakeAudio\Caucasian (European)\women\id00581\00010_id01018_wavtolip.mp4,1,FakeVideo-FakeAudio,wav2lip,id00581,id01018,-,Caucasian (European),women,train
A__id03205__00150,raw\FakeAVCeleb_v1.2\RealVideo-RealAudio\Caucasian (European)\men\id03205\00150.mp4,0,RealVideo-RealAudio,real,id03205,-,-,Caucasian (European),men,train
C__id01076__00005_id00391_wavtolip,raw\FakeAVCeleb_v1.2\FakeVideo-RealAudio\African\men\id01076\00005_id00391_wavtolip.mp4,1,FakeVideo-RealAudio,wav2lip,id01076,id00391,-,African,men,train
C__id00328__00092_id00484_u7YTz8eFZv0_faceswap,raw\FakeAVCeleb_v1.2\FakeVideo-RealAudio\Caucasian (European)\women\id00328\00092_id00484_u7YTz8eFZv0_faceswap.mp4,1,FakeVideo-RealAudio,faceswap,id00328,id00484,-,Caucasian (European),women,train
A__id04687__00066,raw\FakeAVCeleb_v1.2\RealVideo-RealAudio\Asian (East)\men\id04687\00066.mp4,0,RealVideo-RealAudio,real,id04687,-,-,Asian (East),men,train
D__id00816__00118_id08457_wavtolip,raw\FakeAVCeleb_v1.2\FakeVideo-FakeAudio\Asian (South)\men\id00816\00118_id08457_wavtolip.mp4,1,FakeVideo-FakeAudio,wav2lip,id00816,id08457,-,Asian (South),men,train
B__id02296__00019_fake,raw\FakeAVCeleb_v1.2\RealVideo-FakeAudio\African\men\id02296\00019_fake.mp4,1,RealVideo-FakeAudio,rtvc,id02296,fake.mp4,-,African,men,train
D__id06470__00052_id06269_Jm9bEizIGBE_faceswap_id05383_wavtolip,raw\FakeAVCeleb_v1.2\FakeVideo-FakeAudio\Asian (East)\men\id06470\00052_id06269_Jm9bEizIGBE_faceswap_id05383_wavtolip.mp4,1,FakeVideo-FakeAudio,faceswap-wav2lip,id06470,id06269,faceswap,Asian (East),men,train
D__id01052__00076_id00305_LdcY3ILdQrE_id00265_wavtolip,raw\FakeAVCeleb_v1.2\FakeVideo-FakeAudio\Caucasian (European)\men\id01052\00076_id00305_LdcY3ILdQrE_id00265_wavtolip.mp4,1,FakeVideo-FakeAudio,fsgan-wav2lip,id01052,id00305,id00265,Caucasian (European),men,train
D__id00395__00420_id00484_wavtolip,raw\FakeAVCeleb_v1.2\FakeVideo-FakeAudio\Caucasian (European)\women\id00395\00420_id00484_wavtolip.mp4,1,FakeVideo-FakeAudio,wav2lip,id00395,id00484,-,Caucasian (European),women,train
C__id03211__00032_id04414_0sJN-9GIO-M,raw\FakeAVCeleb_v1.2\FakeVideo-RealAudio\Asian (East)\women\id03211\00032_id04414_0sJN-9GIO-M.mp4,1,FakeVideo-RealAudio,fsgan,id03211,id04414,-,Asian (East),women,train
A__id01521__00109,raw\FakeAVCeleb_v1.2\RealVideo-RealAudio\African\men\id01521\00109.mp4,0,RealVideo-RealAudio,real,id01521,-,-,African,men,train
A__id01217__00005,raw\FakeAVCeleb_v1.2\RealVideo-RealAudio\Caucasian (American)\women\id01217\00005.mp4,0,RealVideo-RealAudio,real,id01217,-,-,Caucasian (American),women,train
D__id01691__00045_id01170_wavtolip,raw\FakeAVCeleb_v1.2\FakeVideo-FakeAudio\African\men\id01691\00045_id01170_wavtolip.mp4,1,FakeVideo-FakeAudio,wav2lip,id01691,id01170,-,African,men,train
C__id02005__00052_id01207_mt129WTRSII,raw\FakeAVCeleb_v1.2\FakeVideo-RealAudio\African\men\id02005\00052_id01207_mt129WTRSII.mp4,1,FakeVideo-RealAudio,fsgan,id02005,id01207,-,African,men,train
D__id00946__00126_id00990_G-qzOIgxEoE_faceswap_id00594_wavtolip,raw\FakeAVCeleb_v1.2\FakeVideo-FakeAudio\Caucasian (European)\men\id00946\00126_id00990_G-qzOIgxEoE_faceswap_id00594_wavtolip.mp4,1,FakeVideo-FakeAudio,faceswap-wav2lip,id00946,id00990,faceswap,Caucasian (European),men,train
A__id05620__00005,raw\FakeAVCeleb_v1.2\RealVideo-RealAudio\Asian (East)\women\id05620\00005.mp4,0,RealVideo-RealAudio,real,id05620,-,-,Asian (East),women,train
D__id04537__00083_id00769_wavtolip,raw\FakeAVCeleb_v1.2\FakeVideo-FakeAudio\Asian (South)\men\id04537\00083_id00769_wavtolip.mp4,1,FakeVideo-FakeAudio,wav2lip,id04537,id00769,-,Asian (South),men,train
C__id01002__00043_id00633_UXrTMta1EDM,raw\FakeAVCeleb_v1.2\FakeVideo-RealAudio\Caucasian (European)\women\id01002\00043_id00633_UXrTMta1EDM.mp4,1,FakeVideo-RealAudio,fsgan,id01002,id00633,-,Caucasian (European),women,train
C__id02316__00094_id01076_wavtolip,raw\FakeAVCeleb_v1.2\FakeVideo-RealAudio\African\men\id02316\00094_id01076_wavtolip.mp4,1,FakeVideo-RealAudio,wav2lip,id02316,id01076,-,African,men,train
A__id01451__00099,raw\FakeAVCeleb_v1.2\RealVideo-RealAudio\Asian (East)\women\id01451\00099.mp4,0,RealVideo-RealAudio,real,id01451,-,-,Asian (East),women,train
A__id07194__00014,raw\FakeAVCeleb_v1.2\RealVideo-RealAudio\Asian (South)\men\id07194\00014.mp4,0,RealVideo-RealAudio,real,id07194,-,-,Asian (South),men,train
C__id02301__00092_id00568_wavtolip,raw\FakeAVCeleb_v1.2\FakeVideo-RealAudio\African\women\id02301\00092_id00568_wavtolip.mp4,1,FakeVideo-RealAudio,wav2lip,id02301,id00568,-,African,women,train
C__id00462__00143_id01238_wavtolip,raw\FakeAVCeleb_v1.2\FakeVideo-RealAudio\Caucasian (American)\women\id00462\00143_id01238_wavtolip.mp4,1,FakeVideo-RealAudio,wav2lip,id00462,id01238,-,Caucasian (American),women,train
C__id05435__00107_id05845_wavtolip,raw\FakeAVCeleb_v1.2\FakeVideo-RealAudio\Asian (South)\women\id05435\00107_id05845_wavtolip.mp4,1,FakeVideo-RealAudio,wav2lip,id05435,id05845,-,Asian (South),women,train
C__id00747__00053_id02619_6AKIR2gTCNU,raw\FakeAVCeleb_v1.2\FakeVideo-RealAudio\Asian (South)\women\id00747\00053_id02619_6AKIR2gTCNU.mp4,1,FakeVideo-RealAudio,fsgan,id00747,id02619,-,Asian (South),women,train
D__id00694__00340_id00358_wavtolip,raw\FakeAVCeleb_v1.2\FakeVideo-FakeAudio\Caucasian (European)\men\id00694\00340_id00358_wavtolip.mp4,1,FakeVideo-FakeAudio,wav2lip,id00694,id00358,-,Caucasian (European),men,train
C__id01201__00028_id04034_8ZeJXbjFa_o,raw\FakeAVCeleb_v1.2\FakeVideo-RealAudio\Caucasian (American)\men\id01201\00028_id04034_8ZeJXbjFa_o.mp4,1,FakeVideo-RealAudio,fsgan,id01201,id04034,-,Caucasian (American),men,train
D__id00830__00143_id01170_7eoTTk4xyNo_id01392_wavtolip,raw\FakeAVCeleb_v1.2\FakeVideo-FakeAudio\African\men\id00830\00143_id01170_7eoTTk4xyNo_id01392_wavtolip.mp4,1,FakeVideo-FakeAudio,fsgan-wav2lip,id00830,id01170,id01392,African,men,train
A__id04774__00032,raw\FakeAVCeleb_v1.2\RealVideo-RealAudio\Asian (East)\men\id04774\00032.mp4,0,RealVideo-RealAudio,real,id04774,-,-,Asian (East),men,train
A__id01452__00001,raw\FakeAVCeleb_v1.2\RealVideo-RealAudio\African\men\id01452\00001.mp4,0,RealVideo-RealAudio,real,id01452,-,-,African,men,train
C__id00383__00171_id00272_VLY1boTtbRM,raw\FakeAVCeleb_v1.2\FakeVideo-RealAudio\Caucasian (American)\women\id00383\00171_id00272_VLY1boTtbRM.mp4,1,FakeVideo-RealAudio,fsgan,id00383,id00272,-,Caucasian (American),women,train
C__id04216__00470_id01210_wavtolip,raw\FakeAVCeleb_v1.2\FakeVideo-RealAudio\Caucasian (American)\men\id04216\00470_id01210_wavtolip.mp4,1,FakeVideo-RealAudio,wav2lip,id04216,id01210,-,Caucasian (American),men,train
D__id01236__00005_id01610_l8zb_iaDJJA_faceswap_id01779_wavtolip,raw\FakeAVCeleb_v1.2\FakeVideo-FakeAudio\African\men\id01236\00005_id01610_l8zb_iaDJJA_faceswap_id01779_wavtolip.mp4,1,FakeVideo-FakeAudio,faceswap-wav2lip,id01236,id01610,iaDJJA,African,men,train
C__id09181__00048_id06065_Rni34oVUpTA,raw\FakeAVCeleb_v1.2\FakeVideo-RealAudio\Asian (East)\women\id09181\00048_id06065_Rni34oVUpTA.mp4,1,FakeVideo-RealAudio,fsgan,id09181,id06065,-,Asian (East),women,train
C__id00235__00052_id04564_wavtolip,raw\FakeAVCeleb_v1.2\FakeVideo-RealAudio\Asian (South)\women\id00235\00052_id04564_wavtolip.mp4,1,FakeVideo-RealAudio,wav2lip,id00235,id04564,-,Asian (South),women,train
D__id00566__00032_id08397_wavtolip,raw\FakeAVCeleb_v1.2\FakeVideo-FakeAudio\Asian (East)\women\id00566\00032_id08397_wavtolip.mp4,1,FakeVideo-FakeAudio,wav2lip,id00566,id08397,-,Asian (East),women,train
D__id00769__00015_id04561_tU_UYY5hSvc_id07165_wavtolip,raw\FakeAVCeleb_v1.2\FakeVideo-FakeAudio\Asian (South)\men\id00769\00015_id04561_tU_UYY5hSvc_id07165_wavtolip.mp4,1,FakeVideo-FakeAudio,fsgan-wav2lip,id00769,id04561,UYY5hSvc,Asian (South),men,train
D__id01157__00048_id00292_qELK8N_DykA_id00554_wavtolip,raw\FakeAVCeleb_v1.2\FakeVideo-FakeAudio\Caucasian (European)\men\id01157\00048_id00292_qELK8N_DykA_id00554_wavtolip.mp4,1,FakeVideo-FakeAudio,fsgan-wav2lip,id01157,id00292,DykA,Caucasian (European),men,train
A__id00745__00165,raw\FakeAVCeleb_v1.2\RealVideo-RealAudio\Asian (South)\men\id00745\00165.mp4,0,RealVideo-RealAudio,real,id00745,-,-,Asian (South),men,train
D__id02493__00073_id03168_wavtolip,raw\FakeAVCeleb_v1.2\FakeVideo-FakeAudio\Asian (East)\men\id02493\00073_id03168_wavtolip.mp4,1,FakeVideo-FakeAudio,wav2lip,id02493,id03168,-,Asian (East),men,train
A__id00535__00005,raw\FakeAVCeleb_v1.2\RealVideo-RealAudio\Caucasian (European)\men\id00535\00005.mp4,0,RealVideo-RealAudio,real,id00535,-,-,Caucasian (European),men,train
A__id01717__00005,raw\FakeAVCeleb_v1.2\RealVideo-RealAudio\African\men\id01717\00005.mp4,0,RealVideo-RealAudio,real,id01717,-,-,African,men,train
D__id07108__00412_id03599_wavtolip,raw\FakeAVCeleb_v1.2\FakeVideo-FakeAudio\Asian (South)\men\id07108\00412_id03599_wavtolip.mp4,1,FakeVideo-FakeAudio,wav2lip,id07108,id03599,-,Asian (South),men,train
C__id03816__00093_id00234_wavtolip,raw\FakeAVCeleb_v1.2\FakeVideo-RealAudio\Caucasian (European)\women\id03816\00093_id00234_wavtolip.mp4,1,FakeVideo-RealAudio,wav2lip,id03816,id00234,-,Caucasian (European),women,train
A__id00694__00340,raw\FakeAVCeleb_v1.2\RealVideo-RealAudio\Caucasian (European)\men\id00694\00340.mp4,0,RealVideo-RealAudio,real,id00694,-,-,Caucasian (European),men,train
A__id00371__00099,raw\FakeAVCeleb_v1.2\RealVideo-RealAudio\African\women\id00371\00099.mp4,0,RealVideo-RealAudio,real,id00371,-,-,African,women,train
D__id00417__00069_id00461_wavtolip,raw\FakeAVCeleb_v1.2\FakeVideo-FakeAudio\Asian (South)\women\id00417\00069_id00461_wavtolip.mp4,1,FakeVideo-FakeAudio,wav2lip,id00417,id00461,-,Asian (South),women,train
D__id02301__00092_id00829_aMEvVaUBq2Y_faceswap_id00371_wavtolip,raw\FakeAVCeleb_v1.2\FakeVideo-FakeAudio\African\women\id02301\00092_id00829_aMEvVaUBq2Y_faceswap_id00371_wavtolip.mp4,1,FakeVideo-FakeAudio,faceswap-wav2lip,id02301,id00829,faceswap,African,women,train
D__id01048__00160_1_id03678_wavtolip,raw\FakeAVCeleb_v1.2\FakeVideo-FakeAudio\Caucasian (American)\men\id01048\00160_1_id03678_wavtolip.mp4,1,FakeVideo-FakeAudio,faceswap-wav2lip,id01048,1,-,Caucasian (American),men,train
C__id00190__00072_id01075_MtJUiHspdT0,raw\FakeAVCeleb_v1.2\FakeVideo-RealAudio\Caucasian (American)\women\id00190\00072_id01075_MtJUiHspdT0.mp4,1,FakeVideo-RealAudio,fsgan,id00190,id01075,-,Caucasian (American),women,train
D__id03941__00021_id00287_2NpfYjyMsPM_id00434_wavtolip,raw\FakeAVCeleb_v1.2\FakeVideo-FakeAudio\Caucasian (European)\women\id03941\00021_id00287_2NpfYjyMsPM_id00434_wavtolip.mp4,1,FakeVideo-FakeAudio,fsgan-wav2lip,id03941,id00287,id00434,Caucasian (European),women,train
D__id04927__00013_id00417_GhIZam3v09g_faceswap_id01026_wavtolip,raw\FakeAVCeleb_v1.2\FakeVideo-FakeAudio\Asian (South)\women\id04927\00013_id00417_GhIZam3v09g_faceswap_id01026_wavtolip.mp4,1,FakeVideo-FakeAudio,faceswap-wav2lip,id04927,id00417,faceswap,Asian (South),women,train
D__id01044__00336_id01192_kAht8HG7-1s_faceswap_id01172_wavtolip,raw\FakeAVCeleb_v1.2\FakeVideo-FakeAudio\Caucasian (American)\men\id01044\00336_id01192_kAht8HG7-1s_faceswap_id01172_wavtolip.mp4,1,FakeVideo-FakeAudio,faceswap-wav2lip,id01044,id01192,faceswap,Caucasian (American),men,train
D__id00519__00028_id01154_tvmOcaG4A4w_faceswap_id00306_wavtolip,raw\FakeAVCeleb_v1.2\FakeVideo-FakeAudio\Caucasian (European)\men\id00519\00028_id01154_tvmOcaG4A4w_faceswap_id00306_wavtolip.mp4,1,FakeVideo-FakeAudio,faceswap-wav2lip,id00519,id01154,faceswap,Caucasian (European),men,train
C__id08314__00028_id00078_wavtolip,raw\FakeAVCeleb_v1.2\FakeVideo-RealAudio\Asian (South)\men\id08314\00028_id00078_wavtolip.mp4,1,FakeVideo-RealAudio,wav2lip,id08314,id00078,-,Asian (South),men,train
C__id03028__00466_id04687_cSxCV6zdmwo,raw\FakeAVCeleb_v1.2\FakeVideo-RealAudio\Asian (East)\men\id03028\00466_id04687_cSxCV6zdmwo.mp4,1,FakeVideo-RealAudio,fsgan,id03028,id04687,-,Asian (East),men,train
C__id06054__00010_id06462_Nn79kE76MA4,raw\FakeAVCeleb_v1.2\FakeVideo-RealAudio\Asian (East)\women\id06054\00010_id06462_Nn79kE76MA4.mp4,1,FakeVideo-RealAudio,fsgan,id06054,id06462,-,Asian (East),women,train
D__id07108__00412_id00459_wavtolip,raw\FakeAVCeleb_v1.2\FakeVideo-FakeAudio\Asian (South)\men\id07108\00412_id00459_wavtolip.mp4,1,FakeVideo-FakeAudio,wav2lip,id07108,id00459,-,Asian (South),men,train
A__id05332__00065,raw\FakeAVCeleb_v1.2\RealVideo-RealAudio\Asian (East)\men\id05332\00065.mp4,0,RealVideo-RealAudio,real,id05332,-,-,Asian (East),men,train
C__id00261__00048_id03605_JGZt9DAhBRs_faceswap,raw\FakeAVCeleb_v1.2\FakeVideo-RealAudio\Caucasian (American)\women\id00261\00048_id03605_JGZt9DAhBRs_faceswap.mp4,1,FakeVideo-RealAudio,faceswap,id00261,id03605,-,Caucasian (American),women,train
D__id00566__00032_id04414_wavtolip,raw\FakeAVCeleb_v1.2\FakeVideo-FakeAudio\Asian (East)\women\id00566\00032_id04414_wavtolip.mp4,1,FakeVideo-FakeAudio,wav2lip,id00566,id04414,-,Asian (East),women,train
C__id00431__00039_id01227_eNr-P3gIrgo,raw\FakeAVCeleb_v1.2\FakeVideo-RealAudio\Caucasian (American)\women\id00431\00039_id01227_eNr-P3gIrgo.mp4,1,FakeVideo-RealAudio,fsgan,id00431,id01227,-,Caucasian (American),women,train
D__id06061__00002_id00363_wavtolip,raw\FakeAVCeleb_v1.2\FakeVideo-FakeAudio\Asian (East)\women\id06061\00002_id00363_wavtolip.mp4,1,FakeVideo-FakeAudio,wav2lip,id06061,id00363,-,Asian (East),women,train
D__id07108__00412_id06355_wavtolip,raw\FakeAVCeleb_v1.2\FakeVideo-FakeAudio\Asian (South)\men\id07108\00412_id06355_wavtolip.mp4,1,FakeVideo-FakeAudio,wav2lip,id07108,id06355,-,Asian (South),men,train
A__id03965__00051,raw\FakeAVCeleb_v1.2\RealVideo-RealAudio\Asian (East)\men\id03965\00051.mp4,0,RealVideo-RealAudio,real,id03965,-,-,Asian (East),men,train
D__id00270__00088_id03858_uKVqPfRf-ac_id00042_wavtolip,raw\FakeAVCeleb_v1.2\FakeVideo-FakeAudio\Caucasian (European)\women\id00270\00088_id03858_uKVqPfRf-ac_id00042_wavtolip.mp4,1,FakeVideo-FakeAudio,fsgan-wav2lip,id00270,id03858,id00042,Caucasian (European),women,train
D__id00366__00118_id01236_wavtolip,raw\FakeAVCeleb_v1.2\FakeVideo-FakeAudio\African\men\id00366\00118_id01236_wavtolip.mp4,1,FakeVideo-FakeAudio,wav2lip,id00366,id01236,-,African,men,train
D__id06470__00052_id02332_wavtolip,raw\FakeAVCeleb_v1.2\FakeVideo-FakeAudio\Asian (East)\men\id06470\00052_id02332_wavtolip.mp4,1,FakeVideo-FakeAudio,wav2lip,id06470,id02332,-,Asian (East),men,train
D__id03816__00093_id00495_E46aiMUC4A0_id03651_wavtolip,raw\FakeAVCeleb_v1.2\FakeVideo-FakeAudio\Caucasian (European)\women\id03816\00093_id00495_E46aiMUC4A0_id03651_wavtolip.mp4,1,FakeVideo-FakeAudio,fsgan-wav2lip,id03816,id00495,id03651,Caucasian (European),women,train
A__id00025__00025,raw\FakeAVCeleb_v1.2\RealVideo-RealAudio\Caucasian (American)\women\id00025\00025.mp4,0,RealVideo-RealAudio,real,id00025,-,-,Caucasian (American),women,train
D__id02316__00094_id04727_AAnyugIAXao_id01637_wavtolip,raw\FakeAVCeleb_v1.2\FakeVideo-FakeAudio\African\men\id02316\00094_id04727_AAnyugIAXao_id01637_wavtolip.mp4,1,FakeVideo-FakeAudio,fsgan-wav2lip,id02316,id04727,id01637,African,men,train
C__id05434__00052_id03559_wavtolip,raw\FakeAVCeleb_v1.2\FakeVideo-RealAudio\Asian (South)\women\id05434\00052_id03559_wavtolip.mp4,1,FakeVideo-RealAudio,wav2lip,id05434,id03559,-,Asian (South),women,train
C__id03658__00077_id05106_wavtolip,raw\FakeAVCeleb_v1.2\FakeVideo-RealAudio\African\women\id03658\00077_id05106_wavtolip.mp4,1,FakeVideo-RealAudio,wav2lip,id03658,id05106,-,African,women,train
A__id03103__00130,raw\FakeAVCeleb_v1.2\RealVideo-RealAudio\African\women\id03103\00130.mp4,0,RealVideo-RealAudio,real,id03103,-,-,African,women,train
A__id03889__00052,raw\FakeAVCeleb_v1.2\RealVideo-RealAudio\Asian (East)\men\id03889\00052.mp4,0,RealVideo-RealAudio,real,id03889,-,-,Asian (East),men,train
C__id00458__00072_id00145_JveyoCdoCuI,raw\FakeAVCeleb_v1.2\FakeVideo-RealAudio\Caucasian (American)\women\id00458\00072_id00145_JveyoCdoCuI.mp4,1,FakeVideo-RealAudio,fsgan,id00458,id00145,-,Caucasian (American),women,train
C__id04701__00017_id06061_wavtolip,raw\FakeAVCeleb_v1.2\FakeVideo-RealAudio\Asian (East)\women\id04701\00017_id06061_wavtolip.mp4,1,FakeVideo-RealAudio,wav2lip,id04701,id06061,-,Asian (East),women,train
A__id09175__00072,raw\FakeAVCeleb_v1.2\RealVideo-RealAudio\Asian (East)\women\id09175\00072.mp4,0,RealVideo-RealAudio,real,id09175,-,-,Asian (East),women,train
B__id00944__00135_fake,raw\FakeAVCeleb_v1.2\RealVideo-FakeAudio\African\men\id00944\00135_fake.mp4,1,RealVideo-FakeAudio,rtvc,id00944,fake.mp4,-,African,men,train
D__id00582__00006_id03379_A32nCObAHiI_faceswap_id00935_wavtolip,raw\FakeAVCeleb_v1.2\FakeVideo-FakeAudio\Asian (East)\women\id00582\00006_id03379_A32nCObAHiI_faceswap_id00935_wavtolip.mp4,1,FakeVideo-FakeAudio,faceswap-wav2lip,id00582,id03379,faceswap,Asian (East),women,train
A__id00830__00143,raw\FakeAVCeleb_v1.2\RealVideo-RealAudio\African\men\id00830\00143.mp4,0,RealVideo-RealAudio,real,id00830,-,-,African,men,train
D__id01597__00005_id01170_7eoTTk4xyNo_id00391_wavtolip,raw\FakeAVCeleb_v1.2\FakeVideo-FakeAudio\African\men\id01597\00005_id01170_7eoTTk4xyNo_id00391_wavtolip.mp4,1,FakeVideo-FakeAudio,fsgan-wav2lip,id01597,id01170,id00391,African,men,train
C__id01238__00037_id01217_7lVC4xEK_6E,raw\FakeAVCeleb_v1.2\FakeVideo-RealAudio\Caucasian (American)\women\id01238\00037_id01217_7lVC4xEK_6E.mp4,1,FakeVideo-RealAudio,fsgan,id01238,id01217,-,Caucasian (American),women,train
C__id00366__00118_id01920_w9C_knCPD94,raw\FakeAVCeleb_v1.2\FakeVideo-RealAudio\African\men\id00366\00118_id01920_w9C_knCPD94.mp4,1,FakeVideo-RealAudio,fsgan,id00366,id01920,-,African,men,train
A__id00332__00293,raw\FakeAVCeleb_v1.2\RealVideo-RealAudio\Caucasian (European)\women\id00332\00293.mp4,0,RealVideo-RealAudio,real,id00332,-,-,Caucasian (European),women,train
D__id04726__00245_1_id04222_wavtolip,raw\FakeAVCeleb_v1.2\FakeVideo-FakeAudio\Asian (East)\men\id04726\00245_1_id04222_wavtolip.mp4,1,FakeVideo-FakeAudio,faceswap-wav2lip,id04726,1,-,Asian (East),men,train
C__id07108__00412_id00745_wavtolip,raw\FakeAVCeleb_v1.2\FakeVideo-RealAudio\Asian (South)\men\id07108\00412_id00745_wavtolip.mp4,1,FakeVideo-RealAudio,wav2lip,id07108,id00745,-,Asian (South),men,train
D__id06061__00002_id06427_dBBAKe2EA_o_id04701_wavtolip,raw\FakeAVCeleb_v1.2\FakeVideo-FakeAudio\Asian (East)\women\id06061\00002_id06427_dBBAKe2EA_o_id04701_wavtolip.mp4,1,FakeVideo-FakeAudio,fsgan-wav2lip,id06061,id06427,id04701,Asian (East),women,train
C__id04376__00181_id04547_wavtolip,raw\FakeAVCeleb_v1.2\FakeVideo-RealAudio\African\women\id04376\00181_id04547_wavtolip.mp4,1,FakeVideo-RealAudio,wav2lip,id04376,id04547,-,African,women,train
C__id00287__00005_id00068_wavtolip,raw\FakeAVCeleb_v1.2\FakeVideo-RealAudio\Caucasian (European)\women\id00287\00005_id00068_wavtolip.mp4,1,FakeVideo-RealAudio,wav2lip,id00287,id00068,-,Caucasian (European),women,train
A__id07136__00052,raw\FakeAVCeleb_v1.2\RealVideo-RealAudio\Asian (South)\women\id07136\00052.mp4,0,RealVideo-RealAudio,real,id07136,-,-,Asian (South),women,train
D__id06752__00221_id05931_bFqu86NV3hk_id04529_wavtolip,raw\FakeAVCeleb_v1.2\FakeVideo-FakeAudio\Asian (South)\women\id06752\00221_id05931_bFqu86NV3hk_id04529_wavtolip.mp4,1,FakeVideo-FakeAudio,fsgan-wav2lip,id06752,id05931,id04529,Asian (South),women,train
A__id00581__00010,raw\FakeAVCeleb_v1.2\RealVideo-RealAudio\Caucasian (European)\women\id00581\00010.mp4,0,RealVideo-RealAudio,real,id00581,-,-,Caucasian (European),women,train
A__id03028__00466,raw\FakeAVCeleb_v1.2\RealVideo-RealAudio\Asian (East)\men\id03028\00466.mp4,0,RealVideo-RealAudio,real,id03028,-,-,Asian (East),men,train
D__id00777__00160_id00708_Dzmb0FH1xBc_id01105_wavtolip,raw\FakeAVCeleb_v1.2\FakeVideo-FakeAudio\Caucasian (American)\men\id00777\00160_id00708_Dzmb0FH1xBc_id01105_wavtolip.mp4,1,FakeVideo-FakeAudio,fsgan-wav2lip,id00777,id00708,id01105,Caucasian (American),men,train
C__id06752__00221_id00488_wavtolip,raw\FakeAVCeleb_v1.2\FakeVideo-RealAudio\Asian (South)\women\id06752\00221_id00488_wavtolip.mp4,1,FakeVideo-RealAudio,wav2lip,id06752,id00488,-,Asian (South),women,train
C__id07165__00368_id07163_aO7f_YmkQnc,raw\FakeAVCeleb_v1.2\FakeVideo-RealAudio\Asian (South)\men\id07165\00368_id07163_aO7f_YmkQnc.mp4,1,FakeVideo-RealAudio,fsgan,id07165,id07163,-,Asian (South),men,train
C__id02508__00083_id00707_wavtolip,raw\FakeAVCeleb_v1.2\FakeVideo-RealAudio\African\women\id02508\00083_id00707_wavtolip.mp4,1,FakeVideo-RealAudio,wav2lip,id02508,id00707,-,African,women,train
D__id00769__00015_id00773_wavtolip,raw\FakeAVCeleb_v1.2\FakeVideo-FakeAudio\Asian (South)\men\id00769\00015_id00773_wavtolip.mp4,1,FakeVideo-FakeAudio,wav2lip,id00769,id00773,-,Asian (South),men,train
D__id03858__00092_id00495_E46aiMUC4A0_id03649_wavtolip,raw\FakeAVCeleb_v1.2\FakeVideo-FakeAudio\Caucasian (European)\women\id03858\00092_id00495_E46aiMUC4A0_id03649_wavtolip.mp4,1,FakeVideo-FakeAudio,fsgan-wav2lip,id03858,id00495,id03649,Caucasian (European),women,train
C__id01528__00017_id00478_wavtolip,raw\FakeAVCeleb_v1.2\FakeVideo-RealAudio\African\men\id01528\00017_id00478_wavtolip.mp4,1,FakeVideo-RealAudio,wav2lip,id01528,id00478,-,African,men,train
B__id03649__00001_fake,raw\FakeAVCeleb_v1.2\RealVideo-FakeAudio\Caucasian (European)\women\id03649\00001_fake.mp4,1,RealVideo-FakeAudio,rtvc,id03649,fake.mp4,-,Caucasian (European),women,train
D__id00042__00028_id00330_zCFFgGSIZ_s_id00484_wavtolip,raw\FakeAVCeleb_v1.2\FakeVideo-FakeAudio\Caucasian (European)\women\id00042\00028_id00330_zCFFgGSIZ_s_id00484_wavtolip.mp4,1,FakeVideo-FakeAudio,fsgan-wav2lip,id00042,id00330,id00484,Caucasian (European),women,train
A__id02365__00028,raw\FakeAVCeleb_v1.2\RealVideo-RealAudio\Asian (East)\men\id02365\00028.mp4,0,RealVideo-RealAudio,real,id02365,-,-,Asian (East),men,train
C__id07051__00083_id05434_wavtolip,raw\FakeAVCeleb_v1.2\FakeVideo-RealAudio\Asian (South)\women\id07051\00083_id05434_wavtolip.mp4,1,FakeVideo-RealAudio,wav2lip,id07051,id05434,-,Asian (South),women,train
D__id04582__00180_id06268_wavtolip,raw\FakeAVCeleb_v1.2\FakeVideo-FakeAudio\Asian (South)\women\id04582\00180_id06268_wavtolip.mp4,1,FakeVideo-FakeAudio,wav2lip,id04582,id06268,-,Asian (South),women,train
D__id03605__00048_2_id01075_wavtolip,raw\FakeAVCeleb_v1.2\FakeVideo-FakeAudio\Caucasian (American)\women\id03605\00048_2_id01075_wavtolip.mp4,1,FakeVideo-FakeAudio,faceswap-wav2lip,id03605,2,-,Caucasian (American),women,train
D__id01044__00336_id01210_sMdOO7NqsGY_id00777_wavtolip,raw\FakeAVCeleb_v1.2\FakeVideo-FakeAudio\Caucasian (American)\men\id01044\00336_id01210_sMdOO7NqsGY_id00777_wavtolip.mp4,1,FakeVideo-FakeAudio,fsgan-wav2lip,id01044,id01210,id00777,Caucasian (American),men,train
D__id08613__00074_id02332_wavtolip,raw\FakeAVCeleb_v1.2\FakeVideo-FakeAudio\Asian (East)\men\id08613\00074_id02332_wavtolip.mp4,1,FakeVideo-FakeAudio,faceswap-wav2lip,id08613,id02332,-,Asian (East),men,train
A__id04057__00015,raw\FakeAVCeleb_v1.2\RealVideo-RealAudio\Asian (East)\women\id04057\00015.mp4,0,RealVideo-RealAudio,real,id04057,-,-,Asian (East),women,train
D__id06753__00021_id07463_wavtolip,raw\FakeAVCeleb_v1.2\FakeVideo-FakeAudio\Asian (South)\men\id06753\00021_id07463_wavtolip.mp4,1,FakeVideo-FakeAudio,wav2lip,id06753,id07463,-,Asian (South),men,train
C__id03897__00021_id05435_OvX-Jv_whcU,raw\FakeAVCeleb_v1.2\FakeVideo-RealAudio\Asian (South)\women\id03897\00021_id05435_OvX-Jv_whcU.mp4,1,FakeVideo-RealAudio,fsgan,id03897,id05435,-,Asian (South),women,train
A__id01215__00001,raw\FakeAVCeleb_v1.2\RealVideo-RealAudio\Asian (East)\men\id01215\00001.mp4,0,RealVideo-RealAudio,real,id01215,-,-,Asian (East),men,train
D__id00739__00005_id00417_GhIZam3v09g_id00043_wavtolip,raw\FakeAVCeleb_v1.2\FakeVideo-FakeAudio\Asian (South)\women\id00739\00005_id00417_GhIZam3v09g_id00043_wavtolip.mp4,1,FakeVideo-FakeAudio,fsgan-wav2lip,id00739,id00417,id00043,Asian (South),women,train
D__id07463__00028_id04562_qio_Gs7wjvY_id04554_wavtolip,raw\FakeAVCeleb_v1.2\FakeVideo-FakeAudio\Asian (South)\men\id07463\00028_id04562_qio_Gs7wjvY_id04554_wavtolip.mp4,1,FakeVideo-FakeAudio,fsgan-wav2lip,id07463,id04562,Gs7wjvY,Asian (South),men,train
A__id06225__00005,raw\FakeAVCeleb_v1.2\RealVideo-RealAudio\Asian (East)\women\id06225\00005.mp4,0,RealVideo-RealAudio,real,id06225,-,-,Asian (East),women,train
D__id00458__00072_id01005_wavtolip,raw\FakeAVCeleb_v1.2\FakeVideo-FakeAudio\Caucasian (American)\women\id00458\00072_id01005_wavtolip.mp4,1,FakeVideo-FakeAudio,wav2lip,id00458,id01005,-,Caucasian (American),women,train
A__id00103__00241,raw\FakeAVCeleb_v1.2\RealVideo-RealAudio\Asian (South)\men\id00103\00241.mp4,0,RealVideo-RealAudio,real,id00103,-,-,Asian (South),men,train
A__id04561__00248,raw\FakeAVCeleb_v1.2\RealVideo-RealAudio\Asian (South)\men\id04561\00248.mp4,0,RealVideo-RealAudio,real,id04561,-,-,Asian (South),men,train
D__id06066__00028_id00363_XNRwEZtddRk_id08139_wavtolip,raw\FakeAVCeleb_v1.2\FakeVideo-FakeAudio\Asian (East)\women\id06066\00028_id00363_XNRwEZtddRk_id08139_wavtolip.mp4,1,FakeVideo-FakeAudio,fsgan-wav2lip,id06066,id00363,id08139,Asian (East),women,train
D__id06470__00052_id03889_wavtolip,raw\FakeAVCeleb_v1.2\FakeVideo-FakeAudio\Asian (East)\men\id06470\00052_id03889_wavtolip.mp4,1,FakeVideo-FakeAudio,wav2lip,id06470,id03889,-,Asian (East),men,train
A__id00752__00340,raw\FakeAVCeleb_v1.2\RealVideo-RealAudio\Caucasian (American)\women\id00752\00340.mp4,0,RealVideo-RealAudio,real,id00752,-,-,Caucasian (American),women,train
C__id02948__00298_id05106_ZnnDdjlABM4,raw\FakeAVCeleb_v1.2\FakeVideo-RealAudio\African\women\id02948\00298_id05106_ZnnDdjlABM4.mp4,1,FakeVideo-RealAudio,fsgan,id02948,id05106,-,African,women,train
A__id08397__00167,raw\FakeAVCeleb_v1.2\RealVideo-RealAudio\Asian (East)\women\id08397\00167.mp4,0,RealVideo-RealAudio,real,id08397,-,-,Asian (East),women,train
C__id00732__00118_id00103_qpTVaP4y5DQ,raw\FakeAVCeleb_v1.2\FakeVideo-RealAudio\Asian (South)\men\id00732\00118_id00103_qpTVaP4y5DQ.mp4,1,FakeVideo-RealAudio,fsgan,id00732,id00103,-,Asian (South),men,train
A__id00042__00028,raw\FakeAVCeleb_v1.2\RealVideo-RealAudio\Caucasian (European)\women\id00042\00028.mp4,0,RealVideo-RealAudio,real,id00042,-,-,Caucasian (European),women,train
C__id00100__00028_id00261_gYQ5Scz5FnA,raw\FakeAVCeleb_v1.2\FakeVideo-RealAudio\Caucasian (American)\women\id00100\00028_id00261_gYQ5Scz5FnA.mp4,1,FakeVideo-RealAudio,fsgan,id00100,id00261,-,Caucasian (American),women,train
C__id00306__00015_id01058_wavtolip,raw\FakeAVCeleb_v1.2\FakeVideo-RealAudio\Caucasian (European)\men\id00306\00015_id01058_wavtolip.mp4,1,FakeVideo-RealAudio,wav2lip,id00306,id01058,-,Caucasian (European),men,train
D__id03599__00072_id04554_wavtolip,raw\FakeAVCeleb_v1.2\FakeVideo-FakeAudio\Asian (South)\men\id03599\00072_id04554_wavtolip.mp4,1,FakeVideo-FakeAudio,wav2lip,id03599,id04554,-,Asian (South),men,train
C__id00374__00311_id03620_YkXM5A8w07E,raw\FakeAVCeleb_v1.2\FakeVideo-RealAudio\Caucasian (European)\women\id00374\00311_id03620_YkXM5A8w07E.mp4,1,FakeVideo-RealAudio,fsgan,id00374,id03620,-,Caucasian (European),women,train
C__id07051__00083_id07377_wavtolip,raw\FakeAVCeleb_v1.2\FakeVideo-RealAudio\Asian (South)\women\id07051\00083_id07377_wavtolip.mp4,1,FakeVideo-RealAudio,wav2lip,id07051,id07377,-,Asian (South),women,train
A__id00305__00113,raw\FakeAVCeleb_v1.2\RealVideo-RealAudio\Caucasian (European)\men\id00305\00113.mp4,0,RealVideo-RealAudio,real,id00305,-,-,Caucasian (European),men,train
C__id00190__00072_id00418_wavtolip,raw\FakeAVCeleb_v1.2\FakeVideo-RealAudio\Caucasian (American)\women\id00190\00072_id00418_wavtolip.mp4,1,FakeVideo-RealAudio,wav2lip,id00190,id00418,-,Caucasian (American),women,train
A__id00166__00010,raw\FakeAVCeleb_v1.2\RealVideo-RealAudio\African\men\id00166\00010.mp4,0,RealVideo-RealAudio,real,id00166,-,-,African,men,train
A__id00272__00195,raw\FakeAVCeleb_v1.2\RealVideo-RealAudio\Caucasian (American)\women\id00272\00195.mp4,0,RealVideo-RealAudio,real,id00272,-,-,Caucasian (American),women,train
C__id00371__00099_id04939_wavtolip,raw\FakeAVCeleb_v1.2\FakeVideo-RealAudio\African\women\id00371\00099_id04939_wavtolip.mp4,1,FakeVideo-RealAudio,wav2lip,id00371,id04939,-,African,women,train
C__id00842__00043_id03781_wavtolip,raw\FakeAVCeleb_v1.2\FakeVideo-RealAudio\Caucasian (American)\women\id00842\00043_id03781_wavtolip.mp4,1,FakeVideo-RealAudio,wav2lip,id00842,id03781,-,Caucasian (American),women,train
C__id03605__00048_id01004_867Wlj7Gw68,raw\FakeAVCeleb_v1.2\FakeVideo-RealAudio\Caucasian (American)\women\id03605\00048_id01004_867Wlj7Gw68.mp4,1,FakeVideo-RealAudio,fsgan,id03605,id01004,-,Caucasian (American),women,train
C__id03897__00021_id07136_4e43eS5p3_M,raw\FakeAVCeleb_v1.2\FakeVideo-RealAudio\Asian (South)\women\id03897\00021_id07136_4e43eS5p3_M.mp4,1,FakeVideo-RealAudio,fsgan,id03897,id07136,-,Asian (South),women,train
C__id00098__00004_id00098_wavtolip,raw\FakeAVCeleb_v1.2\FakeVideo-RealAudio\Caucasian (American)\women\id00098\00004_id00098_wavtolip.mp4,1,FakeVideo-RealAudio,wav2lip,id00098,id00098,-,Caucasian (American),women,train
D__id04726__00245_0_id02553_wavtolip,raw\FakeAVCeleb_v1.2\FakeVideo-FakeAudio\Asian (East)\men\id04726\00245_0_id02553_wavtolip.mp4,1,FakeVideo-FakeAudio,faceswap-wav2lip,id04726,0,-,Asian (East),men,train
D__id02948__00298_id02586_dEYzYDsbAeo_id01783_wavtolip,raw\FakeAVCeleb_v1.2\FakeVideo-FakeAudio\African\women\id02948\00298_id02586_dEYzYDsbAeo_id01783_wavtolip.mp4,1,FakeVideo-FakeAudio,fsgan-wav2lip,id02948,id02586,id01783,African,women,train
D__id00097__00162_id00428_wavtolip,raw\FakeAVCeleb_v1.2\FakeVideo-FakeAudio\Caucasian (American)\women\id00097\00162_id00428_wavtolip.mp4,1,FakeVideo-FakeAudio,wav2lip,id00097,id00428,-,Caucasian (American),women,train
D__id01123__00072_id00292_qELK8N_DykA_id00063_wavtolip,raw\FakeAVCeleb_v1.2\FakeVideo-FakeAudio\Caucasian (European)\men\id01123\00072_id00292_qELK8N_DykA_id00063_wavtolip.mp4,1,FakeVideo-FakeAudio,fsgan-wav2lip,id01123,id00292,DykA,Caucasian (European),men,train
A__id02310__00139,raw\FakeAVCeleb_v1.2\RealVideo-RealAudio\Asian (South)\women\id02310\00139.mp4,0,RealVideo-RealAudio,real,id02310,-,-,Asian (South),women,train
D__id00235__00052_id05434_wavtolip,raw\FakeAVCeleb_v1.2\FakeVideo-FakeAudio\Asian (South)\women\id00235\00052_id05434_wavtolip.mp4,1,FakeVideo-FakeAudio,wav2lip,id00235,id05434,-,Asian (South),women,train
D__id00740__00015_id03889_C54Tw6xrc4U_id02553_wavtolip,raw\FakeAVCeleb_v1.2\FakeVideo-FakeAudio\Asian (East)\men\id00740\00015_id03889_C54Tw6xrc4U_id02553_wavtolip.mp4,1,FakeVideo-FakeAudio,fsgan-wav2lip,id00740,id03889,id02553,Asian (East),men,train
C__id00080__00281_id03815_wavtolip,raw\FakeAVCeleb_v1.2\FakeVideo-RealAudio\Asian (South)\women\id00080\00281_id03815_wavtolip.mp4,1,FakeVideo-RealAudio,wav2lip,id00080,id03815,-,Asian (South),women,train
C__id03569__00065_id05231_wavtolip,raw\FakeAVCeleb_v1.2\FakeVideo-RealAudio\African\women\id03569\00065_id05231_wavtolip.mp4,1,FakeVideo-RealAudio,wav2lip,id03569,id05231,-,African,women,train
C__id07739__00019_id04144__FJg9YswRzQ_faceswap,raw\FakeAVCeleb_v1.2\FakeVideo-RealAudio\Asian (East)\women\id07739\00019_id04144__FJg9YswRzQ_faceswap.mp4,1,FakeVideo-RealAudio,faceswap,id07739,id04144,FJg9YswRzQ,Asian (East),women,train
C__id00707__00052_id05231_wfbM5puT6eQ,raw\FakeAVCeleb_v1.2\FakeVideo-RealAudio\African\women\id00707\00052_id05231_wfbM5puT6eQ.mp4,1,FakeVideo-RealAudio,fsgan,id00707,id05231,-,African,women,train
C__id04111__00015_id01215_wavtolip,raw\FakeAVCeleb_v1.2\FakeVideo-RealAudio\Asian (East)\men\id04111\00015_id01215_wavtolip.mp4,1,FakeVideo-RealAudio,wav2lip,id04111,id01215,-,Asian (East),men,train
D__id05231__00149_id04376_wavtolip,raw\FakeAVCeleb_v1.2\FakeVideo-FakeAudio\African\women\id05231\00149_id04376_wavtolip.mp4,1,FakeVideo-FakeAudio,wav2lip,id05231,id04376,-,African,women,train
D__id00080__00281_id04582_wavtolip,raw\FakeAVCeleb_v1.2\FakeVideo-FakeAudio\Asian (South)\women\id00080\00281_id04582_wavtolip.mp4,1,FakeVideo-FakeAudio,wav2lip,id00080,id04582,-,Asian (South),women,train
D__id00860__00154_id07210_wavtolip,raw\FakeAVCeleb_v1.2\FakeVideo-FakeAudio\Asian (South)\men\id00860\00154_id07210_wavtolip.mp4,1,FakeVideo-FakeAudio,wav2lip,id00860,id07210,-,Asian (South),men,train
D__id00548__00015_id00709_Rh23ELMGsIQ_id01157_wavtolip,raw\FakeAVCeleb_v1.2\FakeVideo-FakeAudio\Caucasian (European)\men\id00548\00015_id00709_Rh23ELMGsIQ_id01157_wavtolip.mp4,1,FakeVideo-FakeAudio,fsgan-wav2lip,id00548,id00709,id01157,Caucasian (European),men,train
D__id04582__00180_id06428_wavtolip,raw\FakeAVCeleb_v1.2\FakeVideo-FakeAudio\Asian (South)\women\id04582\00180_id06428_wavtolip.mp4,1,FakeVideo-FakeAudio,wav2lip,id04582,id06428,-,Asian (South),women,train
D__id02838__00080_id01838_q_lUk55OrL0_id02824_wavtolip,raw\FakeAVCeleb_v1.2\FakeVideo-FakeAudio\African\women\id02838\00080_id01838_q_lUk55OrL0_id02824_wavtolip.mp4,1,FakeVideo-FakeAudio,fsgan-wav2lip,id02838,id01838,lUk55OrL0,African,women,train
C__id00418__00052_id00190_oZUSqqG9wu4,raw\FakeAVCeleb_v1.2\FakeVideo-RealAudio\Caucasian (American)\women\id00418\00052_id00190_oZUSqqG9wu4.mp4,1,FakeVideo-RealAudio,fsgan,id00418,id00190,-,Caucasian (American),women,train
C__id00618__00195_id00752_wavtolip,raw\FakeAVCeleb_v1.2\FakeVideo-RealAudio\Caucasian (American)\women\id00618\00195_id00752_wavtolip.mp4,1,FakeVideo-RealAudio,wav2lip,id00618,id00752,-,Caucasian (American),women,train
C__id00732__00118_id06354_PmWLmcJNUhM,raw\FakeAVCeleb_v1.2\FakeVideo-RealAudio\Asian (South)\men\id00732\00118_id06354_PmWLmcJNUhM.mp4,1,FakeVideo-RealAudio,fsgan,id00732,id06354,-,Asian (South),men,train
C__id03658__00077_id03713_wavtolip,raw\FakeAVCeleb_v1.2\FakeVideo-RealAudio\African\women\id03658\00077_id03713_wavtolip.mp4,1,FakeVideo-RealAudio,wav2lip,id03658,id03713,-,African,women,train
D__id04437__00002_id02586_dEYzYDsbAeo_id02808_wavtolip,raw\FakeAVCeleb_v1.2\FakeVideo-FakeAudio\African\women\id04437\00002_id02586_dEYzYDsbAeo_id02808_wavtolip.mp4,1,FakeVideo-FakeAudio,fsgan-wav2lip,id04437,id02586,id02808,African,women,train
C__id00383__00171_id01248_2y-HnTO8WrQ,raw\FakeAVCeleb_v1.2\FakeVideo-RealAudio\Caucasian (American)\women\id00383\00171_id01248_2y-HnTO8WrQ.mp4,1,FakeVideo-RealAudio,fsgan,id00383,id01248,-,Caucasian (American),women,train
D__id00752__00340_id03707_pwNcRPQ5qdo_id00848_wavtolip,raw\FakeAVCeleb_v1.2\FakeVideo-FakeAudio\Caucasian (American)\women\id00752\00340_id03707_pwNcRPQ5qdo_id00848_wavtolip.mp4,1,FakeVideo-FakeAudio,fsgan-wav2lip,id00752,id03707,id00848,Caucasian (American),women,train
D__id04216__00470_id03668_wavtolip,raw\FakeAVCeleb_v1.2\FakeVideo-FakeAudio\Caucasian (American)\men\id04216\00470_id03668_wavtolip.mp4,1,FakeVideo-FakeAudio,wav2lip,id04216,id03668,-,Caucasian (American),men,train
C__id07179__00206_id07233_wavtolip,raw\FakeAVCeleb_v1.2\FakeVideo-RealAudio\Asian (South)\men\id07179\00206_id07233_wavtolip.mp4,1,FakeVideo-RealAudio,wav2lip,id07179,id07233,-,Asian (South),men,train
A__id01239__00280,raw\FakeAVCeleb_v1.2\RealVideo-RealAudio\Caucasian (American)\men\id01239\00280.mp4,0,RealVideo-RealAudio,real,id01239,-,-,Caucasian (American),men,train
D__id03941__00021_id03816_XXD0yTNei50_id01002_wavtolip,raw\FakeAVCeleb_v1.2\FakeVideo-FakeAudio\Caucasian (European)\women\id03941\00021_id03816_XXD0yTNei50_id01002_wavtolip.mp4,1,FakeVideo-FakeAudio,fsgan-wav2lip,id03941,id03816,id01002,Caucasian (European),women,train
C__id03605__00048_id01248_2y-HnTO8WrQ,raw\FakeAVCeleb_v1.2\FakeVideo-RealAudio\Caucasian (American)\women\id03605\00048_id01248_2y-HnTO8WrQ.mp4,1,FakeVideo-RealAudio,fsgan,id03605,id01248,-,Caucasian (American),women,train
D__id01521__00109_id01530_wavtolip,raw\FakeAVCeleb_v1.2\FakeVideo-FakeAudio\African\men\id01521\00109_id01530_wavtolip.mp4,1,FakeVideo-FakeAudio,wav2lip,id01521,id01530,-,African,men,train
D__id00909__00037_id00306_wavtolip,raw\FakeAVCeleb_v1.2\FakeVideo-FakeAudio\Caucasian (European)\men\id00909\00037_id00306_wavtolip.mp4,1,FakeVideo-FakeAudio,wav2lip,id00909,id00306,-,Caucasian (European),men,train
D__id00634__00078_id00496_wavtolip,raw\FakeAVCeleb_v1.2\FakeVideo-FakeAudio\Caucasian (European)\women\id00634\00078_id00496_wavtolip.mp4,1,FakeVideo-FakeAudio,wav2lip,id00634,id00496,-,Caucasian (European),women,train
D__id04884__00028_id04687_cSxCV6zdmwo_id06470_wavtolip,raw\FakeAVCeleb_v1.2\FakeVideo-FakeAudio\Asian (East)\men\id04884\00028_id04687_cSxCV6zdmwo_id06470_wavtolip.mp4,1,FakeVideo-FakeAudio,fsgan-wav2lip,id04884,id04687,id06470,Asian (East),men,train
D__id02553__00043_id02365_KTHM_LvjcgY_id05383_wavtolip,raw\FakeAVCeleb_v1.2\FakeVideo-FakeAudio\Asian (East)\men\id02553\00043_id02365_KTHM_LvjcgY_id05383_wavtolip.mp4,1,FakeVideo-FakeAudio,fsgan-wav2lip,id02553,id02365,LvjcgY,Asian (East),men,train
A__id09171__00092,raw\FakeAVCeleb_v1.2\RealVideo-RealAudio\Asian (East)\women\id09171\00092.mp4,0,RealVideo-RealAudio,real,id09171,-,-,Asian (East),women,train
D__id02561__02561_id05268_wavtolip,raw\FakeAVCeleb_v1.2\FakeVideo-FakeAudio\Asian (East)\men\id02561\02561_id05268_wavtolip.mp4,1,FakeVideo-FakeAudio,wav2lip,id02561,id05268,-,Asian (East),men,train
C__id04939__00174_id04374_wavtolip,raw\FakeAVCeleb_v1.2\FakeVideo-RealAudio\African\women\id04939\00174_id04374_wavtolip.mp4,1,FakeVideo-RealAudio,wav2lip,id04939,id04374,-,African,women,train
D__id09171__00092_id04414_0sJN-9GIO-M_id03211_wavtolip,raw\FakeAVCeleb_v1.2\FakeVideo-FakeAudio\Asian (East)\women\id09171\00092_id04414_0sJN-9GIO-M_id03211_wavtolip.mp4,1,FakeVideo-FakeAudio,fsgan-wav2lip,id09171,id04414,id03211,Asian (East),women,train
D__id00043__00135_id05920_wavtolip,raw\FakeAVCeleb_v1.2\FakeVideo-FakeAudio\Asian (South)\women\id00043\00135_id05920_wavtolip.mp4,1,FakeVideo-FakeAudio,wav2lip,id00043,id05920,-,Asian (South),women,train
D__id00345__00243_id00087_wavtolip,raw\FakeAVCeleb_v1.2\FakeVideo-FakeAudio\Caucasian (American)\men\id00345\00243_id00087_wavtolip.mp4,1,FakeVideo-FakeAudio,wav2lip,id00345,id00087,-,Caucasian (American),men,train
C__id06752__00221_id06343__Tf30YR4M3w,raw\FakeAVCeleb_v1.2\FakeVideo-RealAudio\Asian (South)\women\id06752\00221_id06343__Tf30YR4M3w.mp4,1,FakeVideo-RealAudio,fsgan,id06752,id06343,-,Asian (South),women,train
D__id00739__00005_id00417_GhIZam3v09g_faceswap_id06343_wavtolip,raw\FakeAVCeleb_v1.2\FakeVideo-FakeAudio\Asian (South)\women\id00739\00005_id00417_GhIZam3v09g_faceswap_id06343_wavtolip.mp4,1,FakeVideo-FakeAudio,faceswap-wav2lip,id00739,id00417,faceswap,Asian (South),women,train
C__id01907__00148_id00371_t20i0HtPwW0,raw\FakeAVCeleb_v1.2\FakeVideo-RealAudio\African\women\id01907\00148_id00371_t20i0HtPwW0.mp4,1,FakeVideo-RealAudio,fsgan,id01907,id00371,-,African,women,train
D__id00261__00048_id03605_JGZt9DAhBRs_faceswap_id03707_wavtolip,raw\FakeAVCeleb_v1.2\FakeVideo-FakeAudio\Caucasian (American)\women\id00261\00048_id03605_JGZt9DAhBRs_faceswap_id03707_wavtolip.mp4,1,FakeVideo-FakeAudio,faceswap-wav2lip,id00261,id03605,faceswap,Caucasian (American),women,train
C__id01212__00183_id08299_wavtolip,raw\FakeAVCeleb_v1.2\FakeVideo-RealAudio\Asian (East)\men\id01212\00183_id08299_wavtolip.mp4,1,FakeVideo-RealAudio,wav2lip,id01212,id08299,-,Asian (East),men,train
D__id07136__00052_2_id06438_wavtolip,raw\FakeAVCeleb_v1.2\FakeVideo-FakeAudio\Asian (South)\women\id07136\00052_2_id06438_wavtolip.mp4,1,FakeVideo-FakeAudio,faceswap-wav2lip,id07136,2,-,Asian (South),women,train
D__id06439__00118_id00417_GhIZam3v09g_faceswap_id03815_wavtolip,raw\FakeAVCeleb_v1.2\FakeVideo-FakeAudio\Asian (South)\women\id06439\00118_id00417_GhIZam3v09g_faceswap_id03815_wavtolip.mp4,1,FakeVideo-FakeAudio,faceswap-wav2lip,id06439,id00417,faceswap,Asian (South),women,train
D__id04537__00083_3_id00032_wavtolip,raw\FakeAVCeleb_v1.2\FakeVideo-FakeAudio\Asian (South)\men\id04537\00083_3_id00032_wavtolip.mp4,1,FakeVideo-FakeAudio,faceswap-wav2lip,id04537,3,-,Asian (South),men,train
A__id04034__00009,raw\FakeAVCeleb_v1.2\RealVideo-RealAudio\Caucasian (American)\men\id04034\00009.mp4,0,RealVideo-RealAudio,real,id04034,-,-,Caucasian (American),men,train
D__id00581__00010_id00330_zCFFgGSIZ_s_id00188_wavtolip,raw\FakeAVCeleb_v1.2\FakeVideo-FakeAudio\Caucasian (European)\women\id00581\00010_id00330_zCFFgGSIZ_s_id00188_wavtolip.mp4,1,FakeVideo-FakeAudio,fsgan-wav2lip,id00581,id00330,id00188,Caucasian (European),women,train
D__id04689__00005_id02838_wavtolip,raw\FakeAVCeleb_v1.2\FakeVideo-FakeAudio\African\women\id04689\00005_id02838_wavtolip.mp4,1,FakeVideo-FakeAudio,wav2lip,id04689,id02838,-,African,women,train
C__id03707__00055_id02466_VOgaA7O5yWY,raw\FakeAVCeleb_v1.2\FakeVideo-RealAudio\Caucasian (American)\women\id03707\00055_id02466_VOgaA7O5yWY.mp4,1,FakeVideo-RealAudio,fsgan,id03707,id02466,-,Caucasian (American),women,train
D__id00548__00015_id00909_nEQbKqo1XCs_id01156_wavtolip,raw\FakeAVCeleb_v1.2\FakeVideo-FakeAudio\Caucasian (European)\men\id00548\00015_id00909_nEQbKqo1XCs_id01156_wavtolip.mp4,1,FakeVideo-FakeAudio,fsgan-wav2lip,id00548,id00909,id01156,Caucasian (European),men,train
C__id02494__00050_id01691_IVtS5z8Jrrk,raw\FakeAVCeleb_v1.2\FakeVideo-RealAudio\African\men\id02494\00050_id01691_IVtS5z8Jrrk.mp4,1,FakeVideo-RealAudio,fsgan,id02494,id01691,-,African,men,train
D__id00306__00015_id01154_tvmOcaG4A4w_id01051_wavtolip,raw\FakeAVCeleb_v1.2\FakeVideo-FakeAudio\Caucasian (European)\men\id00306\00015_id01154_tvmOcaG4A4w_id01051_wavtolip.mp4,1,FakeVideo-FakeAudio,fsgan-wav2lip,id00306,id01154,id01051,Caucasian (European),men,train
C__id00098__00004_id00428_Kr7n-68JWww,raw\FakeAVCeleb_v1.2\FakeVideo-RealAudio\Caucasian (American)\women\id00098\00004_id00428_Kr7n-68JWww.mp4,1,FakeVideo-RealAudio,fsgan,id00098,id00428,-,Caucasian (American),women,train
A__id07039__00105,raw\FakeAVCeleb_v1.2\RealVideo-RealAudio\Asian (East)\women\id07039\00105.mp4,0,RealVideo-RealAudio,real,id07039,-,-,Asian (East),women,train
A__id02464__00002,raw\FakeAVCeleb_v1.2\RealVideo-RealAudio\Caucasian (American)\women\id02464\00002.mp4,0,RealVideo-RealAudio,real,id02464,-,-,Caucasian (American),women,train
D__id00569__00239_2_id00735_wavtolip,raw\FakeAVCeleb_v1.2\FakeVideo-FakeAudio\Caucasian (European)\women\id00569\00239_2_id00735_wavtolip.mp4,1,FakeVideo-FakeAudio,faceswap-wav2lip,id00569,2,-,Caucasian (European),women,train
A__id00707__00052,raw\FakeAVCeleb_v1.2\RealVideo-RealAudio\African\women\id00707\00052.mp4,0,RealVideo-RealAudio,real,id00707,-,-,African,women,train
C__id02301__00092_id00359_wavtolip,raw\FakeAVCeleb_v1.2\FakeVideo-RealAudio\African\women\id02301\00092_id00359_wavtolip.mp4,1,FakeVideo-RealAudio,wav2lip,id02301,id00359,-,African,women,train
A__id00709__00206,raw\FakeAVCeleb_v1.2\RealVideo-RealAudio\Caucasian (European)\men\id00709\00206.mp4,0,RealVideo-RealAudio,real,id00709,-,-,Caucasian (European),men,train
C__id03205__00150_id01098_wavtolip,raw\FakeAVCeleb_v1.2\FakeVideo-RealAudio\Caucasian (European)\men\id03205\00150_id01098_wavtolip.mp4,1,FakeVideo-RealAudio,wav2lip,id03205,id01098,-,Caucasian (European),men,train
A__id03180__00039,raw\FakeAVCeleb_v1.2\RealVideo-RealAudio\Asian (South)\men\id03180\00039.mp4,0,RealVideo-RealAudio,real,id03180,-,-,Asian (South),men,train
D__id04066__00013_id05576_wavtolip,raw\FakeAVCeleb_v1.2\FakeVideo-FakeAudio\Asian (East)\women\id04066\00013_id05576_wavtolip.mp4,1,FakeVideo-FakeAudio,wav2lip,id04066,id05576,-,Asian (East),women,train
C__id00946__00126_id01099_ZpgbIKxzkrg,raw\FakeAVCeleb_v1.2\FakeVideo-RealAudio\Caucasian (European)\men\id00946\00126_id01099_ZpgbIKxzkrg.mp4,1,FakeVideo-RealAudio,fsgan,id00946,id01099,-,Caucasian (European),men,train
C__id01098__00044_id00183_wavtolip,raw\FakeAVCeleb_v1.2\FakeVideo-RealAudio\Caucasian (European)\men\id01098\00044_id00183_wavtolip.mp4,1,FakeVideo-RealAudio,wav2lip,id01098,id00183,-,Caucasian (European),men,train
D__id02310__00139_id05434_wavtolip,raw\FakeAVCeleb_v1.2\FakeVideo-FakeAudio\Asian (South)\women\id02310\00139_id05434_wavtolip.mp4,1,FakeVideo-FakeAudio,wav2lip,id02310,id05434,-,Asian (South),women,train
C__id00270__00088_id00634_wavtolip,raw\FakeAVCeleb_v1.2\FakeVideo-RealAudio\Caucasian (European)\women\id00270\00088_id00634_wavtolip.mp4,1,FakeVideo-RealAudio,wav2lip,id00270,id00634,-,Caucasian (European),women,train
D__id00535__00005_id02567_4Ao5jgpSXdw_id00292_wavtolip,raw\FakeAVCeleb_v1.2\FakeVideo-FakeAudio\Caucasian (European)\men\id00535\00005_id02567_4Ao5jgpSXdw_id00292_wavtolip.mp4,1,FakeVideo-FakeAudio,fsgan-wav2lip,id00535,id02567,id00292,Caucasian (European),men,train
D__id00292__00072_id00306_CDX55F3nWNc_id00305_wavtolip,raw\FakeAVCeleb_v1.2\FakeVideo-FakeAudio\Caucasian (European)\men\id00292\00072_id00306_CDX55F3nWNc_id00305_wavtolip.mp4,1,FakeVideo-FakeAudio,fsgan-wav2lip,id00292,id00306,id00305,Caucasian (European),men,train
D__id00945__00107_id00052_wavtolip,raw\FakeAVCeleb_v1.2\FakeVideo-FakeAudio\Caucasian (American)\men\id00945\00107_id00052_wavtolip.mp4,1,FakeVideo-FakeAudio,wav2lip,id00945,id00052,-,Caucasian (American),men,train
A__id04689__00005,raw\FakeAVCeleb_v1.2\RealVideo-RealAudio\African\women\id04689\00005.mp4,0,RealVideo-RealAudio,real,id04689,-,-,African,women,train
A__id01236__00005,raw\FakeAVCeleb_v1.2\RealVideo-RealAudio\African\men\id01236\00005.mp4,0,RealVideo-RealAudio,real,id01236,-,-,African,men,train
D__id06269__00005_id06470_XoAiqCrOlyk_faceswap_id06467_wavtolip,raw\FakeAVCeleb_v1.2\FakeVideo-FakeAudio\Asian (East)\men\id06269\00005_id06470_XoAiqCrOlyk_faceswap_id06467_wavtolip.mp4,1,FakeVideo-FakeAudio,faceswap-wav2lip,id06269,id06470,faceswap,Asian (East),men,train
C__id00345__00243_id03668_wavtolip,raw\FakeAVCeleb_v1.2\FakeVideo-RealAudio\Caucasian (American)\men\id00345\00243_id03668_wavtolip.mp4,1,FakeVideo-RealAudio,wav2lip,id00345,id03668,-,Caucasian (American),men,train
C__id00707__00052_id00592_wavtolip,raw\FakeAVCeleb_v1.2\FakeVideo-RealAudio\African\women\id00707\00052_id00592_wavtolip.mp4,1,FakeVideo-RealAudio,wav2lip,id00707,id00592,-,African,women,train
D__id00577__00010_id04736_wavtolip,raw\FakeAVCeleb_v1.2\FakeVideo-FakeAudio\African\women\id00577\00010_id04736_wavtolip.mp4,1,FakeVideo-FakeAudio,faceswap-wav2lip,id00577,id04736,-,African,women,train
A__id04066__00013,raw\FakeAVCeleb_v1.2\RealVideo-RealAudio\Asian (East)\women\id04066\00013.mp4,0,RealVideo-RealAudio,real,id04066,-,-,Asian (East),women,train
C__id01452__00001_id02296_wavtolip,raw\FakeAVCeleb_v1.2\FakeVideo-RealAudio\African\men\id01452\00001_id02296_wavtolip.mp4,1,FakeVideo-RealAudio,wav2lip,id01452,id02296,-,African,men,train
A__id00265__00130,raw\FakeAVCeleb_v1.2\RealVideo-RealAudio\Caucasian (European)\men\id00265\00130.mp4,0,RealVideo-RealAudio,real,id00265,-,-,Caucasian (European),men,train
C__id05631__00073_id06065_Rni34oVUpTA_faceswap,raw\FakeAVCeleb_v1.2\FakeVideo-RealAudio\Asian (East)\women\id05631\00073_id06065_Rni34oVUpTA_faceswap.mp4,1,FakeVideo-RealAudio,faceswap,id05631,id06065,-,Asian (East),women,train
D__id00519__00028_id01154_tvmOcaG4A4w_faceswap_id00253_wavtolip,raw\FakeAVCeleb_v1.2\FakeVideo-FakeAudio\Caucasian (European)\men\id00519\00028_id01154_tvmOcaG4A4w_faceswap_id00253_wavtolip.mp4,1,FakeVideo-FakeAudio,faceswap-wav2lip,id00519,id01154,faceswap,Caucasian (European),men,train
D__id00055__00120_id01123_wavtolip,raw\FakeAVCeleb_v1.2\FakeVideo-FakeAudio\Caucasian (European)\men\id00055\00120_id01123_wavtolip.mp4,1,FakeVideo-FakeAudio,wav2lip,id00055,id01123,-,Caucasian (European),men,train
A__id06428__00043,raw\FakeAVCeleb_v1.2\RealVideo-RealAudio\Asian (South)\women\id06428\00043.mp4,0,RealVideo-RealAudio,real,id06428,-,-,Asian (South),women,train
D__id05435__00107_id04529_wavtolip,raw\FakeAVCeleb_v1.2\FakeVideo-FakeAudio\Asian (South)\women\id05435\00107_id04529_wavtolip.mp4,1,FakeVideo-FakeAudio,wav2lip,id05435,id04529,-,Asian (South),women,train
A__id06334__00015,raw\FakeAVCeleb_v1.2\RealVideo-RealAudio\Asian (South)\men\id06334\00015.mp4,0,RealVideo-RealAudio,real,id06334,-,-,Asian (South),men,train
C__id03858__00092_id00581_7AxvP19LGKg,raw\FakeAVCeleb_v1.2\FakeVideo-RealAudio\Caucasian (European)\women\id03858\00092_id00581_7AxvP19LGKg.mp4,1,FakeVideo-RealAudio,fsgan,id03858,id00581,-,Caucasian (European),women,train
D__id01105__00083_id03678_wavtolip,raw\FakeAVCeleb_v1.2\FakeVideo-FakeAudio\Caucasian (American)\men\id01105\00083_id03678_wavtolip.mp4,1,FakeVideo-FakeAudio,wav2lip,id01105,id03678,-,Caucasian (American),men,train
C__id00270__00088_0,raw\FakeAVCeleb_v1.2\FakeVideo-RealAudio\Caucasian (European)\women\id00270\00088_0.mp4,1,FakeVideo-RealAudio,faceswap,id00270,0.mp4,-,Caucasian (European),women,train
D__id07108__00412_id07195_wXqfHGtaBn4_id07233_wavtolip,raw\FakeAVCeleb_v1.2\FakeVideo-FakeAudio\Asian (South)\men\id07108\00412_id07195_wXqfHGtaBn4_id07233_wavtolip.mp4,1,FakeVideo-FakeAudio,fsgan-wav2lip,id07108,id07195,id07233,Asian (South),men,train
C__id03858__00092_id03651_wavtolip,raw\FakeAVCeleb_v1.2\FakeVideo-RealAudio\Caucasian (European)\women\id03858\00092_id03651_wavtolip.mp4,1,FakeVideo-RealAudio,wav2lip,id03858,id03651,-,Caucasian (European),women,train
A__id00897__00005,raw\FakeAVCeleb_v1.2\RealVideo-RealAudio\Caucasian (European)\women\id00897\00005.mp4,0,RealVideo-RealAudio,real,id00897,-,-,Caucasian (European),women,train
C__id04701__00017_id07799_wavtolip,raw\FakeAVCeleb_v1.2\FakeVideo-RealAudio\Asian (East)\women\id04701\00017_id07799_wavtolip.mp4,1,FakeVideo-RealAudio,wav2lip,id04701,id07799,-,Asian (East),women,train
A__id07739__00019,raw\FakeAVCeleb_v1.2\RealVideo-RealAudio\Asian (East)\women\id07739\00019.mp4,0,RealVideo-RealAudio,real,id07739,-,-,Asian (East),women,train
A__id05479__05479,raw\FakeAVCeleb_v1.2\RealVideo-RealAudio\Asian (East)\men\id05479\05479.mp4,0,RealVideo-RealAudio,real,id05479,-,-,Asian (East),men,train
C__id06594__00002_id00863_wavtolip,raw\FakeAVCeleb_v1.2\FakeVideo-RealAudio\Asian (East)\men\id06594\00002_id00863_wavtolip.mp4,1,FakeVideo-RealAudio,wav2lip,id06594,id00863,-,Asian (East),men,train
D__id00100__00028_id01225_wavtolip,raw\FakeAVCeleb_v1.2\FakeVideo-FakeAudio\Caucasian (American)\women\id00100\00028_id01225_wavtolip.mp4,1,FakeVideo-FakeAudio,wav2lip,id00100,id01225,-,Caucasian (American),women,train
B__id00707__00052_fake,raw\FakeAVCeleb_v1.2\RealVideo-FakeAudio\African\women\id00707\00052_fake.mp4,1,RealVideo-FakeAudio,rtvc,id00707,fake.mp4,-,African,women,train
C__id00418__00052_id00842__jwlpdZvqus,raw\FakeAVCeleb_v1.2\FakeVideo-RealAudio\Caucasian (American)\women\id00418\00052_id00842__jwlpdZvqus.mp4,1,FakeVideo-RealAudio,fsgan,id00418,id00842,-,Caucasian (American),women,train
C__id00241__00015_id00253_cyTfcQDjvU0,raw\FakeAVCeleb_v1.2\FakeVideo-RealAudio\Caucasian (European)\men\id00241\00015_id00253_cyTfcQDjvU0.mp4,1,FakeVideo-RealAudio,fsgan,id00241,id00253,-,Caucasian (European),men,train
C__id01002__00043_id03651_EjcoRkL6loI,raw\FakeAVCeleb_v1.2\FakeVideo-RealAudio\Caucasian (European)\women\id01002\00043_id03651_EjcoRkL6loI.mp4,1,FakeVideo-RealAudio,fsgan,id01002,id03651,-,Caucasian (European),women,train
C__id00137__00025_id03940_wavtolip,raw\FakeAVCeleb_v1.2\FakeVideo-RealAudio\Asian (East)\women\id00137\00025_id03940_wavtolip.mp4,1,FakeVideo-RealAudio,wav2lip,id00137,id03940,-,Asian (East),women,train
C__id03211__00032_id09171_wavtolip,raw\FakeAVCeleb_v1.2\FakeVideo-RealAudio\Asian (East)\women\id03211\00032_id09171_wavtolip.mp4,1,FakeVideo-RealAudio,wav2lip,id03211,id09171,-,Asian (East),women,train
A__id09125__00098,raw\FakeAVCeleb_v1.2\RealVideo-RealAudio\Asian (East)\women\id09125\00098.mp4,0,RealVideo-RealAudio,real,id09125,-,-,Asian (East),women,train
A__id02494__00050,raw\FakeAVCeleb_v1.2\RealVideo-RealAudio\African\men\id02494\00050.mp4,0,RealVideo-RealAudio,real,id02494,-,-,African,men,train
D__id00243__00037_id03668_mjurT3_7DpE_faceswap_id00696_wavtolip,raw\FakeAVCeleb_v1.2\FakeVideo-FakeAudio\Caucasian (American)\men\id00243\00037_id03668_mjurT3_7DpE_faceswap_id00696_wavtolip.mp4,1,FakeVideo-FakeAudio,faceswap-wav2lip,id00243,id03668,7DpE,Caucasian (American),men,train
C__id02508__00083_id02721_rwNm8RKL47Y,raw\FakeAVCeleb_v1.2\FakeVideo-RealAudio\African\women\id02508\00083_id02721_rwNm8RKL47Y.mp4,1,FakeVideo-RealAudio,fsgan,id02508,id02721,-,African,women,train
C__id00848__00028_id00261_wavtolip,raw\FakeAVCeleb_v1.2\FakeVideo-RealAudio\Caucasian (American)\women\id00848\00028_id00261_wavtolip.mp4,1,FakeVideo-RealAudio,wav2lip,id00848,id00261,-,Caucasian (American),women,train
A__id01192__00217,raw\FakeAVCeleb_v1.2\RealVideo-RealAudio\Caucasian (American)\men\id01192\00217.mp4,0,RealVideo-RealAudio,real,id01192,-,-,Caucasian (American),men,train
C__id07008__00175_id04564_xUz03LwKRtQ,raw\FakeAVCeleb_v1.2\FakeVideo-RealAudio\Asian (South)\women\id07008\00175_id04564_xUz03LwKRtQ.mp4,1,FakeVideo-RealAudio,fsgan,id07008,id04564,-,Asian (South),women,train
C__id04530__00231_id00417_wavtolip,raw\FakeAVCeleb_v1.2\FakeVideo-RealAudio\Asian (South)\women\id04530\00231_id00417_wavtolip.mp4,1,FakeVideo-RealAudio,wav2lip,id04530,id00417,-,Asian (South),women,train
D__id09171__00092_id04057_SmHwNbR-498_faceswap_id00137_wavtolip,raw\FakeAVCeleb_v1.2\FakeVideo-FakeAudio\Asian (East)\women\id09171\00092_id04057_SmHwNbR-498_faceswap_id00137_wavtolip.mp4,1,FakeVideo-FakeAudio,faceswap-wav2lip,id09171,id04057,faceswap,Asian (East),women,train
A__id01123__00072,raw\FakeAVCeleb_v1.2\RealVideo-RealAudio\Caucasian (European)\men\id01123\00072.mp4,0,RealVideo-RealAudio,real,id01123,-,-,Caucasian (European),men,train
A__id01207__00320,raw\FakeAVCeleb_v1.2\RealVideo-RealAudio\African\men\id01207\00320.mp4,0,RealVideo-RealAudio,real,id01207,-,-,African,men,train
A__id01026__00083,raw\FakeAVCeleb_v1.2\RealVideo-RealAudio\Asian (South)\women\id01026\00083.mp4,0,RealVideo-RealAudio,real,id01026,-,-,Asian (South),women,train
C__id04701__00017_id00137_wavtolip,raw\FakeAVCeleb_v1.2\FakeVideo-RealAudio\Asian (East)\women\id04701\00017_id00137_wavtolip.mp4,1,FakeVideo-RealAudio,wav2lip,id04701,id00137,-,Asian (East),women,train
D__id03656__00052_3_id00371_wavtolip,raw\FakeAVCeleb_v1.2\FakeVideo-FakeAudio\African\women\id03656\00052_3_id00371_wavtolip.mp4,1,FakeVideo-FakeAudio,faceswap-wav2lip,id03656,3,-,African,women,train
C__id00049__00118_id04219_9llHvP-jYDg,raw\FakeAVCeleb_v1.2\FakeVideo-RealAudio\Caucasian (American)\men\id00049\00118_id04219_9llHvP-jYDg.mp4,1,FakeVideo-RealAudio,fsgan,id00049,id04219,-,Caucasian (American),men,train
A__id06591__00021,raw\FakeAVCeleb_v1.2\RealVideo-RealAudio\Asian (East)\men\id06591\00021.mp4,0,RealVideo-RealAudio,real,id06591,-,-,Asian (East),men,train
C__id01175__00025_id00018_sap-FjURHlc,raw\FakeAVCeleb_v1.2\FakeVideo-RealAudio\Caucasian (American)\men\id01175\00025_id00018_sap-FjURHlc.mp4,1,FakeVideo-RealAudio,fsgan,id01175,id00018,-,Caucasian (American),men,train
A__id01544__00044,raw\FakeAVCeleb_v1.2\RealVideo-RealAudio\African\men\id01544\00044.mp4,0,RealVideo-RealAudio,real,id01544,-,-,African,men,train
D__id01451__00099_id06443_wavtolip,raw\FakeAVCeleb_v1.2\FakeVideo-FakeAudio\Asian (East)\women\id01451\00099_id06443_wavtolip.mp4,1,FakeVideo-FakeAudio,wav2lip,id01451,id06443,-,Asian (East),women,train
C__id01933__00028_id02316_yrrNcmZ-xmI,raw\FakeAVCeleb_v1.2\FakeVideo-RealAudio\African\men\id01933\00028_id02316_yrrNcmZ-xmI.mp4,1,FakeVideo-RealAudio,fsgan,id01933,id02316,-,African,men,train
C__id01856__00006_id01933_wavtolip,raw\FakeAVCeleb_v1.2\FakeVideo-RealAudio\African\men\id01856\00006_id01933_wavtolip.mp4,1,FakeVideo-RealAudio,wav2lip,id01856,id01933,-,African,men,train
D__id01223__00255_id00458_wavtolip,raw\FakeAVCeleb_v1.2\FakeVideo-FakeAudio\Caucasian (American)\women\id01223\00255_id00458_wavtolip.mp4,1,FakeVideo-FakeAudio,wav2lip,id01223,id00458,-,Caucasian (American),women,train
D__id04216__00470_id00029_TGpCGl036qk_id01192_wavtolip,raw\FakeAVCeleb_v1.2\FakeVideo-FakeAudio\Caucasian (American)\men\id04216\00470_id00029_TGpCGl036qk_id01192_wavtolip.mp4,1,FakeVideo-FakeAudio,fsgan-wav2lip,id04216,id00029,id01192,Caucasian (American),men,train
C__id04070__00072_id04583_wavtolip,raw\FakeAVCeleb_v1.2\FakeVideo-RealAudio\Asian (South)\women\id04070\00072_id04583_wavtolip.mp4,1,FakeVideo-RealAudio,wav2lip,id04070,id04583,-,Asian (South),women,train
C__id00781__00092_id01972_wavtolip,raw\FakeAVCeleb_v1.2\FakeVideo-RealAudio\African\men\id00781\00092_id01972_wavtolip.mp4,1,FakeVideo-RealAudio,wav2lip,id00781,id01972,-,African,men,train
D__id01544__00044_3_id01530_wavtolip,raw\FakeAVCeleb_v1.2\FakeVideo-FakeAudio\African\men\id01544\00044_3_id01530_wavtolip.mp4,1,FakeVideo-FakeAudio,faceswap-wav2lip,id01544,3,-,African,men,train
A__id04701__00017,raw\FakeAVCeleb_v1.2\RealVideo-RealAudio\Asian (East)\women\id04701\00017.mp4,0,RealVideo-RealAudio,real,id04701,-,-,Asian (East),women,train
D__id04939__00174_id02586_dEYzYDsbAeo_faceswap_id04939_wavtolip,raw\FakeAVCeleb_v1.2\FakeVideo-FakeAudio\African\women\id04939\00174_id02586_dEYzYDsbAeo_faceswap_id04939_wavtolip.mp4,1,FakeVideo-FakeAudio,faceswap-wav2lip,id04939,id02586,faceswap,African,women,train
D__id01597__00005_2_id02494_wavtolip,raw\FakeAVCeleb_v1.2\FakeVideo-FakeAudio\African\men\id01597\00005_2_id02494_wavtolip.mp4,1,FakeVideo-FakeAudio,faceswap-wav2lip,id01597,2,-,African,men,train
D__id00618__00195_id00458_K4t1pQZL7ck_faceswap_id01223_wavtolip,raw\FakeAVCeleb_v1.2\FakeVideo-FakeAudio\Caucasian (American)\women\id00618\00195_id00458_K4t1pQZL7ck_faceswap_id01223_wavtolip.mp4,1,FakeVideo-FakeAudio,faceswap-wav2lip,id00618,id00458,faceswap,Caucasian (American),women,train
D__id06061__00002_id06060_wavtolip,raw\FakeAVCeleb_v1.2\FakeVideo-FakeAudio\Asian (East)\women\id06061\00002_id06060_wavtolip.mp4,1,FakeVideo-FakeAudio,wav2lip,id06061,id06060,-,Asian (East),women,train
D__id01281__00040_id06158_wavtolip,raw\FakeAVCeleb_v1.2\FakeVideo-FakeAudio\Asian (East)\women\id01281\00040_id06158_wavtolip.mp4,1,FakeVideo-FakeAudio,wav2lip,id01281,id06158,-,Asian (East),women,train
D__id07136__00052_id06232_wavtolip,raw\FakeAVCeleb_v1.2\FakeVideo-FakeAudio\Asian (South)\women\id07136\00052_id06232_wavtolip.mp4,1,FakeVideo-FakeAudio,wav2lip,id07136,id06232,-,Asian (South),women,train
D__id00769__00015_id04562_qio_Gs7wjvY_id00745_wavtolip,raw\FakeAVCeleb_v1.2\FakeVideo-FakeAudio\Asian (South)\men\id00769\00015_id04562_qio_Gs7wjvY_id00745_wavtolip.mp4,1,FakeVideo-FakeAudio,fsgan-wav2lip,id00769,id04562,Gs7wjvY,Asian (South),men,train
A__id00328__00092,raw\FakeAVCeleb_v1.2\RealVideo-RealAudio\Caucasian (European)\women\id00328\00092.mp4,0,RealVideo-RealAudio,real,id00328,-,-,Caucasian (European),women,train
A__id01597__00005,raw\FakeAVCeleb_v1.2\RealVideo-RealAudio\African\men\id01597\00005.mp4,0,RealVideo-RealAudio,real,id01597,-,-,African,men,train
D__id00366__00118_id01691_IVtS5z8Jrrk_id01597_wavtolip,raw\FakeAVCeleb_v1.2\FakeVideo-FakeAudio\African\men\id00366\00118_id01691_IVtS5z8Jrrk_id01597_wavtolip.mp4,1,FakeVideo-FakeAudio,fsgan-wav2lip,id00366,id01691,id01597,African,men,train
D__id06268__00159_id05435_OvX-Jv_whcU_id07686_wavtolip,raw\FakeAVCeleb_v1.2\FakeVideo-FakeAudio\Asian (South)\women\id06268\00159_id05435_OvX-Jv_whcU_id07686_wavtolip.mp4,1,FakeVideo-FakeAudio,fsgan-wav2lip,id06268,id05435,whcU,Asian (South),women,train
D__id07768__00143_id08313_wavtolip,raw\FakeAVCeleb_v1.2\FakeVideo-FakeAudio\Asian (South)\men\id07768\00143_id08313_wavtolip.mp4,1,FakeVideo-FakeAudio,wav2lip,id07768,id08313,-,Asian (South),men,train
A__id03858__00092,raw\FakeAVCeleb_v1.2\RealVideo-RealAudio\Caucasian (European)\women\id03858\00092.mp4,0,RealVideo-RealAudio,real,id03858,-,-,Caucasian (European),women,train
D__id03941__00021_id00071_wavtolip,raw\FakeAVCeleb_v1.2\FakeVideo-FakeAudio\Caucasian (European)\women\id03941\00021_id00071_wavtolip.mp4,1,FakeVideo-FakeAudio,wav2lip,id03941,id00071,-,Caucasian (European),women,train
C__id01528__00017_id01597_52WEZxe4_GE,raw\FakeAVCeleb_v1.2\FakeVideo-RealAudio\African\men\id01528\00017_id01597_52WEZxe4_GE.mp4,1,FakeVideo-RealAudio,fsgan,id01528,id01597,-,African,men,train
D__id01018__00072_id00569_gSynmpwioV4_faceswap_id00262_wavtolip,raw\FakeAVCeleb_v1.2\FakeVideo-FakeAudio\Caucasian (European)\women\id01018\00072_id00569_gSynmpwioV4_faceswap_id00262_wavtolip.mp4,1,FakeVideo-FakeAudio,faceswap-wav2lip,id01018,id00569,faceswap,Caucasian (European),women,train
B__id01691__00045_fake,raw\FakeAVCeleb_v1.2\RealVideo-FakeAudio\African\men\id01691\00045_fake.mp4,1,RealVideo-FakeAudio,rtvc,id01691,fake.mp4,-,African,men,train
A__id07051__00083,raw\FakeAVCeleb_v1.2\RealVideo-RealAudio\Asian (South)\women\id07051\00083.mp4,0,RealVideo-RealAudio,real,id07051,-,-,Asian (South),women,train
D__id00417__00069_id00739_CT-6UmfLiU0_faceswap_id04564_wavtolip,raw\FakeAVCeleb_v1.2\FakeVideo-FakeAudio\Asian (South)\women\id00417\00069_id00739_CT-6UmfLiU0_faceswap_id04564_wavtolip.mp4,1,FakeVideo-FakeAudio,faceswap-wav2lip,id00417,id00739,faceswap,Asian (South),women,train
C__id00272__00195_id00097_PchMB8-P1lw,raw\FakeAVCeleb_v1.2\FakeVideo-RealAudio\Caucasian (American)\women\id00272\00195_id00097_PchMB8-P1lw.mp4,1,FakeVideo-RealAudio,fsgan,id00272,id00097,-,Caucasian (American),women,train
A__id01231__00015,raw\FakeAVCeleb_v1.2\RealVideo-RealAudio\Caucasian (American)\women\id01231\00015.mp4,0,RealVideo-RealAudio,real,id01231,-,-,Caucasian (American),women,train
C__id06752__00221_id00080_wavtolip,raw\FakeAVCeleb_v1.2\FakeVideo-RealAudio\Asian (South)\women\id06752\00221_id00080_wavtolip.mp4,1,FakeVideo-RealAudio,wav2lip,id06752,id00080,-,Asian (South),women,train
D__id00076__00109_4_id01691_wavtolip,raw\FakeAVCeleb_v1.2\FakeVideo-FakeAudio\African\men\id00076\00109_4_id01691_wavtolip.mp4,1,FakeVideo-FakeAudio,faceswap-wav2lip,id00076,4,-,African,men,train
A__id01105__00083,raw\FakeAVCeleb_v1.2\RealVideo-RealAudio\Caucasian (American)\men\id01105\00083.mp4,0,RealVideo-RealAudio,real,id01105,-,-,Caucasian (American),men,train
A__id05435__00107,raw\FakeAVCeleb_v1.2\RealVideo-RealAudio\Asian (South)\women\id05435\00107.mp4,0,RealVideo-RealAudio,real,id05435,-,-,Asian (South),women,train
D__id04726__00245_3_id06470_wavtolip,raw\FakeAVCeleb_v1.2\FakeVideo-FakeAudio\Asian (East)\men\id04726\00245_3_id06470_wavtolip.mp4,1,FakeVideo-FakeAudio,faceswap-wav2lip,id04726,3,-,Asian (East),men,train
C__id00575__00092_id01231_XXpYdOHUF-g,raw\FakeAVCeleb_v1.2\FakeVideo-RealAudio\Caucasian (American)\women\id00575\00092_id01231_XXpYdOHUF-g.mp4,1,FakeVideo-RealAudio,fsgan,id00575,id01231,-,Caucasian (American),women,train
A__id00618__00195,raw\FakeAVCeleb_v1.2\RealVideo-RealAudio\Caucasian (American)\women\id00618\00195.mp4,0,RealVideo-RealAudio,real,id00618,-,-,Caucasian (American),women,train
C__id00180__00206_id01075_wavtolip,raw\FakeAVCeleb_v1.2\FakeVideo-RealAudio\Caucasian (American)\women\id00180\00206_id01075_wavtolip.mp4,1,FakeVideo-RealAudio,wav2lip,id00180,id01075,-,Caucasian (American),women,train
D__id03781__00113_id00458_wavtolip,raw\FakeAVCeleb_v1.2\FakeVideo-FakeAudio\Caucasian (American)\women\id03781\00113_id00458_wavtolip.mp4,1,FakeVideo-FakeAudio,wav2lip,id03781,id00458,-,Caucasian (American),women,train
D__id01076__00005_id01972_hBYoeQTm8ZQ_id01530_wavtolip,raw\FakeAVCeleb_v1.2\FakeVideo-FakeAudio\African\men\id01076\00005_id01972_hBYoeQTm8ZQ_id01530_wavtolip.mp4,1,FakeVideo-FakeAudio,fsgan-wav2lip,id01076,id01972,id01530,African,men,train
B__id01215__00001_fake,raw\FakeAVCeleb_v1.2\RealVideo-FakeAudio\Asian (East)\men\id01215\00001_fake.mp4,1,RealVideo-FakeAudio,rtvc,id01215,fake.mp4,-,Asian (East),men,train
C__id01528__00017_id01933_I5XXxgK7QpE,raw\FakeAVCeleb_v1.2\FakeVideo-RealAudio\African\men\id01528\00017_id01933_I5XXxgK7QpE.mp4,1,FakeVideo-RealAudio,fsgan,id01528,id01933,-,African,men,train
C__id00235__00052_0,raw\FakeAVCeleb_v1.2\FakeVideo-RealAudio\Asian (South)\women\id00235\00052_0.mp4,1,FakeVideo-RealAudio,faceswap,id00235,0.mp4,-,Asian (South),women,train
